{
  "question": "What does the standard 2-layer GraphSAGE-v2 achieve on this split?",
  "diagnostics": {
    "variant": "v2",
    "sampler": "degree-weighted",
    "batch_size": 64,
    "effective_fanouts": [
      10,
      5
    ],
    "num_batches_last_epoch": 3,
    "avg_target_nodes_per_batch": 46.666666666666664,
    "avg_local_nodes_per_batch": 551.0,
    "avg_sampled_links_per_batch": 1047.3333333333333,
    "avg_layer_active_counts": [
      181.83333333333334,
      46.666666666666664
    ],
    "avg_layer_expanded_counts": [
      551.0,
      181.83333333333334
    ],
    "avg_epoch_seconds": 0.19082572900515515,
    "total_training_seconds": 0.3816514580103103
  }
}