{
  "train_accuracy": 0.95,
  "val_accuracy": 0.6383838383838384,
  "test_accuracy": 0.6252525252525253,
  "num_train_nodes": 80,
  "num_val_nodes": 495,
  "num_test_nodes": 990,
  "num_layers": 2,
  "avg_epoch_seconds": 0.01867082715575816,
  "num_batches_last_epoch": 2.0,
  "avg_local_nodes_per_batch": 953.85
}