{
  "train_accuracy": 0.9875,
  "val_accuracy": 0.6484848484848484,
  "test_accuracy": 0.6242424242424243,
  "num_train_nodes": 80,
  "num_val_nodes": 495,
  "num_test_nodes": 990,
  "num_layers": 1,
  "avg_epoch_seconds": 0.0083672266798676,
  "num_batches_last_epoch": 2.0,
  "avg_local_nodes_per_batch": 369.808
}