2026-09-21 09:44:54,414 INFO     run_e028d  run run_e028d -> logs/run_e028d-2026-09-21-094454.log
2026-09-21 09:44:54,415 INFO     run_e028d  config {"arm": "ROME's update rule at L5 (400 steps) \u2014 the collinearity control, NOT EasyEdit's shipped config", "bands": {"BUDGET": "<= 4.31", "LAYER": ">= 7.73"}, "known_cells": {"P(L20,400)": 3.59, "P(L5,25)": 9.66}, "model": "meta-llama/Llama-3.1-8B", "n": 12, "thread": "T-079", "ticket": "E-028d"}
2026-09-21 09:44:56,546 INFO     run_e028d  optimising L5 at 400 steps for 12 specs
2026-09-21 09:44:59,022 WARNING  remote  transport failure (NNsightException: Traceback (most recent call last):  RemoteException: Module nnsight.intervention.batching is not whitelisted) during pre-edit essence pass, layer 5, attempt 1/8; retrying in 1s
2026-09-21 09:45:31,360 WARNING  remote  transport failure (NNsightException: Traceback (most recent call last):  RemoteException: Module nnsight.intervention.batching is not whitelisted) during k* read for 'Henry Mackenzie', attempt 1/8; retrying in 1s
2026-09-21 09:45:37,667 WARNING  remote  transport failure (NNsightException: Traceback (most recent call last):  RemoteException: Module nnsight.intervention.batching is not whitelisted) during k* read for 'Maurice de Vlaminck', attempt 1/8; retrying in 1s
2026-09-21 09:45:43,507 WARNING  remote  transport failure (NNsightException: Traceback (most recent call last):  RemoteException: Module nnsight.intervention.batching is not whitelisted) during k* read for 'Rio Natsuki', attempt 1/8; retrying in 1s
2026-09-21 09:45:48,956 WARNING  remote  transport failure (NNsightException: Traceback (most recent call last):  RemoteException: Module nnsight.intervention.batching is not whitelisted) during k* read for 'Lunice', attempt 1/8; retrying in 1s
2026-09-21 09:45:54,281 WARNING  remote  transport failure (NNsightException: Traceback (most recent call last):  RemoteException: Module nnsight.intervention.batching is not whitelisted) during k* read for 'Charles Nungesser', attempt 1/8; retrying in 1s
2026-09-21 09:45:59,740 WARNING  remote  transport failure (NNsightException: Traceback (most recent call last):  RemoteException: Module nnsight.intervention.batching is not whitelisted) during k* read for 'Clark Durant', attempt 1/8; retrying in 1s
2026-09-21 09:46:05,212 WARNING  remote  transport failure (NNsightException: Traceback (most recent call last):  RemoteException: Module nnsight.intervention.batching is not whitelisted) during k* read for 'Matias Kupiainen', attempt 1/8; retrying in 1s
2026-09-21 09:46:10,637 WARNING  remote  transport failure (NNsightException: Traceback (most recent call last):  RemoteException: Module nnsight.intervention.batching is not whitelisted) during k* read for 'Maria Altmann', attempt 1/8; retrying in 1s
2026-09-21 09:46:16,289 WARNING  remote  transport failure (NNsightException: Traceback (most recent call last):  RemoteException: Module nnsight.intervention.batching is not whitelisted) during k* read for 'Yona Friedman', attempt 1/8; retrying in 1s
2026-09-21 09:46:21,685 WARNING  remote  transport failure (NNsightException: Traceback (most recent call last):  RemoteException: Module nnsight.intervention.batching is not whitelisted) during k* read for 'Silvia Abascal', attempt 1/8; retrying in 1s
2026-09-21 09:46:27,088 WARNING  remote  transport failure (NNsightException: Traceback (most recent call last):  RemoteException: Module nnsight.intervention.batching is not whitelisted) during k* read for 'Charles Montague Cooke, Jr.', attempt 1/8; retrying in 1s
2026-09-21 09:46:32,540 WARNING  remote  transport failure (NNsightException: Traceback (most recent call last):  RemoteException: Module nnsight.intervention.batching is not whitelisted) during k* read for 'James Forten', attempt 1/8; retrying in 1s
2026-09-21 09:46:39,954 WARNING  edit  transport failure (NNsightException: Traceback (most recent call last):  RemoteException: Module nnsight.intervention.batching is not whitelisted) on v* step 1 attempt 1/8; retrying in 1s
2026-09-21 09:46:47,329 DEBUG    edit  batch step  1/400  summed loss 104.8225
2026-09-21 09:46:51,178 WARNING  edit  transport failure (NNsightException: Traceback (most recent call last):  RemoteException: Module nnsight.intervention.batching is not whitelisted) on v* step 2 attempt 1/8; retrying in 1s
2026-09-21 09:46:58,803 DEBUG    edit  batch step  2/400  summed loss 58.1837
2026-09-21 09:47:02,572 WARNING  edit  transport failure (NNsightException: Traceback (most recent call last):  RemoteException: Module nnsight.intervention.batching is not whitelisted) on v* step 3 attempt 1/8; retrying in 1s
2026-09-21 09:47:09,591 DEBUG    edit  batch step  3/400  summed loss 36.6387
2026-09-21 09:47:13,175 WARNING  edit  transport failure (NNsightException: Traceback (most recent call last):  RemoteException: Module nnsight.intervention.batching is not whitelisted) on v* step 4 attempt 1/8; retrying in 1s
2026-09-21 09:47:20,750 DEBUG    edit  batch step  4/400  summed loss 18.2558
2026-09-21 09:47:24,478 WARNING  edit  transport failure (NNsightException: Traceback (most recent call last):  RemoteException: Module nnsight.intervention.batching is not whitelisted) on v* step 5 attempt 1/8; retrying in 1s
2026-09-21 09:47:32,172 DEBUG    edit  batch step  5/400  summed loss 11.9684
2026-09-21 09:47:36,276 WARNING  edit  transport failure (NNsightException: Traceback (most recent call last):  RemoteException: Module nnsight.intervention.batching is not whitelisted) on v* step 6 attempt 1/8; retrying in 1s
2026-09-21 09:47:43,745 DEBUG    edit  batch step  6/400  summed loss 9.1606
2026-09-21 09:47:47,281 WARNING  edit  transport failure (NNsightException: Traceback (most recent call last):  RemoteException: Module nnsight.intervention.batching is not whitelisted) on v* step 7 attempt 1/8; retrying in 1s
2026-09-21 09:47:54,997 DEBUG    edit  batch step  7/400  summed loss 8.7327
2026-09-21 09:47:58,768 WARNING  edit  transport failure (NNsightException: Traceback (most recent call last):  RemoteException: Module nnsight.intervention.batching is not whitelisted) on v* step 8 attempt 1/8; retrying in 1s
2026-09-21 09:48:06,281 DEBUG    edit  batch step  8/400  summed loss 10.1087
2026-09-21 09:48:10,047 WARNING  edit  transport failure (NNsightException: Traceback (most recent call last):  RemoteException: Module nnsight.intervention.batching is not whitelisted) on v* step 9 attempt 1/8; retrying in 1s
2026-09-21 09:48:17,359 DEBUG    edit  batch step  9/400  summed loss 5.1602
2026-09-21 09:48:21,466 WARNING  edit  transport failure (NNsightException: Traceback (most recent call last):  RemoteException: Module nnsight.intervention.batching is not whitelisted) on v* step 10 attempt 1/8; retrying in 1s
2026-09-21 09:48:28,906 DEBUG    edit  batch step 10/400  summed loss 4.5350
2026-09-21 09:48:32,716 WARNING  edit  transport failure (NNsightException: Traceback (most recent call last):  RemoteException: Module nnsight.intervention.batching is not whitelisted) on v* step 11 attempt 1/8; retrying in 1s
2026-09-21 09:48:40,025 DEBUG    edit  batch step 11/400  summed loss 4.2428
2026-09-21 09:48:43,593 WARNING  edit  transport failure (NNsightException: Traceback (most recent call last):  RemoteException: Module nnsight.intervention.batching is not whitelisted) on v* step 12 attempt 1/8; retrying in 1s
2026-09-21 09:48:51,173 DEBUG    edit  batch step 12/400  summed loss 4.1449
2026-09-21 09:48:54,721 WARNING  edit  transport failure (NNsightException: Traceback (most recent call last):  RemoteException: Module nnsight.intervention.batching is not whitelisted) on v* step 13 attempt 1/8; retrying in 1s
2026-09-21 09:49:01,769 DEBUG    edit  batch step 13/400  summed loss 4.0886
2026-09-21 09:49:05,588 WARNING  edit  transport failure (NNsightException: Traceback (most recent call last):  RemoteException: Module nnsight.intervention.batching is not whitelisted) on v* step 14 attempt 1/8; retrying in 1s
2026-09-21 09:49:12,920 DEBUG    edit  batch step 14/400  summed loss 4.0349
2026-09-21 09:49:16,957 WARNING  edit  transport failure (NNsightException: Traceback (most recent call last):  RemoteException: Module nnsight.intervention.batching is not whitelisted) on v* step 15 attempt 1/8; retrying in 1s
2026-09-21 09:49:24,472 DEBUG    edit  batch step 15/400  summed loss 3.9921
2026-09-21 09:49:28,816 WARNING  edit  transport failure (NNsightException: Traceback (most recent call last):  RemoteException: Module nnsight.intervention.batching is not whitelisted) on v* step 16 attempt 1/8; retrying in 1s
2026-09-21 09:49:35,948 DEBUG    edit  batch step 16/400  summed loss 3.9873
2026-09-21 09:49:42,711 WARNING  edit  transport failure (NNsightException: Traceback (most recent call last):  RemoteException: Module nnsight.intervention.batching is not whitelisted) on v* step 17 attempt 1/8; retrying in 1s
2026-09-21 09:49:50,394 DEBUG    edit  batch step 17/400  summed loss 3.9638
2026-09-21 09:49:53,947 WARNING  edit  transport failure (NNsightException: Traceback (most recent call last):  RemoteException: Module nnsight.intervention.batching is not whitelisted) on v* step 18 attempt 1/8; retrying in 1s
2026-09-21 09:50:01,775 DEBUG    edit  batch step 18/400  summed loss 3.9495
2026-09-21 09:50:05,526 WARNING  edit  transport failure (NNsightException: Traceback (most recent call last):  RemoteException: Module nnsight.intervention.batching is not whitelisted) on v* step 19 attempt 1/8; retrying in 1s
2026-09-21 09:50:12,851 DEBUG    edit  batch step 19/400  summed loss 3.9330
2026-09-21 09:50:16,637 WARNING  edit  transport failure (NNsightException: Traceback (most recent call last):  RemoteException: Module nnsight.intervention.batching is not whitelisted) on v* step 20 attempt 1/8; retrying in 1s
2026-09-21 09:50:24,072 DEBUG    edit  batch step 20/400  summed loss 3.9299
2026-09-21 09:50:27,854 WARNING  edit  transport failure (NNsightException: Traceback (most recent call last):  RemoteException: Module nnsight.intervention.batching is not whitelisted) on v* step 21 attempt 1/8; retrying in 1s
2026-09-21 09:50:35,170 DEBUG    edit  batch step 21/400  summed loss 3.9086
2026-09-21 09:50:39,310 WARNING  edit  transport failure (NNsightException: Traceback (most recent call last):  RemoteException: Module nnsight.intervention.batching is not whitelisted) on v* step 22 attempt 1/8; retrying in 1s
2026-09-21 09:50:48,586 DEBUG    edit  batch step 22/400  summed loss 3.8984
2026-09-21 09:50:52,608 WARNING  edit  transport failure (NNsightException: Traceback (most recent call last):  RemoteException: Module nnsight.intervention.batching is not whitelisted) on v* step 23 attempt 1/8; retrying in 1s
2026-09-21 09:50:59,743 DEBUG    edit  batch step 23/400  summed loss 3.9017
2026-09-21 09:51:03,344 WARNING  edit  transport failure (NNsightException: Traceback (most recent call last):  RemoteException: Module nnsight.intervention.batching is not whitelisted) on v* step 24 attempt 1/8; retrying in 1s
2026-09-21 09:51:13,219 DEBUG    edit  batch step 24/400  summed loss 3.8896
2026-09-21 09:51:16,717 WARNING  edit  transport failure (NNsightException: Traceback (most recent call last):  RemoteException: Module nnsight.intervention.batching is not whitelisted) on v* step 25 attempt 1/8; retrying in 1s
2026-09-21 09:51:23,857 DEBUG    edit  batch step 25/400  summed loss 3.8917
2026-09-21 09:51:27,623 WARNING  edit  transport failure (NNsightException: Traceback (most recent call last):  RemoteException: Module nnsight.intervention.batching is not whitelisted) on v* step 26 attempt 1/8; retrying in 1s
2026-09-21 09:51:34,861 DEBUG    edit  batch step 26/400  summed loss 3.8903
2026-09-21 09:51:38,456 WARNING  edit  transport failure (NNsightException: Traceback (most recent call last):  RemoteException: Module nnsight.intervention.batching is not whitelisted) on v* step 27 attempt 1/8; retrying in 1s
2026-09-21 09:51:45,898 DEBUG    edit  batch step 27/400  summed loss 3.8988
2026-09-21 09:51:49,660 WARNING  edit  transport failure (NNsightException: Traceback (most recent call last):  RemoteException: Module nnsight.intervention.batching is not whitelisted) on v* step 28 attempt 1/8; retrying in 1s
2026-09-21 09:51:56,804 DEBUG    edit  batch step 28/400  summed loss 3.8928
2026-09-21 09:52:00,340 WARNING  edit  transport failure (NNsightException: Traceback (most recent call last):  RemoteException: Module nnsight.intervention.batching is not whitelisted) on v* step 29 attempt 1/8; retrying in 1s
2026-09-21 09:52:08,287 DEBUG    edit  batch step 29/400  summed loss 3.8931
2026-09-21 09:52:12,400 WARNING  edit  transport failure (NNsightException: Traceback (most recent call last):  RemoteException: Module nnsight.intervention.batching is not whitelisted) on v* step 30 attempt 1/8; retrying in 1s
2026-09-21 09:52:19,779 DEBUG    edit  batch step 30/400  summed loss 3.9106
2026-09-21 09:52:23,360 WARNING  edit  transport failure (NNsightException: Traceback (most recent call last):  RemoteException: Module nnsight.intervention.batching is not whitelisted) on v* step 31 attempt 1/8; retrying in 1s
2026-09-21 09:52:30,551 DEBUG    edit  batch step 31/400  summed loss 3.9051
2026-09-21 09:52:35,237 WARNING  edit  transport failure (NNsightException: Traceback (most recent call last):  RemoteException: Module nnsight.intervention.batching is not whitelisted) on v* step 32 attempt 1/8; retrying in 1s
2026-09-21 09:52:42,807 DEBUG    edit  batch step 32/400  summed loss 3.9199
2026-09-21 09:52:46,882 WARNING  edit  transport failure (NNsightException: Traceback (most recent call last):  RemoteException: Module nnsight.intervention.batching is not whitelisted) on v* step 33 attempt 1/8; retrying in 1s
2026-09-21 09:52:55,697 DEBUG    edit  batch step 33/400  summed loss 3.9360
2026-09-21 09:52:59,890 WARNING  edit  transport failure (NNsightException: Traceback (most recent call last):  RemoteException: Module nnsight.intervention.batching is not whitelisted) on v* step 34 attempt 1/8; retrying in 1s
2026-09-21 09:53:07,234 DEBUG    edit  batch step 34/400  summed loss 3.9420
2026-09-21 09:53:11,188 WARNING  edit  transport failure (NNsightException: Traceback (most recent call last):  RemoteException: Module nnsight.intervention.batching is not whitelisted) on v* step 35 attempt 1/8; retrying in 1s
2026-09-21 09:53:18,664 DEBUG    edit  batch step 35/400  summed loss 3.9611
2026-09-21 09:53:22,369 WARNING  edit  transport failure (NNsightException: Traceback (most recent call last):  RemoteException: Module nnsight.intervention.batching is not whitelisted) on v* step 36 attempt 1/8; retrying in 1s
2026-09-21 09:53:30,736 DEBUG    edit  batch step 36/400  summed loss 3.9764
2026-09-21 09:53:34,277 WARNING  edit  transport failure (NNsightException: Traceback (most recent call last):  RemoteException: Module nnsight.intervention.batching is not whitelisted) on v* step 37 attempt 1/8; retrying in 1s
2026-09-21 09:53:42,848 DEBUG    edit  batch step 37/400  summed loss 4.0013
2026-09-21 09:53:47,008 WARNING  edit  transport failure (NNsightException: Traceback (most recent call last):  RemoteException: Module nnsight.intervention.batching is not whitelisted) on v* step 38 attempt 1/8; retrying in 1s
2026-09-21 09:53:54,761 DEBUG    edit  batch step 38/400  summed loss 4.0121
2026-09-21 09:53:58,957 WARNING  edit  transport failure (NNsightException: Traceback (most recent call last):  RemoteException: Module nnsight.intervention.batching is not whitelisted) on v* step 39 attempt 1/8; retrying in 1s
2026-09-21 09:54:05,940 DEBUG    edit  batch step 39/400  summed loss 4.0303
2026-09-21 09:54:09,617 WARNING  edit  transport failure (NNsightException: Traceback (most recent call last):  RemoteException: Module nnsight.intervention.batching is not whitelisted) on v* step 40 attempt 1/8; retrying in 1s
2026-09-21 09:54:21,165 DEBUG    edit  batch step 40/400  summed loss 4.0690
2026-09-21 09:54:25,359 WARNING  edit  transport failure (NNsightException: Traceback (most recent call last):  RemoteException: Module nnsight.intervention.batching is not whitelisted) on v* step 41 attempt 1/8; retrying in 1s
2026-09-21 09:54:32,515 DEBUG    edit  batch step 41/400  summed loss 4.0815
2026-09-21 09:54:36,290 WARNING  edit  transport failure (NNsightException: Traceback (most recent call last):  RemoteException: Module nnsight.intervention.batching is not whitelisted) on v* step 42 attempt 1/8; retrying in 1s
2026-09-21 09:54:44,572 DEBUG    edit  batch step 42/400  summed loss 4.0995
2026-09-21 09:54:48,403 WARNING  edit  transport failure (NNsightException: Traceback (most recent call last):  RemoteException: Module nnsight.intervention.batching is not whitelisted) on v* step 43 attempt 1/8; retrying in 1s
2026-09-21 09:54:55,625 DEBUG    edit  batch step 43/400  summed loss 4.1258
2026-09-21 09:54:59,437 WARNING  edit  transport failure (NNsightException: Traceback (most recent call last):  RemoteException: Module nnsight.intervention.batching is not whitelisted) on v* step 44 attempt 1/8; retrying in 1s
2026-09-21 09:55:07,496 DEBUG    edit  batch step 44/400  summed loss 4.1326
2026-09-21 09:55:11,638 WARNING  edit  transport failure (NNsightException: Traceback (most recent call last):  RemoteException: Module nnsight.intervention.batching is not whitelisted) on v* step 45 attempt 1/8; retrying in 1s
2026-09-21 09:55:18,924 DEBUG    edit  batch step 45/400  summed loss 4.1375
2026-09-21 09:55:22,605 WARNING  edit  transport failure (NNsightException: Traceback (most recent call last):  RemoteException: Module nnsight.intervention.batching is not whitelisted) on v* step 46 attempt 1/8; retrying in 1s
2026-09-21 09:55:30,217 DEBUG    edit  batch step 46/400  summed loss 4.1477
2026-09-21 09:55:33,918 WARNING  edit  transport failure (NNsightException: Traceback (most recent call last):  RemoteException: Module nnsight.intervention.batching is not whitelisted) on v* step 47 attempt 1/8; retrying in 1s
2026-09-21 09:55:41,232 DEBUG    edit  batch step 47/400  summed loss 4.1711
2026-09-21 09:55:45,469 WARNING  edit  transport failure (NNsightException: Traceback (most recent call last):  RemoteException: Module nnsight.intervention.batching is not whitelisted) on v* step 48 attempt 1/8; retrying in 1s
2026-09-21 09:55:52,931 DEBUG    edit  batch step 48/400  summed loss 4.1848
2026-09-21 09:55:56,615 WARNING  edit  transport failure (NNsightException: Traceback (most recent call last):  RemoteException: Module nnsight.intervention.batching is not whitelisted) on v* step 49 attempt 1/8; retrying in 1s
2026-09-21 09:56:03,851 DEBUG    edit  batch step 49/400  summed loss 4.2063
2026-09-21 09:56:07,828 WARNING  edit  transport failure (NNsightException: Traceback (most recent call last):  RemoteException: Module nnsight.intervention.batching is not whitelisted) on v* step 50 attempt 1/8; retrying in 1s
2026-09-21 09:56:14,959 DEBUG    edit  batch step 50/400  summed loss 4.2088
2026-09-21 09:56:18,940 WARNING  edit  transport failure (NNsightException: Traceback (most recent call last):  RemoteException: Module nnsight.intervention.batching is not whitelisted) on v* step 51 attempt 1/8; retrying in 1s
2026-09-21 09:56:26,107 DEBUG    edit  batch step 51/400  summed loss 4.2238
2026-09-21 09:56:30,304 WARNING  edit  transport failure (NNsightException: Traceback (most recent call last):  RemoteException: Module nnsight.intervention.batching is not whitelisted) on v* step 52 attempt 1/8; retrying in 1s
2026-09-21 09:56:41,484 DEBUG    edit  batch step 52/400  summed loss 4.2412
2026-09-21 09:56:45,386 WARNING  edit  transport failure (NNsightException: Traceback (most recent call last):  RemoteException: Module nnsight.intervention.batching is not whitelisted) on v* step 53 attempt 1/8; retrying in 1s
2026-09-21 09:56:52,969 DEBUG    edit  batch step 53/400  summed loss 4.2395
2026-09-21 09:56:57,307 WARNING  edit  transport failure (NNsightException: Traceback (most recent call last):  RemoteException: Module nnsight.intervention.batching is not whitelisted) on v* step 54 attempt 1/8; retrying in 1s
2026-09-21 09:57:04,995 DEBUG    edit  batch step 54/400  summed loss 4.2541
2026-09-21 09:57:08,728 WARNING  edit  transport failure (NNsightException: Traceback (most recent call last):  RemoteException: Module nnsight.intervention.batching is not whitelisted) on v* step 55 attempt 1/8; retrying in 1s
2026-09-21 09:57:15,969 DEBUG    edit  batch step 55/400  summed loss 4.2585
2026-09-21 09:57:19,776 WARNING  edit  transport failure (NNsightException: Traceback (most recent call last):  RemoteException: Module nnsight.intervention.batching is not whitelisted) on v* step 56 attempt 1/8; retrying in 1s
2026-09-21 09:57:29,041 DEBUG    edit  batch step 56/400  summed loss 4.2734
2026-09-21 09:57:32,797 WARNING  edit  transport failure (NNsightException: Traceback (most recent call last):  RemoteException: Module nnsight.intervention.batching is not whitelisted) on v* step 57 attempt 1/8; retrying in 1s
2026-09-21 09:57:41,036 DEBUG    edit  batch step 57/400  summed loss 4.2752
2026-09-21 09:57:44,796 WARNING  edit  transport failure (NNsightException: Traceback (most recent call last):  RemoteException: Module nnsight.intervention.batching is not whitelisted) on v* step 58 attempt 1/8; retrying in 1s
2026-09-21 09:57:52,624 DEBUG    edit  batch step 58/400  summed loss 4.2730
2026-09-21 09:57:56,770 WARNING  edit  transport failure (NNsightException: Traceback (most recent call last):  RemoteException: Module nnsight.intervention.batching is not whitelisted) on v* step 59 attempt 1/8; retrying in 1s
2026-09-21 09:58:04,029 DEBUG    edit  batch step 59/400  summed loss 4.2854
2026-09-21 09:58:08,669 WARNING  edit  transport failure (NNsightException: Traceback (most recent call last):  RemoteException: Module nnsight.intervention.batching is not whitelisted) on v* step 60 attempt 1/8; retrying in 1s
2026-09-21 09:58:15,831 DEBUG    edit  batch step 60/400  summed loss 4.2910
2026-09-21 09:58:19,522 WARNING  edit  transport failure (NNsightException: Traceback (most recent call last):  RemoteException: Module nnsight.intervention.batching is not whitelisted) on v* step 61 attempt 1/8; retrying in 1s
2026-09-21 09:58:27,351 DEBUG    edit  batch step 61/400  summed loss 4.2872
2026-09-21 09:58:31,515 WARNING  edit  transport failure (NNsightException: Traceback (most recent call last):  RemoteException: Module nnsight.intervention.batching is not whitelisted) on v* step 62 attempt 1/8; retrying in 1s
2026-09-21 09:58:40,051 DEBUG    edit  batch step 62/400  summed loss 4.2916
2026-09-21 09:58:43,993 WARNING  edit  transport failure (NNsightException: Traceback (most recent call last):  RemoteException: Module nnsight.intervention.batching is not whitelisted) on v* step 63 attempt 1/8; retrying in 1s
2026-09-21 09:58:51,159 DEBUG    edit  batch step 63/400  summed loss 4.3039
2026-09-21 09:58:55,263 WARNING  edit  transport failure (NNsightException: Traceback (most recent call last):  RemoteException: Module nnsight.intervention.batching is not whitelisted) on v* step 64 attempt 1/8; retrying in 1s
2026-09-21 09:59:03,577 DEBUG    edit  batch step 64/400  summed loss 4.3003
2026-09-21 09:59:07,352 WARNING  edit  transport failure (NNsightException: Traceback (most recent call last):  RemoteException: Module nnsight.intervention.batching is not whitelisted) on v* step 65 attempt 1/8; retrying in 1s
2026-09-21 09:59:14,862 DEBUG    edit  batch step 65/400  summed loss 4.3129
2026-09-21 09:59:18,425 WARNING  edit  transport failure (NNsightException: Traceback (most recent call last):  RemoteException: Module nnsight.intervention.batching is not whitelisted) on v* step 66 attempt 1/8; retrying in 1s
2026-09-21 09:59:26,337 DEBUG    edit  batch step 66/400  summed loss 4.3111
2026-09-21 09:59:30,059 WARNING  edit  transport failure (NNsightException: Traceback (most recent call last):  RemoteException: Module nnsight.intervention.batching is not whitelisted) on v* step 67 attempt 1/8; retrying in 1s
2026-09-21 09:59:37,142 DEBUG    edit  batch step 67/400  summed loss 4.2974
2026-09-21 09:59:41,201 WARNING  edit  transport failure (NNsightException: Traceback (most recent call last):  RemoteException: Module nnsight.intervention.batching is not whitelisted) on v* step 68 attempt 1/8; retrying in 1s
2026-09-21 09:59:48,389 DEBUG    edit  batch step 68/400  summed loss 4.3131
2026-09-21 09:59:51,895 WARNING  edit  transport failure (NNsightException: Traceback (most recent call last):  RemoteException: Module nnsight.intervention.batching is not whitelisted) on v* step 69 attempt 1/8; retrying in 1s
2026-09-21 10:00:00,002 DEBUG    edit  batch step 69/400  summed loss 4.3120
2026-09-21 10:00:03,620 WARNING  edit  transport failure (NNsightException: Traceback (most recent call last):  RemoteException: Module nnsight.intervention.batching is not whitelisted) on v* step 70 attempt 1/8; retrying in 1s
2026-09-21 10:00:11,314 DEBUG    edit  batch step 70/400  summed loss 4.3076
2026-09-21 10:00:15,188 WARNING  edit  transport failure (NNsightException: Traceback (most recent call last):  RemoteException: Module nnsight.intervention.batching is not whitelisted) on v* step 71 attempt 1/8; retrying in 1s
2026-09-21 10:00:22,524 DEBUG    edit  batch step 71/400  summed loss 4.3213
2026-09-21 10:00:26,674 WARNING  edit  transport failure (NNsightException: Traceback (most recent call last):  RemoteException: Module nnsight.intervention.batching is not whitelisted) on v* step 72 attempt 1/8; retrying in 1s
2026-09-21 10:00:34,626 DEBUG    edit  batch step 72/400  summed loss 4.3044
2026-09-21 10:00:38,556 WARNING  edit  transport failure (NNsightException: Traceback (most recent call last):  RemoteException: Module nnsight.intervention.batching is not whitelisted) on v* step 73 attempt 1/8; retrying in 1s
2026-09-21 10:00:47,126 DEBUG    edit  batch step 73/400  summed loss 4.3098
2026-09-21 10:00:50,926 WARNING  edit  transport failure (NNsightException: Traceback (most recent call last):  RemoteException: Module nnsight.intervention.batching is not whitelisted) on v* step 74 attempt 1/8; retrying in 1s
2026-09-21 10:00:58,123 DEBUG    edit  batch step 74/400  summed loss 4.3342
2026-09-21 10:01:01,773 WARNING  edit  transport failure (NNsightException: Traceback (most recent call last):  RemoteException: Module nnsight.intervention.batching is not whitelisted) on v* step 75 attempt 1/8; retrying in 1s
2026-09-21 10:01:10,785 DEBUG    edit  batch step 75/400  summed loss 4.3202
2026-09-21 10:01:14,921 WARNING  edit  transport failure (NNsightException: Traceback (most recent call last):  RemoteException: Module nnsight.intervention.batching is not whitelisted) on v* step 76 attempt 1/8; retrying in 1s
2026-09-21 10:01:22,724 DEBUG    edit  batch step 76/400  summed loss 4.3138
2026-09-21 10:01:26,441 WARNING  edit  transport failure (NNsightException: Traceback (most recent call last):  RemoteException: Module nnsight.intervention.batching is not whitelisted) on v* step 77 attempt 1/8; retrying in 1s
2026-09-21 10:01:34,473 DEBUG    edit  batch step 77/400  summed loss 4.3175
2026-09-21 10:01:38,441 WARNING  edit  transport failure (NNsightException: Traceback (most recent call last):  RemoteException: Module nnsight.intervention.batching is not whitelisted) on v* step 78 attempt 1/8; retrying in 1s
2026-09-21 10:01:46,070 DEBUG    edit  batch step 78/400  summed loss 4.3343
2026-09-21 10:01:50,065 WARNING  edit  transport failure (NNsightException: Traceback (most recent call last):  RemoteException: Module nnsight.intervention.batching is not whitelisted) on v* step 79 attempt 1/8; retrying in 1s
2026-09-21 10:01:59,715 DEBUG    edit  batch step 79/400  summed loss 4.3139
2026-09-21 10:02:03,798 WARNING  edit  transport failure (NNsightException: Traceback (most recent call last):  RemoteException: Module nnsight.intervention.batching is not whitelisted) on v* step 80 attempt 1/8; retrying in 1s
2026-09-21 10:02:11,642 DEBUG    edit  batch step 80/400  summed loss 4.3259
2026-09-21 10:02:15,139 WARNING  edit  transport failure (NNsightException: Traceback (most recent call last):  RemoteException: Module nnsight.intervention.batching is not whitelisted) on v* step 81 attempt 1/8; retrying in 1s
2026-09-21 10:02:23,234 DEBUG    edit  batch step 81/400  summed loss 4.3114
2026-09-21 10:02:26,846 WARNING  edit  transport failure (NNsightException: Traceback (most recent call last):  RemoteException: Module nnsight.intervention.batching is not whitelisted) on v* step 82 attempt 1/8; retrying in 1s
2026-09-21 10:02:34,616 DEBUG    edit  batch step 82/400  summed loss 4.3334
2026-09-21 10:02:38,387 WARNING  edit  transport failure (NNsightException: Traceback (most recent call last):  RemoteException: Module nnsight.intervention.batching is not whitelisted) on v* step 83 attempt 1/8; retrying in 1s
2026-09-21 10:02:46,281 DEBUG    edit  batch step 83/400  summed loss 4.3431
2026-09-21 10:02:49,999 WARNING  edit  transport failure (NNsightException: Traceback (most recent call last):  RemoteException: Module nnsight.intervention.batching is not whitelisted) on v* step 84 attempt 1/8; retrying in 1s
2026-09-21 10:02:57,032 DEBUG    edit  batch step 84/400  summed loss 4.3448
2026-09-21 10:03:00,608 WARNING  edit  transport failure (NNsightException: Traceback (most recent call last):  RemoteException: Module nnsight.intervention.batching is not whitelisted) on v* step 85 attempt 1/8; retrying in 1s
2026-09-21 10:03:09,506 DEBUG    edit  batch step 85/400  summed loss 4.3337
2026-09-21 10:03:13,261 WARNING  edit  transport failure (NNsightException: Traceback (most recent call last):  RemoteException: Module nnsight.intervention.batching is not whitelisted) on v* step 86 attempt 1/8; retrying in 1s
2026-09-21 10:03:20,795 DEBUG    edit  batch step 86/400  summed loss 4.3301
2026-09-21 10:03:24,594 WARNING  edit  transport failure (NNsightException: Traceback (most recent call last):  RemoteException: Module nnsight.intervention.batching is not whitelisted) on v* step 87 attempt 1/8; retrying in 1s
2026-09-21 10:03:31,795 DEBUG    edit  batch step 87/400  summed loss 4.3347
2026-09-21 10:03:35,539 WARNING  edit  transport failure (NNsightException: Traceback (most recent call last):  RemoteException: Module nnsight.intervention.batching is not whitelisted) on v* step 88 attempt 1/8; retrying in 1s
2026-09-21 10:03:42,858 DEBUG    edit  batch step 88/400  summed loss 4.3546
2026-09-21 10:03:46,399 WARNING  edit  transport failure (NNsightException: Traceback (most recent call last):  RemoteException: Module nnsight.intervention.batching is not whitelisted) on v* step 89 attempt 1/8; retrying in 1s
2026-09-21 10:03:53,437 DEBUG    edit  batch step 89/400  summed loss 4.3478
2026-09-21 10:03:57,031 WARNING  edit  transport failure (NNsightException: Traceback (most recent call last):  RemoteException: Module nnsight.intervention.batching is not whitelisted) on v* step 90 attempt 1/8; retrying in 1s
2026-09-21 10:04:04,468 DEBUG    edit  batch step 90/400  summed loss 4.3436
2026-09-21 10:04:08,015 WARNING  edit  transport failure (NNsightException: Traceback (most recent call last):  RemoteException: Module nnsight.intervention.batching is not whitelisted) on v* step 91 attempt 1/8; retrying in 1s
2026-09-21 10:04:15,137 DEBUG    edit  batch step 91/400  summed loss 4.3496
2026-09-21 10:04:19,333 WARNING  edit  transport failure (NNsightException: Traceback (most recent call last):  RemoteException: Module nnsight.intervention.batching is not whitelisted) on v* step 92 attempt 1/8; retrying in 1s
2026-09-21 10:04:26,563 DEBUG    edit  batch step 92/400  summed loss 4.3547
2026-09-21 10:04:30,138 WARNING  edit  transport failure (NNsightException: Traceback (most recent call last):  RemoteException: Module nnsight.intervention.batching is not whitelisted) on v* step 93 attempt 1/8; retrying in 1s
2026-09-21 10:04:37,230 DEBUG    edit  batch step 93/400  summed loss 4.3347
2026-09-21 10:04:41,042 WARNING  edit  transport failure (NNsightException: Traceback (most recent call last):  RemoteException: Module nnsight.intervention.batching is not whitelisted) on v* step 94 attempt 1/8; retrying in 1s
2026-09-21 10:04:50,760 DEBUG    edit  batch step 94/400  summed loss 4.3584
2026-09-21 10:04:54,714 WARNING  edit  transport failure (NNsightException: Traceback (most recent call last):  RemoteException: Module nnsight.intervention.batching is not whitelisted) on v* step 95 attempt 1/8; retrying in 1s
2026-09-21 10:05:02,525 DEBUG    edit  batch step 95/400  summed loss 4.3514
2026-09-21 10:05:06,608 WARNING  edit  transport failure (NNsightException: Traceback (most recent call last):  RemoteException: Module nnsight.intervention.batching is not whitelisted) on v* step 96 attempt 1/8; retrying in 1s
2026-09-21 10:05:16,096 DEBUG    edit  batch step 96/400  summed loss 4.3631
2026-09-21 10:05:20,673 WARNING  edit  transport failure (NNsightException: Traceback (most recent call last):  RemoteException: Module nnsight.intervention.batching is not whitelisted) on v* step 97 attempt 1/8; retrying in 1s
2026-09-21 10:05:34,165 DEBUG    edit  batch step 97/400  summed loss 4.3660
2026-09-21 10:05:37,956 WARNING  edit  transport failure (NNsightException: Traceback (most recent call last):  RemoteException: Module nnsight.intervention.batching is not whitelisted) on v* step 98 attempt 1/8; retrying in 1s
2026-09-21 10:05:47,163 DEBUG    edit  batch step 98/400  summed loss 4.3585
2026-09-21 10:05:50,887 WARNING  edit  transport failure (NNsightException: Traceback (most recent call last):  RemoteException: Module nnsight.intervention.batching is not whitelisted) on v* step 99 attempt 1/8; retrying in 1s
2026-09-21 10:05:58,720 DEBUG    edit  batch step 99/400  summed loss 4.3797
2026-09-21 10:06:02,496 WARNING  edit  transport failure (NNsightException: Traceback (most recent call last):  RemoteException: Module nnsight.intervention.batching is not whitelisted) on v* step 100 attempt 1/8; retrying in 1s
2026-09-21 10:06:09,716 DEBUG    edit  batch step 100/400  summed loss 4.3683
2026-09-21 10:06:13,539 WARNING  edit  transport failure (NNsightException: Traceback (most recent call last):  RemoteException: Module nnsight.intervention.batching is not whitelisted) on v* step 101 attempt 1/8; retrying in 1s
2026-09-21 10:06:21,135 DEBUG    edit  batch step 101/400  summed loss 4.3674
2026-09-21 10:06:25,367 WARNING  edit  transport failure (NNsightException: Traceback (most recent call last):  RemoteException: Module nnsight.intervention.batching is not whitelisted) on v* step 102 attempt 1/8; retrying in 1s
2026-09-21 10:06:32,473 DEBUG    edit  batch step 102/400  summed loss 4.3640
2026-09-21 10:06:36,148 WARNING  edit  transport failure (NNsightException: Traceback (most recent call last):  RemoteException: Module nnsight.intervention.batching is not whitelisted) on v* step 103 attempt 1/8; retrying in 1s
2026-09-21 10:06:43,342 DEBUG    edit  batch step 103/400  summed loss 4.3837
2026-09-21 10:06:46,892 WARNING  edit  transport failure (NNsightException: Traceback (most recent call last):  RemoteException: Module nnsight.intervention.batching is not whitelisted) on v* step 104 attempt 1/8; retrying in 1s
2026-09-21 10:06:56,219 DEBUG    edit  batch step 104/400  summed loss 4.3697
2026-09-21 10:07:00,365 WARNING  edit  transport failure (NNsightException: Traceback (most recent call last):  RemoteException: Module nnsight.intervention.batching is not whitelisted) on v* step 105 attempt 1/8; retrying in 1s
2026-09-21 10:07:07,649 DEBUG    edit  batch step 105/400  summed loss 4.3860
2026-09-21 10:07:11,283 WARNING  edit  transport failure (NNsightException: Traceback (most recent call last):  RemoteException: Module nnsight.intervention.batching is not whitelisted) on v* step 106 attempt 1/8; retrying in 1s
2026-09-21 10:07:19,041 DEBUG    edit  batch step 106/400  summed loss 4.3739
2026-09-21 10:07:22,913 WARNING  edit  transport failure (NNsightException: Traceback (most recent call last):  RemoteException: Module nnsight.intervention.batching is not whitelisted) on v* step 107 attempt 1/8; retrying in 1s
2026-09-21 10:07:30,102 DEBUG    edit  batch step 107/400  summed loss 4.3909
2026-09-21 10:07:34,044 WARNING  edit  transport failure (NNsightException: Traceback (most recent call last):  RemoteException: Module nnsight.intervention.batching is not whitelisted) on v* step 108 attempt 1/8; retrying in 1s
2026-09-21 10:07:41,573 DEBUG    edit  batch step 108/400  summed loss 4.3827
2026-09-21 10:07:45,400 WARNING  edit  transport failure (NNsightException: Traceback (most recent call last):  RemoteException: Module nnsight.intervention.batching is not whitelisted) on v* step 109 attempt 1/8; retrying in 1s
2026-09-21 10:07:52,781 DEBUG    edit  batch step 109/400  summed loss 4.3985
2026-09-21 10:07:56,240 WARNING  edit  transport failure (NNsightException: Traceback (most recent call last):  RemoteException: Module nnsight.intervention.batching is not whitelisted) on v* step 110 attempt 1/8; retrying in 1s
2026-09-21 10:08:05,361 DEBUG    edit  batch step 110/400  summed loss 4.3827
2026-09-21 10:08:09,015 WARNING  edit  transport failure (NNsightException: Traceback (most recent call last):  RemoteException: Module nnsight.intervention.batching is not whitelisted) on v* step 111 attempt 1/8; retrying in 1s
2026-09-21 10:08:17,050 DEBUG    edit  batch step 111/400  summed loss 4.3990
2026-09-21 10:08:20,873 WARNING  edit  transport failure (NNsightException: Traceback (most recent call last):  RemoteException: Module nnsight.intervention.batching is not whitelisted) on v* step 112 attempt 1/8; retrying in 1s
2026-09-21 10:08:28,169 DEBUG    edit  batch step 112/400  summed loss 4.3925
2026-09-21 10:08:32,210 WARNING  edit  transport failure (NNsightException: Traceback (most recent call last):  RemoteException: Module nnsight.intervention.batching is not whitelisted) on v* step 113 attempt 1/8; retrying in 1s
2026-09-21 10:08:40,003 DEBUG    edit  batch step 113/400  summed loss 4.3941
2026-09-21 10:08:43,645 WARNING  edit  transport failure (NNsightException: Traceback (most recent call last):  RemoteException: Module nnsight.intervention.batching is not whitelisted) on v* step 114 attempt 1/8; retrying in 1s
2026-09-21 10:08:51,699 DEBUG    edit  batch step 114/400  summed loss 4.3945
2026-09-21 10:08:55,234 WARNING  edit  transport failure (NNsightException: Traceback (most recent call last):  RemoteException: Module nnsight.intervention.batching is not whitelisted) on v* step 115 attempt 1/8; retrying in 1s
2026-09-21 10:09:02,586 DEBUG    edit  batch step 115/400  summed loss 4.3933
2026-09-21 10:09:06,949 WARNING  edit  transport failure (NNsightException: Traceback (most recent call last):  RemoteException: Module nnsight.intervention.batching is not whitelisted) on v* step 116 attempt 1/8; retrying in 1s
2026-09-21 10:09:14,331 DEBUG    edit  batch step 116/400  summed loss 4.3889
2026-09-21 10:09:18,048 WARNING  edit  transport failure (NNsightException: Traceback (most recent call last):  RemoteException: Module nnsight.intervention.batching is not whitelisted) on v* step 117 attempt 1/8; retrying in 1s
2026-09-21 10:09:25,172 DEBUG    edit  batch step 117/400  summed loss 4.3995
2026-09-21 10:09:28,738 WARNING  edit  transport failure (NNsightException: Traceback (most recent call last):  RemoteException: Module nnsight.intervention.batching is not whitelisted) on v* step 118 attempt 1/8; retrying in 1s
2026-09-21 10:09:36,170 DEBUG    edit  batch step 118/400  summed loss 4.3993
2026-09-21 10:09:39,967 WARNING  edit  transport failure (NNsightException: Traceback (most recent call last):  RemoteException: Module nnsight.intervention.batching is not whitelisted) on v* step 119 attempt 1/8; retrying in 1s
2026-09-21 10:09:47,567 DEBUG    edit  batch step 119/400  summed loss 4.3802
2026-09-21 10:09:51,880 WARNING  edit  transport failure (NNsightException: Traceback (most recent call last):  RemoteException: Module nnsight.intervention.batching is not whitelisted) on v* step 120 attempt 1/8; retrying in 1s
2026-09-21 10:09:59,437 DEBUG    edit  batch step 120/400  summed loss 4.3975
2026-09-21 10:10:05,975 WARNING  edit  transport failure (NNsightException: Traceback (most recent call last):  RemoteException: Module nnsight.intervention.batching is not whitelisted) on v* step 121 attempt 1/8; retrying in 1s
2026-09-21 10:10:17,713 DEBUG    edit  batch step 121/400  summed loss 4.3871
2026-09-21 10:10:21,343 WARNING  edit  transport failure (NNsightException: Traceback (most recent call last):  RemoteException: Module nnsight.intervention.batching is not whitelisted) on v* step 122 attempt 1/8; retrying in 1s
2026-09-21 10:10:28,670 DEBUG    edit  batch step 122/400  summed loss 4.4013
2026-09-21 10:10:32,149 WARNING  edit  transport failure (NNsightException: Traceback (most recent call last):  RemoteException: Module nnsight.intervention.batching is not whitelisted) on v* step 123 attempt 1/8; retrying in 1s
2026-09-21 10:10:39,208 DEBUG    edit  batch step 123/400  summed loss 4.3971
2026-09-21 10:10:42,743 WARNING  edit  transport failure (NNsightException: Traceback (most recent call last):  RemoteException: Module nnsight.intervention.batching is not whitelisted) on v* step 124 attempt 1/8; retrying in 1s
2026-09-21 10:10:50,689 DEBUG    edit  batch step 124/400  summed loss 4.3950
2026-09-21 10:10:54,826 WARNING  edit  transport failure (NNsightException: Traceback (most recent call last):  RemoteException: Module nnsight.intervention.batching is not whitelisted) on v* step 125 attempt 1/8; retrying in 1s
2026-09-21 10:11:01,874 DEBUG    edit  batch step 125/400  summed loss 4.4025
2026-09-21 10:11:05,385 WARNING  edit  transport failure (NNsightException: Traceback (most recent call last):  RemoteException: Module nnsight.intervention.batching is not whitelisted) on v* step 126 attempt 1/8; retrying in 1s
2026-09-21 10:11:12,576 DEBUG    edit  batch step 126/400  summed loss 4.4113
2026-09-21 10:11:16,563 WARNING  edit  transport failure (NNsightException: Traceback (most recent call last):  RemoteException: Module nnsight.intervention.batching is not whitelisted) on v* step 127 attempt 1/8; retrying in 1s
2026-09-21 10:11:26,125 DEBUG    edit  batch step 127/400  summed loss 4.4031
2026-09-21 10:11:30,208 WARNING  edit  transport failure (NNsightException: Traceback (most recent call last):  RemoteException: Module nnsight.intervention.batching is not whitelisted) on v* step 128 attempt 1/8; retrying in 1s
2026-09-21 10:11:37,737 DEBUG    edit  batch step 128/400  summed loss 4.4119
2026-09-21 10:11:41,547 WARNING  edit  transport failure (NNsightException: Traceback (most recent call last):  RemoteException: Module nnsight.intervention.batching is not whitelisted) on v* step 129 attempt 1/8; retrying in 1s
2026-09-21 10:11:48,788 DEBUG    edit  batch step 129/400  summed loss 4.4195
2026-09-21 10:11:52,679 WARNING  edit  transport failure (NNsightException: Traceback (most recent call last):  RemoteException: Module nnsight.intervention.batching is not whitelisted) on v* step 130 attempt 1/8; retrying in 1s
2026-09-21 10:12:01,156 DEBUG    edit  batch step 130/400  summed loss 4.4070
2026-09-21 10:12:04,873 WARNING  edit  transport failure (NNsightException: Traceback (most recent call last):  RemoteException: Module nnsight.intervention.batching is not whitelisted) on v* step 131 attempt 1/8; retrying in 1s
2026-09-21 10:12:12,974 DEBUG    edit  batch step 131/400  summed loss 4.4045
2026-09-21 10:12:16,765 WARNING  edit  transport failure (NNsightException: Traceback (most recent call last):  RemoteException: Module nnsight.intervention.batching is not whitelisted) on v* step 132 attempt 1/8; retrying in 1s
2026-09-21 10:12:23,899 DEBUG    edit  batch step 132/400  summed loss 4.4224
2026-09-21 10:12:27,417 WARNING  edit  transport failure (NNsightException: Traceback (most recent call last):  RemoteException: Module nnsight.intervention.batching is not whitelisted) on v* step 133 attempt 1/8; retrying in 1s
2026-09-21 10:12:34,778 DEBUG    edit  batch step 133/400  summed loss 4.4189
2026-09-21 10:12:38,693 WARNING  edit  transport failure (NNsightException: Traceback (most recent call last):  RemoteException: Module nnsight.intervention.batching is not whitelisted) on v* step 134 attempt 1/8; retrying in 1s
2026-09-21 10:12:46,162 DEBUG    edit  batch step 134/400  summed loss 4.4150
2026-09-21 10:12:50,183 WARNING  edit  transport failure (NNsightException: Traceback (most recent call last):  RemoteException: Module nnsight.intervention.batching is not whitelisted) on v* step 135 attempt 1/8; retrying in 1s
2026-09-21 10:12:57,257 DEBUG    edit  batch step 135/400  summed loss 4.4220
2026-09-21 10:13:01,694 WARNING  edit  transport failure (NNsightException: Traceback (most recent call last):  RemoteException: Module nnsight.intervention.batching is not whitelisted) on v* step 136 attempt 1/8; retrying in 1s
2026-09-21 10:13:08,998 DEBUG    edit  batch step 136/400  summed loss 4.4120
2026-09-21 10:13:13,628 WARNING  edit  transport failure (NNsightException: Traceback (most recent call last):  RemoteException: Module nnsight.intervention.batching is not whitelisted) on v* step 137 attempt 1/8; retrying in 1s
2026-09-21 10:13:21,861 DEBUG    edit  batch step 137/400  summed loss 4.4048
2026-09-21 10:13:25,443 WARNING  edit  transport failure (NNsightException: Traceback (most recent call last):  RemoteException: Module nnsight.intervention.batching is not whitelisted) on v* step 138 attempt 1/8; retrying in 1s
2026-09-21 10:13:33,195 DEBUG    edit  batch step 138/400  summed loss 4.4217
2026-09-21 10:13:36,972 WARNING  edit  transport failure (NNsightException: Traceback (most recent call last):  RemoteException: Module nnsight.intervention.batching is not whitelisted) on v* step 139 attempt 1/8; retrying in 1s
2026-09-21 10:13:44,370 DEBUG    edit  batch step 139/400  summed loss 4.4422
2026-09-21 10:13:48,162 WARNING  edit  transport failure (NNsightException: Traceback (most recent call last):  RemoteException: Module nnsight.intervention.batching is not whitelisted) on v* step 140 attempt 1/8; retrying in 1s
2026-09-21 10:13:59,716 DEBUG    edit  batch step 140/400  summed loss 4.4083
2026-09-21 10:14:03,590 WARNING  edit  transport failure (NNsightException: Traceback (most recent call last):  RemoteException: Module nnsight.intervention.batching is not whitelisted) on v* step 141 attempt 1/8; retrying in 1s
2026-09-21 10:14:11,004 DEBUG    edit  batch step 141/400  summed loss 4.4388
2026-09-21 10:14:14,665 WARNING  edit  transport failure (NNsightException: Traceback (most recent call last):  RemoteException: Module nnsight.intervention.batching is not whitelisted) on v* step 142 attempt 1/8; retrying in 1s
2026-09-21 10:14:21,880 DEBUG    edit  batch step 142/400  summed loss 4.4295
2026-09-21 10:14:25,488 WARNING  edit  transport failure (NNsightException: Traceback (most recent call last):  RemoteException: Module nnsight.intervention.batching is not whitelisted) on v* step 143 attempt 1/8; retrying in 1s
2026-09-21 10:14:32,891 DEBUG    edit  batch step 143/400  summed loss 4.4211
2026-09-21 10:14:36,914 WARNING  edit  transport failure (NNsightException: Traceback (most recent call last):  RemoteException: Module nnsight.intervention.batching is not whitelisted) on v* step 144 attempt 1/8; retrying in 1s
2026-09-21 10:14:45,833 DEBUG    edit  batch step 144/400  summed loss 4.4341
2026-09-21 10:14:49,744 WARNING  edit  transport failure (NNsightException: Traceback (most recent call last):  RemoteException: Module nnsight.intervention.batching is not whitelisted) on v* step 145 attempt 1/8; retrying in 1s
2026-09-21 10:14:58,237 DEBUG    edit  batch step 145/400  summed loss 4.4321
2026-09-21 10:15:02,124 WARNING  edit  transport failure (NNsightException: Traceback (most recent call last):  RemoteException: Module nnsight.intervention.batching is not whitelisted) on v* step 146 attempt 1/8; retrying in 1s
2026-09-21 10:15:09,368 DEBUG    edit  batch step 146/400  summed loss 4.4311
2026-09-21 10:15:13,247 WARNING  edit  transport failure (NNsightException: Traceback (most recent call last):  RemoteException: Module nnsight.intervention.batching is not whitelisted) on v* step 147 attempt 1/8; retrying in 1s
2026-09-21 10:15:20,831 DEBUG    edit  batch step 147/400  summed loss 4.4350
2026-09-21 10:15:24,993 WARNING  edit  transport failure (NNsightException: Traceback (most recent call last):  RemoteException: Module nnsight.intervention.batching is not whitelisted) on v* step 148 attempt 1/8; retrying in 1s
2026-09-21 10:15:32,894 DEBUG    edit  batch step 148/400  summed loss 4.4577
2026-09-21 10:15:36,833 WARNING  edit  transport failure (NNsightException: Traceback (most recent call last):  RemoteException: Module nnsight.intervention.batching is not whitelisted) on v* step 149 attempt 1/8; retrying in 1s
2026-09-21 10:15:49,140 DEBUG    edit  batch step 149/400  summed loss 4.4505
2026-09-21 10:15:53,333 WARNING  edit  transport failure (NNsightException: Traceback (most recent call last):  RemoteException: Module nnsight.intervention.batching is not whitelisted) on v* step 150 attempt 1/8; retrying in 1s
2026-09-21 10:16:00,465 DEBUG    edit  batch step 150/400  summed loss 4.4400
2026-09-21 10:16:04,037 WARNING  edit  transport failure (NNsightException: Traceback (most recent call last):  RemoteException: Module nnsight.intervention.batching is not whitelisted) on v* step 151 attempt 1/8; retrying in 1s
2026-09-21 10:16:11,571 DEBUG    edit  batch step 151/400  summed loss 4.4479
2026-09-21 10:16:15,226 WARNING  edit  transport failure (NNsightException: Traceback (most recent call last):  RemoteException: Module nnsight.intervention.batching is not whitelisted) on v* step 152 attempt 1/8; retrying in 1s
2026-09-21 10:16:22,784 DEBUG    edit  batch step 152/400  summed loss 4.4500
2026-09-21 10:16:26,454 WARNING  edit  transport failure (NNsightException: Traceback (most recent call last):  RemoteException: Module nnsight.intervention.batching is not whitelisted) on v* step 153 attempt 1/8; retrying in 1s
2026-09-21 10:16:33,763 DEBUG    edit  batch step 153/400  summed loss 4.4474
2026-09-21 10:16:37,588 WARNING  edit  transport failure (NNsightException: Traceback (most recent call last):  RemoteException: Module nnsight.intervention.batching is not whitelisted) on v* step 154 attempt 1/8; retrying in 1s
2026-09-21 10:16:44,979 DEBUG    edit  batch step 154/400  summed loss 4.4570
2026-09-21 10:16:48,839 WARNING  edit  transport failure (NNsightException: Traceback (most recent call last):  RemoteException: Module nnsight.intervention.batching is not whitelisted) on v* step 155 attempt 1/8; retrying in 1s
2026-09-21 10:16:57,073 DEBUG    edit  batch step 155/400  summed loss 4.4511
2026-09-21 10:17:01,198 WARNING  edit  transport failure (NNsightException: Traceback (most recent call last):  RemoteException: Module nnsight.intervention.batching is not whitelisted) on v* step 156 attempt 1/8; retrying in 1s
2026-09-21 10:17:08,435 DEBUG    edit  batch step 156/400  summed loss 4.4510
2026-09-21 10:17:12,223 WARNING  edit  transport failure (NNsightException: Traceback (most recent call last):  RemoteException: Module nnsight.intervention.batching is not whitelisted) on v* step 157 attempt 1/8; retrying in 1s
2026-09-21 10:17:19,947 DEBUG    edit  batch step 157/400  summed loss 4.4637
2026-09-21 10:17:23,652 WARNING  edit  transport failure (NNsightException: Traceback (most recent call last):  RemoteException: Module nnsight.intervention.batching is not whitelisted) on v* step 158 attempt 1/8; retrying in 1s
2026-09-21 10:17:30,963 DEBUG    edit  batch step 158/400  summed loss 4.4611
2026-09-21 10:17:34,906 WARNING  edit  transport failure (NNsightException: Traceback (most recent call last):  RemoteException: Module nnsight.intervention.batching is not whitelisted) on v* step 159 attempt 1/8; retrying in 1s
2026-09-21 10:17:42,390 DEBUG    edit  batch step 159/400  summed loss 4.4536
2026-09-21 10:17:46,237 WARNING  edit  transport failure (NNsightException: Traceback (most recent call last):  RemoteException: Module nnsight.intervention.batching is not whitelisted) on v* step 160 attempt 1/8; retrying in 1s
2026-09-21 10:17:53,579 DEBUG    edit  batch step 160/400  summed loss 4.4582
2026-09-21 10:17:57,294 WARNING  edit  transport failure (NNsightException: Traceback (most recent call last):  RemoteException: Module nnsight.intervention.batching is not whitelisted) on v* step 161 attempt 1/8; retrying in 1s
2026-09-21 10:18:05,013 DEBUG    edit  batch step 161/400  summed loss 4.4577
2026-09-21 10:18:09,302 WARNING  edit  transport failure (NNsightException: Traceback (most recent call last):  RemoteException: Module nnsight.intervention.batching is not whitelisted) on v* step 162 attempt 1/8; retrying in 1s
2026-09-21 10:18:16,841 DEBUG    edit  batch step 162/400  summed loss 4.4605
2026-09-21 10:18:20,559 WARNING  edit  transport failure (NNsightException: Traceback (most recent call last):  RemoteException: Module nnsight.intervention.batching is not whitelisted) on v* step 163 attempt 1/8; retrying in 1s
2026-09-21 10:18:28,353 DEBUG    edit  batch step 163/400  summed loss 4.4634
2026-09-21 10:18:32,650 WARNING  edit  transport failure (NNsightException: Traceback (most recent call last):  RemoteException: Module nnsight.intervention.batching is not whitelisted) on v* step 164 attempt 1/8; retrying in 1s
2026-09-21 10:18:42,065 DEBUG    edit  batch step 164/400  summed loss 4.4603
2026-09-21 10:18:46,304 WARNING  edit  transport failure (NNsightException: Traceback (most recent call last):  RemoteException: Module nnsight.intervention.batching is not whitelisted) on v* step 165 attempt 1/8; retrying in 1s
2026-09-21 10:18:53,364 DEBUG    edit  batch step 165/400  summed loss 4.4672
2026-09-21 10:18:57,201 WARNING  edit  transport failure (NNsightException: Traceback (most recent call last):  RemoteException: Module nnsight.intervention.batching is not whitelisted) on v* step 166 attempt 1/8; retrying in 1s
2026-09-21 10:19:04,425 DEBUG    edit  batch step 166/400  summed loss 4.4805
2026-09-21 10:19:08,207 WARNING  edit  transport failure (NNsightException: Traceback (most recent call last):  RemoteException: Module nnsight.intervention.batching is not whitelisted) on v* step 167 attempt 1/8; retrying in 1s
2026-09-21 10:19:15,960 DEBUG    edit  batch step 167/400  summed loss 4.4716
2026-09-21 10:19:19,662 WARNING  edit  transport failure (NNsightException: Traceback (most recent call last):  RemoteException: Module nnsight.intervention.batching is not whitelisted) on v* step 168 attempt 1/8; retrying in 1s
2026-09-21 10:19:27,608 DEBUG    edit  batch step 168/400  summed loss 4.4633
2026-09-21 10:19:31,206 WARNING  edit  transport failure (NNsightException: Traceback (most recent call last):  RemoteException: Module nnsight.intervention.batching is not whitelisted) on v* step 169 attempt 1/8; retrying in 1s
2026-09-21 10:19:38,187 DEBUG    edit  batch step 169/400  summed loss 4.4665
2026-09-21 10:19:42,087 WARNING  edit  transport failure (NNsightException: Traceback (most recent call last):  RemoteException: Module nnsight.intervention.batching is not whitelisted) on v* step 170 attempt 1/8; retrying in 1s
2026-09-21 10:19:49,534 DEBUG    edit  batch step 170/400  summed loss 4.4746
2026-09-21 10:19:53,504 WARNING  edit  transport failure (NNsightException: Traceback (most recent call last):  RemoteException: Module nnsight.intervention.batching is not whitelisted) on v* step 171 attempt 1/8; retrying in 1s
2026-09-21 10:20:01,057 DEBUG    edit  batch step 171/400  summed loss 4.4708
2026-09-21 10:20:04,710 WARNING  edit  transport failure (NNsightException: Traceback (most recent call last):  RemoteException: Module nnsight.intervention.batching is not whitelisted) on v* step 172 attempt 1/8; retrying in 1s
2026-09-21 10:20:13,633 DEBUG    edit  batch step 172/400  summed loss 4.4709
2026-09-21 10:20:17,653 WARNING  edit  transport failure (NNsightException: Traceback (most recent call last):  RemoteException: Module nnsight.intervention.batching is not whitelisted) on v* step 173 attempt 1/8; retrying in 1s
2026-09-21 10:20:25,019 DEBUG    edit  batch step 173/400  summed loss 4.4773
2026-09-21 10:20:29,024 WARNING  edit  transport failure (NNsightException: Traceback (most recent call last):  RemoteException: Module nnsight.intervention.batching is not whitelisted) on v* step 174 attempt 1/8; retrying in 1s
2026-09-21 10:20:36,836 DEBUG    edit  batch step 174/400  summed loss 4.4807
2026-09-21 10:20:40,564 WARNING  edit  transport failure (NNsightException: Traceback (most recent call last):  RemoteException: Module nnsight.intervention.batching is not whitelisted) on v* step 175 attempt 1/8; retrying in 1s
2026-09-21 10:20:47,997 DEBUG    edit  batch step 175/400  summed loss 4.4988
2026-09-21 10:20:51,608 WARNING  edit  transport failure (NNsightException: Traceback (most recent call last):  RemoteException: Module nnsight.intervention.batching is not whitelisted) on v* step 176 attempt 1/8; retrying in 1s
2026-09-21 10:20:58,877 DEBUG    edit  batch step 176/400  summed loss 4.4841
2026-09-21 10:21:02,519 WARNING  edit  transport failure (NNsightException: Traceback (most recent call last):  RemoteException: Module nnsight.intervention.batching is not whitelisted) on v* step 177 attempt 1/8; retrying in 1s
2026-09-21 10:21:09,752 DEBUG    edit  batch step 177/400  summed loss 4.4828
2026-09-21 10:21:13,473 WARNING  edit  transport failure (NNsightException: Traceback (most recent call last):  RemoteException: Module nnsight.intervention.batching is not whitelisted) on v* step 178 attempt 1/8; retrying in 1s
2026-09-21 10:21:20,597 DEBUG    edit  batch step 178/400  summed loss 4.4801
2026-09-21 10:21:24,461 WARNING  edit  transport failure (NNsightException: Traceback (most recent call last):  RemoteException: Module nnsight.intervention.batching is not whitelisted) on v* step 179 attempt 1/8; retrying in 1s
2026-09-21 10:21:32,543 DEBUG    edit  batch step 179/400  summed loss 4.4744
2026-09-21 10:21:36,309 WARNING  edit  transport failure (NNsightException: Traceback (most recent call last):  RemoteException: Module nnsight.intervention.batching is not whitelisted) on v* step 180 attempt 1/8; retrying in 1s
2026-09-21 10:21:43,727 DEBUG    edit  batch step 180/400  summed loss 4.4874
2026-09-21 10:21:47,501 WARNING  edit  transport failure (NNsightException: Traceback (most recent call last):  RemoteException: Module nnsight.intervention.batching is not whitelisted) on v* step 181 attempt 1/8; retrying in 1s
2026-09-21 10:21:55,694 DEBUG    edit  batch step 181/400  summed loss 4.5036
2026-09-21 10:21:59,747 WARNING  edit  transport failure (NNsightException: Traceback (most recent call last):  RemoteException: Module nnsight.intervention.batching is not whitelisted) on v* step 182 attempt 1/8; retrying in 1s
2026-09-21 10:22:08,285 DEBUG    edit  batch step 182/400  summed loss 4.4894
2026-09-21 10:22:11,884 WARNING  edit  transport failure (NNsightException: Traceback (most recent call last):  RemoteException: Module nnsight.intervention.batching is not whitelisted) on v* step 183 attempt 1/8; retrying in 1s
2026-09-21 10:22:23,642 DEBUG    edit  batch step 183/400  summed loss 4.5004
2026-09-21 10:22:27,407 WARNING  edit  transport failure (NNsightException: Traceback (most recent call last):  RemoteException: Module nnsight.intervention.batching is not whitelisted) on v* step 184 attempt 1/8; retrying in 1s
2026-09-21 10:22:34,978 DEBUG    edit  batch step 184/400  summed loss 4.5109
2026-09-21 10:22:38,778 WARNING  edit  transport failure (NNsightException: Traceback (most recent call last):  RemoteException: Module nnsight.intervention.batching is not whitelisted) on v* step 185 attempt 1/8; retrying in 1s
2026-09-21 10:22:48,221 DEBUG    edit  batch step 185/400  summed loss 4.4971
2026-09-21 10:22:51,936 WARNING  edit  transport failure (NNsightException: Traceback (most recent call last):  RemoteException: Module nnsight.intervention.batching is not whitelisted) on v* step 186 attempt 1/8; retrying in 1s
2026-09-21 10:22:59,701 DEBUG    edit  batch step 186/400  summed loss 4.4963
2026-09-21 10:23:03,350 WARNING  edit  transport failure (NNsightException: Traceback (most recent call last):  RemoteException: Module nnsight.intervention.batching is not whitelisted) on v* step 187 attempt 1/8; retrying in 1s
2026-09-21 10:23:11,066 DEBUG    edit  batch step 187/400  summed loss 4.5053
2026-09-21 10:23:15,705 WARNING  edit  transport failure (NNsightException: Traceback (most recent call last):  RemoteException: Module nnsight.intervention.batching is not whitelisted) on v* step 188 attempt 1/8; retrying in 1s
2026-09-21 10:23:23,323 DEBUG    edit  batch step 188/400  summed loss 4.5022
2026-09-21 10:23:27,356 WARNING  edit  transport failure (NNsightException: Traceback (most recent call last):  RemoteException: Module nnsight.intervention.batching is not whitelisted) on v* step 189 attempt 1/8; retrying in 1s
2026-09-21 10:23:34,915 DEBUG    edit  batch step 189/400  summed loss 4.5039
2026-09-21 10:23:38,734 WARNING  edit  transport failure (NNsightException: Traceback (most recent call last):  RemoteException: Module nnsight.intervention.batching is not whitelisted) on v* step 190 attempt 1/8; retrying in 1s
2026-09-21 10:23:46,596 DEBUG    edit  batch step 190/400  summed loss 4.5055
2026-09-21 10:23:50,113 WARNING  edit  transport failure (NNsightException: Traceback (most recent call last):  RemoteException: Module nnsight.intervention.batching is not whitelisted) on v* step 191 attempt 1/8; retrying in 1s
2026-09-21 10:23:57,629 DEBUG    edit  batch step 191/400  summed loss 4.5049
2026-09-21 10:24:01,239 WARNING  edit  transport failure (NNsightException: Traceback (most recent call last):  RemoteException: Module nnsight.intervention.batching is not whitelisted) on v* step 192 attempt 1/8; retrying in 1s
2026-09-21 10:24:08,176 DEBUG    edit  batch step 192/400  summed loss 4.5181
2026-09-21 10:24:11,764 WARNING  edit  transport failure (NNsightException: Traceback (most recent call last):  RemoteException: Module nnsight.intervention.batching is not whitelisted) on v* step 193 attempt 1/8; retrying in 1s
2026-09-21 10:24:19,541 DEBUG    edit  batch step 193/400  summed loss 4.5064
2026-09-21 10:24:23,984 WARNING  edit  transport failure (NNsightException: Traceback (most recent call last):  RemoteException: Module nnsight.intervention.batching is not whitelisted) on v* step 194 attempt 1/8; retrying in 1s
2026-09-21 10:24:31,262 DEBUG    edit  batch step 194/400  summed loss 4.5001
2026-09-21 10:24:35,024 WARNING  edit  transport failure (NNsightException: Traceback (most recent call last):  RemoteException: Module nnsight.intervention.batching is not whitelisted) on v* step 195 attempt 1/8; retrying in 1s
2026-09-21 10:24:42,918 DEBUG    edit  batch step 195/400  summed loss 4.5160
2026-09-21 10:24:47,079 WARNING  edit  transport failure (NNsightException: Traceback (most recent call last):  RemoteException: Module nnsight.intervention.batching is not whitelisted) on v* step 196 attempt 1/8; retrying in 1s
2026-09-21 10:24:54,684 DEBUG    edit  batch step 196/400  summed loss 4.5192
2026-09-21 10:24:58,486 WARNING  edit  transport failure (NNsightException: Traceback (most recent call last):  RemoteException: Module nnsight.intervention.batching is not whitelisted) on v* step 197 attempt 1/8; retrying in 1s
2026-09-21 10:25:05,868 DEBUG    edit  batch step 197/400  summed loss 4.5181
2026-09-21 10:25:09,894 WARNING  edit  transport failure (NNsightException: Traceback (most recent call last):  RemoteException: Module nnsight.intervention.batching is not whitelisted) on v* step 198 attempt 1/8; retrying in 1s
2026-09-21 10:25:17,468 DEBUG    edit  batch step 198/400  summed loss 4.5092
2026-09-21 10:25:21,348 WARNING  edit  transport failure (NNsightException: Traceback (most recent call last):  RemoteException: Module nnsight.intervention.batching is not whitelisted) on v* step 199 attempt 1/8; retrying in 1s
2026-09-21 10:25:28,699 DEBUG    edit  batch step 199/400  summed loss 4.5205
2026-09-21 10:25:32,438 WARNING  edit  transport failure (NNsightException: Traceback (most recent call last):  RemoteException: Module nnsight.intervention.batching is not whitelisted) on v* step 200 attempt 1/8; retrying in 1s
2026-09-21 10:25:40,958 DEBUG    edit  batch step 200/400  summed loss 4.5265
2026-09-21 10:25:45,248 WARNING  edit  transport failure (NNsightException: Traceback (most recent call last):  RemoteException: Module nnsight.intervention.batching is not whitelisted) on v* step 201 attempt 1/8; retrying in 1s
2026-09-21 10:25:52,547 DEBUG    edit  batch step 201/400  summed loss 4.5328
2026-09-21 10:25:56,357 WARNING  edit  transport failure (NNsightException: Traceback (most recent call last):  RemoteException: Module nnsight.intervention.batching is not whitelisted) on v* step 202 attempt 1/8; retrying in 1s
2026-09-21 10:26:04,287 DEBUG    edit  batch step 202/400  summed loss 4.5306
2026-09-21 10:26:08,410 WARNING  edit  transport failure (NNsightException: Traceback (most recent call last):  RemoteException: Module nnsight.intervention.batching is not whitelisted) on v* step 203 attempt 1/8; retrying in 1s
2026-09-21 10:26:16,363 DEBUG    edit  batch step 203/400  summed loss 4.5324
2026-09-21 10:26:20,240 WARNING  edit  transport failure (NNsightException: Traceback (most recent call last):  RemoteException: Module nnsight.intervention.batching is not whitelisted) on v* step 204 attempt 1/8; retrying in 1s
2026-09-21 10:26:28,542 DEBUG    edit  batch step 204/400  summed loss 4.5388
2026-09-21 10:26:32,768 WARNING  edit  transport failure (NNsightException: Traceback (most recent call last):  RemoteException: Module nnsight.intervention.batching is not whitelisted) on v* step 205 attempt 1/8; retrying in 1s
2026-09-21 10:26:40,127 DEBUG    edit  batch step 205/400  summed loss 4.5491
2026-09-21 10:26:43,688 WARNING  edit  transport failure (NNsightException: Traceback (most recent call last):  RemoteException: Module nnsight.intervention.batching is not whitelisted) on v* step 206 attempt 1/8; retrying in 1s
2026-09-21 10:26:50,869 DEBUG    edit  batch step 206/400  summed loss 4.5345
2026-09-21 10:26:54,870 WARNING  edit  transport failure (NNsightException: Traceback (most recent call last):  RemoteException: Module nnsight.intervention.batching is not whitelisted) on v* step 207 attempt 1/8; retrying in 1s
2026-09-21 10:27:03,303 DEBUG    edit  batch step 207/400  summed loss 4.5478
2026-09-21 10:27:07,220 WARNING  edit  transport failure (NNsightException: Traceback (most recent call last):  RemoteException: Module nnsight.intervention.batching is not whitelisted) on v* step 208 attempt 1/8; retrying in 1s
2026-09-21 10:27:14,451 DEBUG    edit  batch step 208/400  summed loss 4.5420
2026-09-21 10:27:18,272 WARNING  edit  transport failure (NNsightException: Traceback (most recent call last):  RemoteException: Module nnsight.intervention.batching is not whitelisted) on v* step 209 attempt 1/8; retrying in 1s
2026-09-21 10:27:25,921 DEBUG    edit  batch step 209/400  summed loss 4.5459
2026-09-21 10:27:29,496 WARNING  edit  transport failure (NNsightException: Traceback (most recent call last):  RemoteException: Module nnsight.intervention.batching is not whitelisted) on v* step 210 attempt 1/8; retrying in 1s
2026-09-21 10:27:38,762 DEBUG    edit  batch step 210/400  summed loss 4.5357
2026-09-21 10:27:42,892 WARNING  edit  transport failure (NNsightException: Traceback (most recent call last):  RemoteException: Module nnsight.intervention.batching is not whitelisted) on v* step 211 attempt 1/8; retrying in 1s
2026-09-21 10:27:50,472 DEBUG    edit  batch step 211/400  summed loss 4.5490
2026-09-21 10:27:54,087 WARNING  edit  transport failure (NNsightException: Traceback (most recent call last):  RemoteException: Module nnsight.intervention.batching is not whitelisted) on v* step 212 attempt 1/8; retrying in 1s
2026-09-21 10:28:01,761 DEBUG    edit  batch step 212/400  summed loss 4.5425
2026-09-21 10:28:05,565 WARNING  edit  transport failure (NNsightException: Traceback (most recent call last):  RemoteException: Module nnsight.intervention.batching is not whitelisted) on v* step 213 attempt 1/8; retrying in 1s
2026-09-21 10:28:12,795 DEBUG    edit  batch step 213/400  summed loss 4.5472
2026-09-21 10:28:16,464 WARNING  edit  transport failure (NNsightException: Traceback (most recent call last):  RemoteException: Module nnsight.intervention.batching is not whitelisted) on v* step 214 attempt 1/8; retrying in 1s
2026-09-21 10:28:23,762 DEBUG    edit  batch step 214/400  summed loss 4.5499
2026-09-21 10:28:27,365 WARNING  edit  transport failure (NNsightException: Traceback (most recent call last):  RemoteException: Module nnsight.intervention.batching is not whitelisted) on v* step 215 attempt 1/8; retrying in 1s
2026-09-21 10:28:34,865 DEBUG    edit  batch step 215/400  summed loss 4.5518
2026-09-21 10:28:38,502 WARNING  edit  transport failure (NNsightException: Traceback (most recent call last):  RemoteException: Module nnsight.intervention.batching is not whitelisted) on v* step 216 attempt 1/8; retrying in 1s
2026-09-21 10:28:46,593 DEBUG    edit  batch step 216/400  summed loss 4.5643
2026-09-21 10:28:51,138 WARNING  edit  transport failure (NNsightException: Traceback (most recent call last):  RemoteException: Module nnsight.intervention.batching is not whitelisted) on v* step 217 attempt 1/8; retrying in 1s
2026-09-21 10:28:58,946 DEBUG    edit  batch step 217/400  summed loss 4.5417
2026-09-21 10:29:02,492 WARNING  edit  transport failure (NNsightException: Traceback (most recent call last):  RemoteException: Module nnsight.intervention.batching is not whitelisted) on v* step 218 attempt 1/8; retrying in 1s
2026-09-21 10:29:11,335 DEBUG    edit  batch step 218/400  summed loss 4.5381
2026-09-21 10:29:16,074 WARNING  edit  transport failure (NNsightException: Traceback (most recent call last):  RemoteException: Module nnsight.intervention.batching is not whitelisted) on v* step 219 attempt 1/8; retrying in 1s
2026-09-21 10:29:24,213 DEBUG    edit  batch step 219/400  summed loss 4.5478
2026-09-21 10:29:28,393 WARNING  edit  transport failure (NNsightException: Traceback (most recent call last):  RemoteException: Module nnsight.intervention.batching is not whitelisted) on v* step 220 attempt 1/8; retrying in 1s
2026-09-21 10:29:35,779 DEBUG    edit  batch step 220/400  summed loss 4.5611
2026-09-21 10:29:39,580 WARNING  edit  transport failure (NNsightException: Traceback (most recent call last):  RemoteException: Module nnsight.intervention.batching is not whitelisted) on v* step 221 attempt 1/8; retrying in 1s
2026-09-21 10:29:48,238 DEBUG    edit  batch step 221/400  summed loss 4.5406
2026-09-21 10:29:52,381 WARNING  edit  transport failure (NNsightException: Traceback (most recent call last):  RemoteException: Module nnsight.intervention.batching is not whitelisted) on v* step 222 attempt 1/8; retrying in 1s
2026-09-21 10:30:03,935 DEBUG    edit  batch step 222/400  summed loss 4.5603
2026-09-21 10:30:07,923 WARNING  edit  transport failure (NNsightException: Traceback (most recent call last):  RemoteException: Module nnsight.intervention.batching is not whitelisted) on v* step 223 attempt 1/8; retrying in 1s
2026-09-21 10:30:15,084 DEBUG    edit  batch step 223/400  summed loss 4.5733
2026-09-21 10:30:18,638 WARNING  edit  transport failure (NNsightException: Traceback (most recent call last):  RemoteException: Module nnsight.intervention.batching is not whitelisted) on v* step 224 attempt 1/8; retrying in 1s
2026-09-21 10:30:25,999 DEBUG    edit  batch step 224/400  summed loss 4.5626
2026-09-21 10:30:30,049 WARNING  edit  transport failure (NNsightException: Traceback (most recent call last):  RemoteException: Module nnsight.intervention.batching is not whitelisted) on v* step 225 attempt 1/8; retrying in 1s
2026-09-21 10:30:38,153 DEBUG    edit  batch step 225/400  summed loss 4.5609
2026-09-21 10:30:41,909 WARNING  edit  transport failure (NNsightException: Traceback (most recent call last):  RemoteException: Module nnsight.intervention.batching is not whitelisted) on v* step 226 attempt 1/8; retrying in 1s
2026-09-21 10:30:49,488 DEBUG    edit  batch step 226/400  summed loss 4.5656
2026-09-21 10:30:53,200 WARNING  edit  transport failure (NNsightException: Traceback (most recent call last):  RemoteException: Module nnsight.intervention.batching is not whitelisted) on v* step 227 attempt 1/8; retrying in 1s
2026-09-21 10:31:00,405 DEBUG    edit  batch step 227/400  summed loss 4.5517
2026-09-21 10:31:04,843 WARNING  edit  transport failure (NNsightException: Traceback (most recent call last):  RemoteException: Module nnsight.intervention.batching is not whitelisted) on v* step 228 attempt 1/8; retrying in 1s
2026-09-21 10:31:12,145 DEBUG    edit  batch step 228/400  summed loss 4.5737
2026-09-21 10:31:16,077 WARNING  edit  transport failure (NNsightException: Traceback (most recent call last):  RemoteException: Module nnsight.intervention.batching is not whitelisted) on v* step 229 attempt 1/8; retrying in 1s
2026-09-21 10:31:23,475 DEBUG    edit  batch step 229/400  summed loss 4.5670
2026-09-21 10:31:27,059 WARNING  edit  transport failure (NNsightException: Traceback (most recent call last):  RemoteException: Module nnsight.intervention.batching is not whitelisted) on v* step 230 attempt 1/8; retrying in 1s
2026-09-21 10:31:34,698 DEBUG    edit  batch step 230/400  summed loss 4.5717
2026-09-21 10:31:38,204 WARNING  edit  transport failure (NNsightException: Traceback (most recent call last):  RemoteException: Module nnsight.intervention.batching is not whitelisted) on v* step 231 attempt 1/8; retrying in 1s
2026-09-21 10:31:46,401 DEBUG    edit  batch step 231/400  summed loss 4.5601
2026-09-21 10:31:50,033 WARNING  edit  transport failure (NNsightException: Traceback (most recent call last):  RemoteException: Module nnsight.intervention.batching is not whitelisted) on v* step 232 attempt 1/8; retrying in 1s
2026-09-21 10:31:58,271 DEBUG    edit  batch step 232/400  summed loss 4.5721
2026-09-21 10:32:01,868 WARNING  edit  transport failure (NNsightException: Traceback (most recent call last):  RemoteException: Module nnsight.intervention.batching is not whitelisted) on v* step 233 attempt 1/8; retrying in 1s
2026-09-21 10:32:10,187 DEBUG    edit  batch step 233/400  summed loss 4.5862
2026-09-21 10:32:13,938 WARNING  edit  transport failure (NNsightException: Traceback (most recent call last):  RemoteException: Module nnsight.intervention.batching is not whitelisted) on v* step 234 attempt 1/8; retrying in 1s
2026-09-21 10:32:21,227 DEBUG    edit  batch step 234/400  summed loss 4.5618
2026-09-21 10:32:24,756 WARNING  edit  transport failure (NNsightException: Traceback (most recent call last):  RemoteException: Module nnsight.intervention.batching is not whitelisted) on v* step 235 attempt 1/8; retrying in 1s
2026-09-21 10:32:32,081 DEBUG    edit  batch step 235/400  summed loss 4.5738
2026-09-21 10:32:35,711 WARNING  edit  transport failure (NNsightException: Traceback (most recent call last):  RemoteException: Module nnsight.intervention.batching is not whitelisted) on v* step 236 attempt 1/8; retrying in 1s
2026-09-21 10:32:44,065 DEBUG    edit  batch step 236/400  summed loss 4.5641
2026-09-21 10:32:49,512 WARNING  edit  transport failure (NNsightException: Traceback (most recent call last):  RemoteException: Module nnsight.intervention.batching is not whitelisted) on v* step 237 attempt 1/8; retrying in 1s
2026-09-21 10:32:56,712 DEBUG    edit  batch step 237/400  summed loss 4.5819
2026-09-21 10:33:00,504 WARNING  edit  transport failure (NNsightException: Traceback (most recent call last):  RemoteException: Module nnsight.intervention.batching is not whitelisted) on v* step 238 attempt 1/8; retrying in 1s
2026-09-21 10:33:08,688 DEBUG    edit  batch step 238/400  summed loss 4.5764
2026-09-21 10:33:12,637 WARNING  edit  transport failure (NNsightException: Traceback (most recent call last):  RemoteException: Module nnsight.intervention.batching is not whitelisted) on v* step 239 attempt 1/8; retrying in 1s
2026-09-21 10:33:20,253 DEBUG    edit  batch step 239/400  summed loss 4.5623
2026-09-21 10:33:23,918 WARNING  edit  transport failure (NNsightException: Traceback (most recent call last):  RemoteException: Module nnsight.intervention.batching is not whitelisted) on v* step 240 attempt 1/8; retrying in 1s
2026-09-21 10:33:31,711 DEBUG    edit  batch step 240/400  summed loss 4.5730
2026-09-21 10:33:35,683 WARNING  edit  transport failure (NNsightException: Traceback (most recent call last):  RemoteException: Module nnsight.intervention.batching is not whitelisted) on v* step 241 attempt 1/8; retrying in 1s
2026-09-21 10:33:43,307 DEBUG    edit  batch step 241/400  summed loss 4.5779
2026-09-21 10:33:47,276 WARNING  edit  transport failure (NNsightException: Traceback (most recent call last):  RemoteException: Module nnsight.intervention.batching is not whitelisted) on v* step 242 attempt 1/8; retrying in 1s
2026-09-21 10:33:55,034 DEBUG    edit  batch step 242/400  summed loss 4.5594
2026-09-21 10:33:58,641 WARNING  edit  transport failure (NNsightException: Traceback (most recent call last):  RemoteException: Module nnsight.intervention.batching is not whitelisted) on v* step 243 attempt 1/8; retrying in 1s
2026-09-21 10:34:06,590 DEBUG    edit  batch step 243/400  summed loss 4.5778
2026-09-21 10:34:10,480 WARNING  edit  transport failure (NNsightException: Traceback (most recent call last):  RemoteException: Module nnsight.intervention.batching is not whitelisted) on v* step 244 attempt 1/8; retrying in 1s
2026-09-21 10:34:19,823 DEBUG    edit  batch step 244/400  summed loss 4.5775
2026-09-21 10:34:23,938 WARNING  edit  transport failure (NNsightException: Traceback (most recent call last):  RemoteException: Module nnsight.intervention.batching is not whitelisted) on v* step 245 attempt 1/8; retrying in 1s
2026-09-21 10:34:31,191 DEBUG    edit  batch step 245/400  summed loss 4.5741
2026-09-21 10:34:35,046 WARNING  edit  transport failure (NNsightException: Traceback (most recent call last):  RemoteException: Module nnsight.intervention.batching is not whitelisted) on v* step 246 attempt 1/8; retrying in 1s
2026-09-21 10:34:43,053 DEBUG    edit  batch step 246/400  summed loss 4.5622
2026-09-21 10:34:46,991 WARNING  edit  transport failure (NNsightException: Traceback (most recent call last):  RemoteException: Module nnsight.intervention.batching is not whitelisted) on v* step 247 attempt 1/8; retrying in 1s
2026-09-21 10:35:03,276 DEBUG    edit  batch step 247/400  summed loss 4.5773
2026-09-21 10:35:07,129 WARNING  edit  transport failure (NNsightException: Traceback (most recent call last):  RemoteException: Module nnsight.intervention.batching is not whitelisted) on v* step 248 attempt 1/8; retrying in 1s
2026-09-21 10:35:14,996 DEBUG    edit  batch step 248/400  summed loss 4.5910
2026-09-21 10:35:18,622 WARNING  edit  transport failure (NNsightException: Traceback (most recent call last):  RemoteException: Module nnsight.intervention.batching is not whitelisted) on v* step 249 attempt 1/8; retrying in 1s
2026-09-21 10:35:25,813 DEBUG    edit  batch step 249/400  summed loss 4.5851
2026-09-21 10:35:29,341 WARNING  edit  transport failure (NNsightException: Traceback (most recent call last):  RemoteException: Module nnsight.intervention.batching is not whitelisted) on v* step 250 attempt 1/8; retrying in 1s
2026-09-21 10:35:36,759 DEBUG    edit  batch step 250/400  summed loss 4.5866
2026-09-21 10:35:40,509 WARNING  edit  transport failure (NNsightException: Traceback (most recent call last):  RemoteException: Module nnsight.intervention.batching is not whitelisted) on v* step 251 attempt 1/8; retrying in 1s
2026-09-21 10:35:47,514 DEBUG    edit  batch step 251/400  summed loss 4.5724
2026-09-21 10:35:51,353 WARNING  edit  transport failure (NNsightException: Traceback (most recent call last):  RemoteException: Module nnsight.intervention.batching is not whitelisted) on v* step 252 attempt 1/8; retrying in 1s
2026-09-21 10:35:59,097 DEBUG    edit  batch step 252/400  summed loss 4.5914
2026-09-21 10:36:02,707 WARNING  edit  transport failure (NNsightException: Traceback (most recent call last):  RemoteException: Module nnsight.intervention.batching is not whitelisted) on v* step 253 attempt 1/8; retrying in 1s
2026-09-21 10:36:10,393 DEBUG    edit  batch step 253/400  summed loss 4.5724
2026-09-21 10:36:14,413 WARNING  edit  transport failure (NNsightException: Traceback (most recent call last):  RemoteException: Module nnsight.intervention.batching is not whitelisted) on v* step 254 attempt 1/8; retrying in 1s
2026-09-21 10:36:21,985 DEBUG    edit  batch step 254/400  summed loss 4.6004
2026-09-21 10:36:25,626 WARNING  edit  transport failure (NNsightException: Traceback (most recent call last):  RemoteException: Module nnsight.intervention.batching is not whitelisted) on v* step 255 attempt 1/8; retrying in 1s
2026-09-21 10:36:33,229 DEBUG    edit  batch step 255/400  summed loss 4.6010
2026-09-21 10:36:37,037 WARNING  edit  transport failure (NNsightException: Traceback (most recent call last):  RemoteException: Module nnsight.intervention.batching is not whitelisted) on v* step 256 attempt 1/8; retrying in 1s
2026-09-21 10:36:44,402 DEBUG    edit  batch step 256/400  summed loss 4.6001
2026-09-21 10:36:48,390 WARNING  edit  transport failure (NNsightException: Traceback (most recent call last):  RemoteException: Module nnsight.intervention.batching is not whitelisted) on v* step 257 attempt 1/8; retrying in 1s
2026-09-21 10:36:56,333 DEBUG    edit  batch step 257/400  summed loss 4.5866
2026-09-21 10:37:00,062 WARNING  edit  transport failure (NNsightException: Traceback (most recent call last):  RemoteException: Module nnsight.intervention.batching is not whitelisted) on v* step 258 attempt 1/8; retrying in 1s
2026-09-21 10:37:07,809 DEBUG    edit  batch step 258/400  summed loss 4.6026
2026-09-21 10:37:11,423 WARNING  edit  transport failure (NNsightException: Traceback (most recent call last):  RemoteException: Module nnsight.intervention.batching is not whitelisted) on v* step 259 attempt 1/8; retrying in 1s
2026-09-21 10:37:18,577 DEBUG    edit  batch step 259/400  summed loss 4.6126
2026-09-21 10:37:22,909 WARNING  edit  transport failure (NNsightException: Traceback (most recent call last):  RemoteException: Module nnsight.intervention.batching is not whitelisted) on v* step 260 attempt 1/8; retrying in 1s
2026-09-21 10:37:35,524 DEBUG    edit  batch step 260/400  summed loss 4.5792
2026-09-21 10:37:39,212 WARNING  edit  transport failure (NNsightException: Traceback (most recent call last):  RemoteException: Module nnsight.intervention.batching is not whitelisted) on v* step 261 attempt 1/8; retrying in 1s
2026-09-21 10:37:46,394 DEBUG    edit  batch step 261/400  summed loss 4.5981
2026-09-21 10:37:51,076 WARNING  edit  transport failure (NNsightException: Traceback (most recent call last):  RemoteException: Module nnsight.intervention.batching is not whitelisted) on v* step 262 attempt 1/8; retrying in 1s
2026-09-21 10:37:59,624 DEBUG    edit  batch step 262/400  summed loss 4.5959
2026-09-21 10:38:03,566 WARNING  edit  transport failure (NNsightException: Traceback (most recent call last):  RemoteException: Module nnsight.intervention.batching is not whitelisted) on v* step 263 attempt 1/8; retrying in 1s
2026-09-21 10:38:15,809 DEBUG    edit  batch step 263/400  summed loss 4.6075
2026-09-21 10:38:19,457 WARNING  edit  transport failure (NNsightException: Traceback (most recent call last):  RemoteException: Module nnsight.intervention.batching is not whitelisted) on v* step 264 attempt 1/8; retrying in 1s
2026-09-21 10:38:26,732 DEBUG    edit  batch step 264/400  summed loss 4.6005
2026-09-21 10:38:30,533 WARNING  edit  transport failure (NNsightException: Traceback (most recent call last):  RemoteException: Module nnsight.intervention.batching is not whitelisted) on v* step 265 attempt 1/8; retrying in 1s
2026-09-21 10:38:38,224 DEBUG    edit  batch step 265/400  summed loss 4.6023
2026-09-21 10:38:42,175 WARNING  edit  transport failure (NNsightException: Traceback (most recent call last):  RemoteException: Module nnsight.intervention.batching is not whitelisted) on v* step 266 attempt 1/8; retrying in 1s
2026-09-21 10:38:49,493 DEBUG    edit  batch step 266/400  summed loss 4.6045
2026-09-21 10:38:53,396 WARNING  edit  transport failure (NNsightException: Traceback (most recent call last):  RemoteException: Module nnsight.intervention.batching is not whitelisted) on v* step 267 attempt 1/8; retrying in 1s
2026-09-21 10:39:01,027 DEBUG    edit  batch step 267/400  summed loss 4.6197
2026-09-21 10:39:05,115 WARNING  edit  transport failure (NNsightException: Traceback (most recent call last):  RemoteException: Module nnsight.intervention.batching is not whitelisted) on v* step 268 attempt 1/8; retrying in 1s
2026-09-21 10:39:18,138 DEBUG    edit  batch step 268/400  summed loss 4.6016
2026-09-21 10:39:22,057 WARNING  edit  transport failure (NNsightException: Traceback (most recent call last):  RemoteException: Module nnsight.intervention.batching is not whitelisted) on v* step 269 attempt 1/8; retrying in 1s
2026-09-21 10:39:30,098 DEBUG    edit  batch step 269/400  summed loss 4.6054
2026-09-21 10:39:34,356 WARNING  edit  transport failure (NNsightException: Traceback (most recent call last):  RemoteException: Module nnsight.intervention.batching is not whitelisted) on v* step 270 attempt 1/8; retrying in 1s
2026-09-21 10:39:41,858 DEBUG    edit  batch step 270/400  summed loss 4.6051
2026-09-21 10:39:45,472 WARNING  edit  transport failure (NNsightException: Traceback (most recent call last):  RemoteException: Module nnsight.intervention.batching is not whitelisted) on v* step 271 attempt 1/8; retrying in 1s
2026-09-21 10:39:53,005 DEBUG    edit  batch step 271/400  summed loss 4.6065
2026-09-21 10:39:56,567 WARNING  edit  transport failure (NNsightException: Traceback (most recent call last):  RemoteException: Module nnsight.intervention.batching is not whitelisted) on v* step 272 attempt 1/8; retrying in 1s
2026-09-21 10:40:04,115 DEBUG    edit  batch step 272/400  summed loss 4.6211
2026-09-21 10:40:08,087 WARNING  edit  transport failure (NNsightException: Traceback (most recent call last):  RemoteException: Module nnsight.intervention.batching is not whitelisted) on v* step 273 attempt 1/8; retrying in 1s
2026-09-21 10:40:15,430 DEBUG    edit  batch step 273/400  summed loss 4.6060
2026-09-21 10:40:19,395 WARNING  edit  transport failure (NNsightException: Traceback (most recent call last):  RemoteException: Module nnsight.intervention.batching is not whitelisted) on v* step 274 attempt 1/8; retrying in 1s
2026-09-21 10:40:27,593 DEBUG    edit  batch step 274/400  summed loss 4.6179
2026-09-21 10:40:31,065 WARNING  edit  transport failure (NNsightException: Traceback (most recent call last):  RemoteException: Module nnsight.intervention.batching is not whitelisted) on v* step 275 attempt 1/8; retrying in 1s
2026-09-21 10:40:38,622 DEBUG    edit  batch step 275/400  summed loss 4.6013
2026-09-21 10:40:42,891 WARNING  edit  transport failure (NNsightException: Traceback (most recent call last):  RemoteException: Module nnsight.intervention.batching is not whitelisted) on v* step 276 attempt 1/8; retrying in 1s
2026-09-21 10:40:49,848 DEBUG    edit  batch step 276/400  summed loss 4.6095
2026-09-21 10:40:53,599 WARNING  edit  transport failure (NNsightException: Traceback (most recent call last):  RemoteException: Module nnsight.intervention.batching is not whitelisted) on v* step 277 attempt 1/8; retrying in 1s
2026-09-21 10:41:01,198 DEBUG    edit  batch step 277/400  summed loss 4.6032
2026-09-21 10:41:04,818 WARNING  edit  transport failure (NNsightException: Traceback (most recent call last):  RemoteException: Module nnsight.intervention.batching is not whitelisted) on v* step 278 attempt 1/8; retrying in 1s
2026-09-21 10:41:12,336 DEBUG    edit  batch step 278/400  summed loss 4.6267
2026-09-21 10:41:16,063 WARNING  edit  transport failure (NNsightException: Traceback (most recent call last):  RemoteException: Module nnsight.intervention.batching is not whitelisted) on v* step 279 attempt 1/8; retrying in 1s
2026-09-21 10:41:23,744 DEBUG    edit  batch step 279/400  summed loss 4.6216
2026-09-21 10:41:27,297 WARNING  edit  transport failure (NNsightException: Traceback (most recent call last):  RemoteException: Module nnsight.intervention.batching is not whitelisted) on v* step 280 attempt 1/8; retrying in 1s
2026-09-21 10:41:34,705 DEBUG    edit  batch step 280/400  summed loss 4.6159
2026-09-21 10:41:38,437 WARNING  edit  transport failure (NNsightException: Traceback (most recent call last):  RemoteException: Module nnsight.intervention.batching is not whitelisted) on v* step 281 attempt 1/8; retrying in 1s
2026-09-21 10:41:47,399 DEBUG    edit  batch step 281/400  summed loss 4.6204
2026-09-21 10:41:51,389 WARNING  edit  transport failure (NNsightException: Traceback (most recent call last):  RemoteException: Module nnsight.intervention.batching is not whitelisted) on v* step 282 attempt 1/8; retrying in 1s
2026-09-21 10:41:59,098 DEBUG    edit  batch step 282/400  summed loss 4.6372
2026-09-21 10:42:03,088 WARNING  edit  transport failure (NNsightException: Traceback (most recent call last):  RemoteException: Module nnsight.intervention.batching is not whitelisted) on v* step 283 attempt 1/8; retrying in 1s
2026-09-21 10:42:10,310 DEBUG    edit  batch step 283/400  summed loss 4.6056
2026-09-21 10:42:14,080 WARNING  edit  transport failure (NNsightException: Traceback (most recent call last):  RemoteException: Module nnsight.intervention.batching is not whitelisted) on v* step 284 attempt 1/8; retrying in 1s
2026-09-21 10:42:23,413 DEBUG    edit  batch step 284/400  summed loss 4.6267
2026-09-21 10:42:27,490 WARNING  edit  transport failure (NNsightException: Traceback (most recent call last):  RemoteException: Module nnsight.intervention.batching is not whitelisted) on v* step 285 attempt 1/8; retrying in 1s
2026-09-21 10:42:36,034 DEBUG    edit  batch step 285/400  summed loss 4.6319
2026-09-21 10:42:39,788 WARNING  edit  transport failure (NNsightException: Traceback (most recent call last):  RemoteException: Module nnsight.intervention.batching is not whitelisted) on v* step 286 attempt 1/8; retrying in 1s
2026-09-21 10:42:47,445 DEBUG    edit  batch step 286/400  summed loss 4.6233
2026-09-21 10:42:51,000 WARNING  edit  transport failure (NNsightException: Traceback (most recent call last):  RemoteException: Module nnsight.intervention.batching is not whitelisted) on v* step 287 attempt 1/8; retrying in 1s
2026-09-21 10:42:58,020 DEBUG    edit  batch step 287/400  summed loss 4.6341
2026-09-21 10:43:02,531 WARNING  edit  transport failure (NNsightException: Traceback (most recent call last):  RemoteException: Module nnsight.intervention.batching is not whitelisted) on v* step 288 attempt 1/8; retrying in 1s
2026-09-21 10:43:09,803 DEBUG    edit  batch step 288/400  summed loss 4.6307
2026-09-21 10:43:13,405 WARNING  edit  transport failure (NNsightException: Traceback (most recent call last):  RemoteException: Module nnsight.intervention.batching is not whitelisted) on v* step 289 attempt 1/8; retrying in 1s
2026-09-21 10:43:20,832 DEBUG    edit  batch step 289/400  summed loss 4.6325
2026-09-21 10:43:24,689 WARNING  edit  transport failure (NNsightException: Traceback (most recent call last):  RemoteException: Module nnsight.intervention.batching is not whitelisted) on v* step 290 attempt 1/8; retrying in 1s
2026-09-21 10:43:31,931 DEBUG    edit  batch step 290/400  summed loss 4.6287
2026-09-21 10:43:35,564 WARNING  edit  transport failure (NNsightException: Traceback (most recent call last):  RemoteException: Module nnsight.intervention.batching is not whitelisted) on v* step 291 attempt 1/8; retrying in 1s
2026-09-21 10:43:43,753 DEBUG    edit  batch step 291/400  summed loss 4.6207
2026-09-21 10:43:47,659 WARNING  edit  transport failure (NNsightException: Traceback (most recent call last):  RemoteException: Module nnsight.intervention.batching is not whitelisted) on v* step 292 attempt 1/8; retrying in 1s
2026-09-21 10:43:54,955 DEBUG    edit  batch step 292/400  summed loss 4.6185
2026-09-21 10:43:58,598 WARNING  edit  transport failure (NNsightException: Traceback (most recent call last):  RemoteException: Module nnsight.intervention.batching is not whitelisted) on v* step 293 attempt 1/8; retrying in 1s
2026-09-21 10:44:06,083 DEBUG    edit  batch step 293/400  summed loss 4.6341
2026-09-21 10:44:09,650 WARNING  edit  transport failure (NNsightException: Traceback (most recent call last):  RemoteException: Module nnsight.intervention.batching is not whitelisted) on v* step 294 attempt 1/8; retrying in 1s
2026-09-21 10:44:17,447 DEBUG    edit  batch step 294/400  summed loss 4.6338
2026-09-21 10:44:21,066 WARNING  edit  transport failure (NNsightException: Traceback (most recent call last):  RemoteException: Module nnsight.intervention.batching is not whitelisted) on v* step 295 attempt 1/8; retrying in 1s
2026-09-21 10:44:28,721 DEBUG    edit  batch step 295/400  summed loss 4.6314
2026-09-21 10:44:32,684 WARNING  edit  transport failure (NNsightException: Traceback (most recent call last):  RemoteException: Module nnsight.intervention.batching is not whitelisted) on v* step 296 attempt 1/8; retrying in 1s
2026-09-21 10:44:41,122 DEBUG    edit  batch step 296/400  summed loss 4.6255
2026-09-21 10:44:44,745 WARNING  edit  transport failure (NNsightException: Traceback (most recent call last):  RemoteException: Module nnsight.intervention.batching is not whitelisted) on v* step 297 attempt 1/8; retrying in 1s
2026-09-21 10:44:53,798 DEBUG    edit  batch step 297/400  summed loss 4.6214
2026-09-21 10:44:57,533 WARNING  edit  transport failure (NNsightException: Traceback (most recent call last):  RemoteException: Module nnsight.intervention.batching is not whitelisted) on v* step 298 attempt 1/8; retrying in 1s
2026-09-21 10:45:07,279 DEBUG    edit  batch step 298/400  summed loss 4.6461
2026-09-21 10:45:11,457 WARNING  edit  transport failure (NNsightException: Traceback (most recent call last):  RemoteException: Module nnsight.intervention.batching is not whitelisted) on v* step 299 attempt 1/8; retrying in 1s
2026-09-21 10:45:19,792 DEBUG    edit  batch step 299/400  summed loss 4.6461
2026-09-21 10:45:23,654 WARNING  edit  transport failure (NNsightException: Traceback (most recent call last):  RemoteException: Module nnsight.intervention.batching is not whitelisted) on v* step 300 attempt 1/8; retrying in 1s
2026-09-21 10:45:31,258 DEBUG    edit  batch step 300/400  summed loss 4.6209
2026-09-21 10:45:34,944 WARNING  edit  transport failure (NNsightException: Traceback (most recent call last):  RemoteException: Module nnsight.intervention.batching is not whitelisted) on v* step 301 attempt 1/8; retrying in 1s
2026-09-21 10:45:43,159 DEBUG    edit  batch step 301/400  summed loss 4.6380
2026-09-21 10:45:47,123 WARNING  edit  transport failure (NNsightException: Traceback (most recent call last):  RemoteException: Module nnsight.intervention.batching is not whitelisted) on v* step 302 attempt 1/8; retrying in 1s
2026-09-21 10:45:54,803 DEBUG    edit  batch step 302/400  summed loss 4.6252
2026-09-21 10:45:58,618 WARNING  edit  transport failure (NNsightException: Traceback (most recent call last):  RemoteException: Module nnsight.intervention.batching is not whitelisted) on v* step 303 attempt 1/8; retrying in 1s
2026-09-21 10:46:05,957 DEBUG    edit  batch step 303/400  summed loss 4.6439
2026-09-21 10:46:09,655 WARNING  edit  transport failure (NNsightException: Traceback (most recent call last):  RemoteException: Module nnsight.intervention.batching is not whitelisted) on v* step 304 attempt 1/8; retrying in 1s
2026-09-21 10:46:17,604 DEBUG    edit  batch step 304/400  summed loss 4.6350
2026-09-21 10:46:21,729 WARNING  edit  transport failure (NNsightException: Traceback (most recent call last):  RemoteException: Module nnsight.intervention.batching is not whitelisted) on v* step 305 attempt 1/8; retrying in 1s
2026-09-21 10:46:29,321 DEBUG    edit  batch step 305/400  summed loss 4.6407
2026-09-21 10:46:33,464 WARNING  edit  transport failure (NNsightException: Traceback (most recent call last):  RemoteException: Module nnsight.intervention.batching is not whitelisted) on v* step 306 attempt 1/8; retrying in 1s
2026-09-21 10:46:40,706 DEBUG    edit  batch step 306/400  summed loss 4.6420
2026-09-21 10:46:44,418 WARNING  edit  transport failure (NNsightException: Traceback (most recent call last):  RemoteException: Module nnsight.intervention.batching is not whitelisted) on v* step 307 attempt 1/8; retrying in 1s
2026-09-21 10:46:51,652 DEBUG    edit  batch step 307/400  summed loss 4.6533
2026-09-21 10:46:55,482 WARNING  edit  transport failure (NNsightException: Traceback (most recent call last):  RemoteException: Module nnsight.intervention.batching is not whitelisted) on v* step 308 attempt 1/8; retrying in 1s
2026-09-21 10:47:03,617 DEBUG    edit  batch step 308/400  summed loss 4.6227
2026-09-21 10:47:07,255 WARNING  edit  transport failure (NNsightException: Traceback (most recent call last):  RemoteException: Module nnsight.intervention.batching is not whitelisted) on v* step 309 attempt 1/8; retrying in 1s
2026-09-21 10:47:14,966 DEBUG    edit  batch step 309/400  summed loss 4.6496
2026-09-21 10:47:18,778 WARNING  edit  transport failure (NNsightException: Traceback (most recent call last):  RemoteException: Module nnsight.intervention.batching is not whitelisted) on v* step 310 attempt 1/8; retrying in 1s
2026-09-21 10:47:26,427 DEBUG    edit  batch step 310/400  summed loss 4.6396
2026-09-21 10:47:30,450 WARNING  edit  transport failure (NNsightException: Traceback (most recent call last):  RemoteException: Module nnsight.intervention.batching is not whitelisted) on v* step 311 attempt 1/8; retrying in 1s
2026-09-21 10:47:37,669 DEBUG    edit  batch step 311/400  summed loss 4.6505
2026-09-21 10:47:41,312 WARNING  edit  transport failure (NNsightException: Traceback (most recent call last):  RemoteException: Module nnsight.intervention.batching is not whitelisted) on v* step 312 attempt 1/8; retrying in 1s
2026-09-21 10:47:50,941 DEBUG    edit  batch step 312/400  summed loss 4.6576
2026-09-21 10:47:54,672 WARNING  edit  transport failure (NNsightException: Traceback (most recent call last):  RemoteException: Module nnsight.intervention.batching is not whitelisted) on v* step 313 attempt 1/8; retrying in 1s
2026-09-21 10:48:02,779 DEBUG    edit  batch step 313/400  summed loss 4.6268
2026-09-21 10:48:06,686 WARNING  edit  transport failure (NNsightException: Traceback (most recent call last):  RemoteException: Module nnsight.intervention.batching is not whitelisted) on v* step 314 attempt 1/8; retrying in 1s
2026-09-21 10:48:16,863 DEBUG    edit  batch step 314/400  summed loss 4.6596
2026-09-21 10:48:20,616 WARNING  edit  transport failure (NNsightException: Traceback (most recent call last):  RemoteException: Module nnsight.intervention.batching is not whitelisted) on v* step 315 attempt 1/8; retrying in 1s
2026-09-21 10:48:28,538 DEBUG    edit  batch step 315/400  summed loss 4.6610
2026-09-21 10:48:32,279 WARNING  edit  transport failure (NNsightException: Traceback (most recent call last):  RemoteException: Module nnsight.intervention.batching is not whitelisted) on v* step 316 attempt 1/8; retrying in 1s
2026-09-21 10:48:40,790 DEBUG    edit  batch step 316/400  summed loss 4.6440
2026-09-21 10:48:44,698 WARNING  edit  transport failure (NNsightException: Traceback (most recent call last):  RemoteException: Module nnsight.intervention.batching is not whitelisted) on v* step 317 attempt 1/8; retrying in 1s
2026-09-21 10:48:52,653 DEBUG    edit  batch step 317/400  summed loss 4.6638
2026-09-21 10:48:56,537 WARNING  edit  transport failure (NNsightException: Traceback (most recent call last):  RemoteException: Module nnsight.intervention.batching is not whitelisted) on v* step 318 attempt 1/8; retrying in 1s
2026-09-21 10:49:03,729 DEBUG    edit  batch step 318/400  summed loss 4.6487
2026-09-21 10:49:07,877 WARNING  edit  transport failure (NNsightException: Traceback (most recent call last):  RemoteException: Module nnsight.intervention.batching is not whitelisted) on v* step 319 attempt 1/8; retrying in 1s
2026-09-21 10:49:14,835 DEBUG    edit  batch step 319/400  summed loss 4.6430
2026-09-21 10:49:19,793 WARNING  edit  transport failure (NNsightException: Traceback (most recent call last):  RemoteException: Module nnsight.intervention.batching is not whitelisted) on v* step 320 attempt 1/8; retrying in 1s
2026-09-21 10:49:28,155 DEBUG    edit  batch step 320/400  summed loss 4.6558
2026-09-21 10:49:32,206 WARNING  edit  transport failure (NNsightException: Traceback (most recent call last):  RemoteException: Module nnsight.intervention.batching is not whitelisted) on v* step 321 attempt 1/8; retrying in 1s
2026-09-21 10:49:40,296 DEBUG    edit  batch step 321/400  summed loss 4.6509
2026-09-21 10:49:43,909 WARNING  edit  transport failure (NNsightException: Traceback (most recent call last):  RemoteException: Module nnsight.intervention.batching is not whitelisted) on v* step 322 attempt 1/8; retrying in 1s
2026-09-21 10:49:51,930 DEBUG    edit  batch step 322/400  summed loss 4.6547
2026-09-21 10:49:55,551 WARNING  edit  transport failure (NNsightException: Traceback (most recent call last):  RemoteException: Module nnsight.intervention.batching is not whitelisted) on v* step 323 attempt 1/8; retrying in 1s
2026-09-21 10:50:02,753 DEBUG    edit  batch step 323/400  summed loss 4.6398
2026-09-21 10:50:07,449 WARNING  edit  transport failure (NNsightException: Traceback (most recent call last):  RemoteException: Module nnsight.intervention.batching is not whitelisted) on v* step 324 attempt 1/8; retrying in 1s
2026-09-21 10:50:14,754 DEBUG    edit  batch step 324/400  summed loss 4.6588
2026-09-21 10:50:18,686 WARNING  edit  transport failure (NNsightException: Traceback (most recent call last):  RemoteException: Module nnsight.intervention.batching is not whitelisted) on v* step 325 attempt 1/8; retrying in 1s
2026-09-21 10:50:26,371 DEBUG    edit  batch step 325/400  summed loss 4.6458
2026-09-21 10:50:30,295 WARNING  edit  transport failure (NNsightException: Traceback (most recent call last):  RemoteException: Module nnsight.intervention.batching is not whitelisted) on v* step 326 attempt 1/8; retrying in 1s
2026-09-21 10:50:37,671 DEBUG    edit  batch step 326/400  summed loss 4.6674
2026-09-21 10:50:42,054 WARNING  edit  transport failure (NNsightException: Traceback (most recent call last):  RemoteException: Module nnsight.intervention.batching is not whitelisted) on v* step 327 attempt 1/8; retrying in 1s
2026-09-21 10:50:49,192 DEBUG    edit  batch step 327/400  summed loss 4.6672
2026-09-21 10:50:52,827 WARNING  edit  transport failure (NNsightException: Traceback (most recent call last):  RemoteException: Module nnsight.intervention.batching is not whitelisted) on v* step 328 attempt 1/8; retrying in 1s
2026-09-21 10:51:01,043 DEBUG    edit  batch step 328/400  summed loss 4.6686
2026-09-21 10:51:04,884 WARNING  edit  transport failure (NNsightException: Traceback (most recent call last):  RemoteException: Module nnsight.intervention.batching is not whitelisted) on v* step 329 attempt 1/8; retrying in 1s
2026-09-21 10:51:12,056 DEBUG    edit  batch step 329/400  summed loss 4.6539
2026-09-21 10:51:16,707 WARNING  edit  transport failure (NNsightException: Traceback (most recent call last):  RemoteException: Module nnsight.intervention.batching is not whitelisted) on v* step 330 attempt 1/8; retrying in 1s
2026-09-21 10:51:25,214 DEBUG    edit  batch step 330/400  summed loss 4.6482
2026-09-21 10:51:29,010 WARNING  edit  transport failure (NNsightException: Traceback (most recent call last):  RemoteException: Module nnsight.intervention.batching is not whitelisted) on v* step 331 attempt 1/8; retrying in 1s
2026-09-21 10:51:36,488 DEBUG    edit  batch step 331/400  summed loss 4.6699
2026-09-21 10:51:40,242 WARNING  edit  transport failure (NNsightException: Traceback (most recent call last):  RemoteException: Module nnsight.intervention.batching is not whitelisted) on v* step 332 attempt 1/8; retrying in 1s
2026-09-21 10:51:47,457 DEBUG    edit  batch step 332/400  summed loss 4.6610
2026-09-21 10:51:51,613 WARNING  edit  transport failure (NNsightException: Traceback (most recent call last):  RemoteException: Module nnsight.intervention.batching is not whitelisted) on v* step 333 attempt 1/8; retrying in 1s
2026-09-21 10:51:58,725 DEBUG    edit  batch step 333/400  summed loss 4.6679
2026-09-21 10:52:02,481 WARNING  edit  transport failure (NNsightException: Traceback (most recent call last):  RemoteException: Module nnsight.intervention.batching is not whitelisted) on v* step 334 attempt 1/8; retrying in 1s
2026-09-21 10:52:10,347 DEBUG    edit  batch step 334/400  summed loss 4.6768
2026-09-21 10:52:14,143 WARNING  edit  transport failure (NNsightException: Traceback (most recent call last):  RemoteException: Module nnsight.intervention.batching is not whitelisted) on v* step 335 attempt 1/8; retrying in 1s
2026-09-21 10:52:21,357 DEBUG    edit  batch step 335/400  summed loss 4.6730
2026-09-21 10:52:24,926 WARNING  edit  transport failure (NNsightException: Traceback (most recent call last):  RemoteException: Module nnsight.intervention.batching is not whitelisted) on v* step 336 attempt 1/8; retrying in 1s
2026-09-21 10:52:32,437 DEBUG    edit  batch step 336/400  summed loss 4.6680
2026-09-21 10:52:36,570 WARNING  edit  transport failure (NNsightException: Traceback (most recent call last):  RemoteException: Module nnsight.intervention.batching is not whitelisted) on v* step 337 attempt 1/8; retrying in 1s
2026-09-21 10:52:46,908 DEBUG    edit  batch step 337/400  summed loss 4.6688
2026-09-21 10:52:51,100 WARNING  edit  transport failure (NNsightException: Traceback (most recent call last):  RemoteException: Module nnsight.intervention.batching is not whitelisted) on v* step 338 attempt 1/8; retrying in 1s
2026-09-21 10:52:58,462 DEBUG    edit  batch step 338/400  summed loss 4.6421
2026-09-21 10:53:02,275 WARNING  edit  transport failure (NNsightException: Traceback (most recent call last):  RemoteException: Module nnsight.intervention.batching is not whitelisted) on v* step 339 attempt 1/8; retrying in 1s
2026-09-21 10:53:09,393 DEBUG    edit  batch step 339/400  summed loss 4.6578
2026-09-21 10:53:13,452 WARNING  edit  transport failure (NNsightException: Traceback (most recent call last):  RemoteException: Module nnsight.intervention.batching is not whitelisted) on v* step 340 attempt 1/8; retrying in 1s
2026-09-21 10:53:21,681 DEBUG    edit  batch step 340/400  summed loss 4.6690
2026-09-21 10:53:25,904 WARNING  edit  transport failure (NNsightException: Traceback (most recent call last):  RemoteException: Module nnsight.intervention.batching is not whitelisted) on v* step 341 attempt 1/8; retrying in 1s
2026-09-21 10:53:34,422 DEBUG    edit  batch step 341/400  summed loss 4.6613
2026-09-21 10:53:38,198 WARNING  edit  transport failure (NNsightException: Traceback (most recent call last):  RemoteException: Module nnsight.intervention.batching is not whitelisted) on v* step 342 attempt 1/8; retrying in 1s
2026-09-21 10:53:46,027 DEBUG    edit  batch step 342/400  summed loss 4.6730
2026-09-21 10:53:49,968 WARNING  edit  transport failure (NNsightException: Traceback (most recent call last):  RemoteException: Module nnsight.intervention.batching is not whitelisted) on v* step 343 attempt 1/8; retrying in 1s
2026-09-21 10:53:58,334 DEBUG    edit  batch step 343/400  summed loss 4.6649
2026-09-21 10:54:02,125 WARNING  edit  transport failure (NNsightException: Traceback (most recent call last):  RemoteException: Module nnsight.intervention.batching is not whitelisted) on v* step 344 attempt 1/8; retrying in 1s
2026-09-21 10:54:09,373 DEBUG    edit  batch step 344/400  summed loss 4.6785
2026-09-21 10:54:13,889 WARNING  edit  transport failure (NNsightException: Traceback (most recent call last):  RemoteException: Module nnsight.intervention.batching is not whitelisted) on v* step 345 attempt 1/8; retrying in 1s
2026-09-21 10:54:22,030 DEBUG    edit  batch step 345/400  summed loss 4.6841
2026-09-21 10:54:25,588 WARNING  edit  transport failure (NNsightException: Traceback (most recent call last):  RemoteException: Module nnsight.intervention.batching is not whitelisted) on v* step 346 attempt 1/8; retrying in 1s
2026-09-21 10:54:33,001 DEBUG    edit  batch step 346/400  summed loss 4.6857
2026-09-21 10:54:36,674 WARNING  edit  transport failure (NNsightException: Traceback (most recent call last):  RemoteException: Module nnsight.intervention.batching is not whitelisted) on v* step 347 attempt 1/8; retrying in 1s
2026-09-21 10:54:44,143 DEBUG    edit  batch step 347/400  summed loss 4.6694
2026-09-21 10:54:48,100 WARNING  edit  transport failure (NNsightException: Traceback (most recent call last):  RemoteException: Module nnsight.intervention.batching is not whitelisted) on v* step 348 attempt 1/8; retrying in 1s
2026-09-21 10:54:55,224 DEBUG    edit  batch step 348/400  summed loss 4.6840
2026-09-21 10:54:58,772 WARNING  edit  transport failure (NNsightException: Traceback (most recent call last):  RemoteException: Module nnsight.intervention.batching is not whitelisted) on v* step 349 attempt 1/8; retrying in 1s
2026-09-21 10:55:06,032 DEBUG    edit  batch step 349/400  summed loss 4.6763
2026-09-21 10:55:09,725 WARNING  edit  transport failure (NNsightException: Traceback (most recent call last):  RemoteException: Module nnsight.intervention.batching is not whitelisted) on v* step 350 attempt 1/8; retrying in 1s
2026-09-21 10:55:17,130 DEBUG    edit  batch step 350/400  summed loss 4.6870
2026-09-21 10:55:20,808 WARNING  edit  transport failure (NNsightException: Traceback (most recent call last):  RemoteException: Module nnsight.intervention.batching is not whitelisted) on v* step 351 attempt 1/8; retrying in 1s
2026-09-21 10:55:28,154 DEBUG    edit  batch step 351/400  summed loss 4.6798
2026-09-21 10:55:31,642 WARNING  edit  transport failure (NNsightException: Traceback (most recent call last):  RemoteException: Module nnsight.intervention.batching is not whitelisted) on v* step 352 attempt 1/8; retrying in 1s
2026-09-21 10:55:40,255 DEBUG    edit  batch step 352/400  summed loss 4.6693
2026-09-21 10:55:43,843 WARNING  edit  transport failure (NNsightException: Traceback (most recent call last):  RemoteException: Module nnsight.intervention.batching is not whitelisted) on v* step 353 attempt 1/8; retrying in 1s
2026-09-21 10:55:50,961 DEBUG    edit  batch step 353/400  summed loss 4.6893
2026-09-21 10:55:54,559 WARNING  edit  transport failure (NNsightException: Traceback (most recent call last):  RemoteException: Module nnsight.intervention.batching is not whitelisted) on v* step 354 attempt 1/8; retrying in 1s
2026-09-21 10:56:01,641 DEBUG    edit  batch step 354/400  summed loss 4.6748
2026-09-21 10:56:05,414 WARNING  edit  transport failure (NNsightException: Traceback (most recent call last):  RemoteException: Module nnsight.intervention.batching is not whitelisted) on v* step 355 attempt 1/8; retrying in 1s
2026-09-21 10:56:13,159 DEBUG    edit  batch step 355/400  summed loss 4.6860
2026-09-21 10:56:16,925 WARNING  edit  transport failure (NNsightException: Traceback (most recent call last):  RemoteException: Module nnsight.intervention.batching is not whitelisted) on v* step 356 attempt 1/8; retrying in 1s
2026-09-21 10:56:24,137 DEBUG    edit  batch step 356/400  summed loss 4.6741
2026-09-21 10:56:27,690 WARNING  edit  transport failure (NNsightException: Traceback (most recent call last):  RemoteException: Module nnsight.intervention.batching is not whitelisted) on v* step 357 attempt 1/8; retrying in 1s
2026-09-21 10:56:35,222 DEBUG    edit  batch step 357/400  summed loss 4.6928
2026-09-21 10:56:39,550 WARNING  edit  transport failure (NNsightException: Traceback (most recent call last):  RemoteException: Module nnsight.intervention.batching is not whitelisted) on v* step 358 attempt 1/8; retrying in 1s
2026-09-21 10:56:49,995 DEBUG    edit  batch step 358/400  summed loss 4.6834
2026-09-21 10:56:53,574 WARNING  edit  transport failure (NNsightException: Traceback (most recent call last):  RemoteException: Module nnsight.intervention.batching is not whitelisted) on v* step 359 attempt 1/8; retrying in 1s
2026-09-21 10:57:00,798 DEBUG    edit  batch step 359/400  summed loss 4.6853
2026-09-21 10:57:04,414 WARNING  edit  transport failure (NNsightException: Traceback (most recent call last):  RemoteException: Module nnsight.intervention.batching is not whitelisted) on v* step 360 attempt 1/8; retrying in 1s
2026-09-21 10:57:11,857 DEBUG    edit  batch step 360/400  summed loss 4.6746
2026-09-21 10:57:15,840 WARNING  edit  transport failure (NNsightException: Traceback (most recent call last):  RemoteException: Module nnsight.intervention.batching is not whitelisted) on v* step 361 attempt 1/8; retrying in 1s
2026-09-21 10:57:23,414 DEBUG    edit  batch step 361/400  summed loss 4.6715
2026-09-21 10:57:27,368 WARNING  edit  transport failure (NNsightException: Traceback (most recent call last):  RemoteException: Module nnsight.intervention.batching is not whitelisted) on v* step 362 attempt 1/8; retrying in 1s
2026-09-21 10:57:35,178 DEBUG    edit  batch step 362/400  summed loss 4.6917
2026-09-21 10:57:39,019 WARNING  edit  transport failure (NNsightException: Traceback (most recent call last):  RemoteException: Module nnsight.intervention.batching is not whitelisted) on v* step 363 attempt 1/8; retrying in 1s
2026-09-21 10:57:46,801 DEBUG    edit  batch step 363/400  summed loss 4.6854
2026-09-21 10:57:50,461 WARNING  edit  transport failure (NNsightException: Traceback (most recent call last):  RemoteException: Module nnsight.intervention.batching is not whitelisted) on v* step 364 attempt 1/8; retrying in 1s
2026-09-21 10:57:58,129 DEBUG    edit  batch step 364/400  summed loss 4.6910
2026-09-21 10:58:02,330 WARNING  edit  transport failure (NNsightException: Traceback (most recent call last):  RemoteException: Module nnsight.intervention.batching is not whitelisted) on v* step 365 attempt 1/8; retrying in 1s
2026-09-21 10:58:10,546 DEBUG    edit  batch step 365/400  summed loss 4.6959
2026-09-21 10:58:14,686 WARNING  edit  transport failure (NNsightException: Traceback (most recent call last):  RemoteException: Module nnsight.intervention.batching is not whitelisted) on v* step 366 attempt 1/8; retrying in 1s
2026-09-21 10:58:25,079 DEBUG    edit  batch step 366/400  summed loss 4.6886
2026-09-21 10:58:28,837 WARNING  edit  transport failure (NNsightException: Traceback (most recent call last):  RemoteException: Module nnsight.intervention.batching is not whitelisted) on v* step 367 attempt 1/8; retrying in 1s
2026-09-21 10:58:37,055 DEBUG    edit  batch step 367/400  summed loss 4.6928
2026-09-21 10:58:40,914 WARNING  edit  transport failure (NNsightException: Traceback (most recent call last):  RemoteException: Module nnsight.intervention.batching is not whitelisted) on v* step 368 attempt 1/8; retrying in 1s
2026-09-21 10:58:48,398 DEBUG    edit  batch step 368/400  summed loss 4.6889
2026-09-21 10:58:52,879 WARNING  edit  transport failure (NNsightException: Traceback (most recent call last):  RemoteException: Module nnsight.intervention.batching is not whitelisted) on v* step 369 attempt 1/8; retrying in 1s
2026-09-21 10:59:00,312 DEBUG    edit  batch step 369/400  summed loss 4.7105
2026-09-21 10:59:04,400 WARNING  edit  transport failure (NNsightException: Traceback (most recent call last):  RemoteException: Module nnsight.intervention.batching is not whitelisted) on v* step 370 attempt 1/8; retrying in 1s
2026-09-21 10:59:12,036 DEBUG    edit  batch step 370/400  summed loss 4.7082
2026-09-21 10:59:15,861 WARNING  edit  transport failure (NNsightException: Traceback (most recent call last):  RemoteException: Module nnsight.intervention.batching is not whitelisted) on v* step 371 attempt 1/8; retrying in 1s
2026-09-21 10:59:25,350 DEBUG    edit  batch step 371/400  summed loss 4.6907
2026-09-21 10:59:29,880 WARNING  edit  transport failure (NNsightException: Traceback (most recent call last):  RemoteException: Module nnsight.intervention.batching is not whitelisted) on v* step 372 attempt 1/8; retrying in 1s
2026-09-21 10:59:37,495 DEBUG    edit  batch step 372/400  summed loss 4.6920
2026-09-21 10:59:41,017 WARNING  edit  transport failure (NNsightException: Traceback (most recent call last):  RemoteException: Module nnsight.intervention.batching is not whitelisted) on v* step 373 attempt 1/8; retrying in 1s
2026-09-21 10:59:48,139 DEBUG    edit  batch step 373/400  summed loss 4.6887
2026-09-21 10:59:53,108 WARNING  edit  transport failure (NNsightException: Traceback (most recent call last):  RemoteException: Module nnsight.intervention.batching is not whitelisted) on v* step 374 attempt 1/8; retrying in 1s
2026-09-21 11:00:00,312 DEBUG    edit  batch step 374/400  summed loss 4.6850
2026-09-21 11:00:04,043 WARNING  edit  transport failure (NNsightException: Traceback (most recent call last):  RemoteException: Module nnsight.intervention.batching is not whitelisted) on v* step 375 attempt 1/8; retrying in 1s
2026-09-21 11:00:11,936 DEBUG    edit  batch step 375/400  summed loss 4.7049
2026-09-21 11:00:16,019 WARNING  edit  transport failure (NNsightException: Traceback (most recent call last):  RemoteException: Module nnsight.intervention.batching is not whitelisted) on v* step 376 attempt 1/8; retrying in 1s
2026-09-21 11:00:25,428 DEBUG    edit  batch step 376/400  summed loss 4.6871
2026-09-21 11:00:29,855 WARNING  edit  transport failure (NNsightException: Traceback (most recent call last):  RemoteException: Module nnsight.intervention.batching is not whitelisted) on v* step 377 attempt 1/8; retrying in 1s
2026-09-21 11:00:38,693 DEBUG    edit  batch step 377/400  summed loss 4.6922
2026-09-21 11:00:42,355 WARNING  edit  transport failure (NNsightException: Traceback (most recent call last):  RemoteException: Module nnsight.intervention.batching is not whitelisted) on v* step 378 attempt 1/8; retrying in 1s
2026-09-21 11:00:50,494 DEBUG    edit  batch step 378/400  summed loss 4.6994
2026-09-21 11:00:54,339 WARNING  edit  transport failure (NNsightException: Traceback (most recent call last):  RemoteException: Module nnsight.intervention.batching is not whitelisted) on v* step 379 attempt 1/8; retrying in 1s
2026-09-21 11:01:01,770 DEBUG    edit  batch step 379/400  summed loss 4.7086
2026-09-21 11:01:05,513 WARNING  edit  transport failure (NNsightException: Traceback (most recent call last):  RemoteException: Module nnsight.intervention.batching is not whitelisted) on v* step 380 attempt 1/8; retrying in 1s
2026-09-21 11:01:13,660 DEBUG    edit  batch step 380/400  summed loss 4.7001
2026-09-21 11:01:18,058 WARNING  edit  transport failure (NNsightException: Traceback (most recent call last):  RemoteException: Module nnsight.intervention.batching is not whitelisted) on v* step 381 attempt 1/8; retrying in 1s
2026-09-21 11:01:26,148 DEBUG    edit  batch step 381/400  summed loss 4.7100
2026-09-21 11:01:29,886 WARNING  edit  transport failure (NNsightException: Traceback (most recent call last):  RemoteException: Module nnsight.intervention.batching is not whitelisted) on v* step 382 attempt 1/8; retrying in 1s
2026-09-21 11:01:37,487 DEBUG    edit  batch step 382/400  summed loss 4.7080
2026-09-21 11:01:41,235 WARNING  edit  transport failure (NNsightException: Traceback (most recent call last):  RemoteException: Module nnsight.intervention.batching is not whitelisted) on v* step 383 attempt 1/8; retrying in 1s
2026-09-21 11:01:48,640 DEBUG    edit  batch step 383/400  summed loss 4.7127
2026-09-21 11:01:52,626 WARNING  edit  transport failure (NNsightException: Traceback (most recent call last):  RemoteException: Module nnsight.intervention.batching is not whitelisted) on v* step 384 attempt 1/8; retrying in 1s
2026-09-21 11:01:59,999 DEBUG    edit  batch step 384/400  summed loss 4.7097
2026-09-21 11:02:06,075 WARNING  edit  transport failure (NNsightException: Traceback (most recent call last):  RemoteException: Module nnsight.intervention.batching is not whitelisted) on v* step 385 attempt 1/8; retrying in 1s
2026-09-21 11:02:13,754 DEBUG    edit  batch step 385/400  summed loss 4.7083
2026-09-21 11:02:18,438 WARNING  edit  transport failure (NNsightException: Traceback (most recent call last):  RemoteException: Module nnsight.intervention.batching is not whitelisted) on v* step 386 attempt 1/8; retrying in 1s
2026-09-21 11:02:25,891 DEBUG    edit  batch step 386/400  summed loss 4.6999
2026-09-21 11:02:29,632 WARNING  edit  transport failure (NNsightException: Traceback (most recent call last):  RemoteException: Module nnsight.intervention.batching is not whitelisted) on v* step 387 attempt 1/8; retrying in 1s
2026-09-21 11:02:43,061 DEBUG    edit  batch step 387/400  summed loss 4.6982
2026-09-21 11:02:47,160 WARNING  edit  transport failure (NNsightException: Traceback (most recent call last):  RemoteException: Module nnsight.intervention.batching is not whitelisted) on v* step 388 attempt 1/8; retrying in 1s
2026-09-21 11:02:54,809 DEBUG    edit  batch step 388/400  summed loss 4.7208
2026-09-21 11:02:58,572 WARNING  edit  transport failure (NNsightException: Traceback (most recent call last):  RemoteException: Module nnsight.intervention.batching is not whitelisted) on v* step 389 attempt 1/8; retrying in 1s
2026-09-21 11:03:06,502 DEBUG    edit  batch step 389/400  summed loss 4.6952
2026-09-21 11:03:10,093 WARNING  edit  transport failure (NNsightException: Traceback (most recent call last):  RemoteException: Module nnsight.intervention.batching is not whitelisted) on v* step 390 attempt 1/8; retrying in 1s
2026-09-21 11:03:18,245 DEBUG    edit  batch step 390/400  summed loss 4.7209
2026-09-21 11:03:22,046 WARNING  edit  transport failure (NNsightException: Traceback (most recent call last):  RemoteException: Module nnsight.intervention.batching is not whitelisted) on v* step 391 attempt 1/8; retrying in 1s
2026-09-21 11:03:29,434 DEBUG    edit  batch step 391/400  summed loss 4.7031
2026-09-21 11:03:33,521 WARNING  edit  transport failure (NNsightException: Traceback (most recent call last):  RemoteException: Module nnsight.intervention.batching is not whitelisted) on v* step 392 attempt 1/8; retrying in 1s
2026-09-21 11:03:40,724 DEBUG    edit  batch step 392/400  summed loss 4.6892
2026-09-21 11:03:44,648 WARNING  edit  transport failure (NNsightException: Traceback (most recent call last):  RemoteException: Module nnsight.intervention.batching is not whitelisted) on v* step 393 attempt 1/8; retrying in 1s
2026-09-21 11:03:52,024 DEBUG    edit  batch step 393/400  summed loss 4.6971
2026-09-21 11:03:55,760 WARNING  edit  transport failure (NNsightException: Traceback (most recent call last):  RemoteException: Module nnsight.intervention.batching is not whitelisted) on v* step 394 attempt 1/8; retrying in 1s
2026-09-21 11:04:03,250 DEBUG    edit  batch step 394/400  summed loss 4.7160
2026-09-21 11:04:06,885 WARNING  edit  transport failure (NNsightException: Traceback (most recent call last):  RemoteException: Module nnsight.intervention.batching is not whitelisted) on v* step 395 attempt 1/8; retrying in 1s
2026-09-21 11:04:14,681 DEBUG    edit  batch step 395/400  summed loss 4.6915
2026-09-21 11:04:18,684 WARNING  edit  transport failure (NNsightException: Traceback (most recent call last):  RemoteException: Module nnsight.intervention.batching is not whitelisted) on v* step 396 attempt 1/8; retrying in 1s
2026-09-21 11:04:26,147 DEBUG    edit  batch step 396/400  summed loss 4.7090
2026-09-21 11:04:29,811 WARNING  edit  transport failure (NNsightException: Traceback (most recent call last):  RemoteException: Module nnsight.intervention.batching is not whitelisted) on v* step 397 attempt 1/8; retrying in 1s
2026-09-21 11:04:37,495 DEBUG    edit  batch step 397/400  summed loss 4.7229
2026-09-21 11:04:41,299 WARNING  edit  transport failure (NNsightException: Traceback (most recent call last):  RemoteException: Module nnsight.intervention.batching is not whitelisted) on v* step 398 attempt 1/8; retrying in 1s
2026-09-21 11:04:49,319 DEBUG    edit  batch step 398/400  summed loss 4.7197
2026-09-21 11:04:52,805 WARNING  edit  transport failure (NNsightException: Traceback (most recent call last):  RemoteException: Module nnsight.intervention.batching is not whitelisted) on v* step 399 attempt 1/8; retrying in 1s
2026-09-21 11:05:01,059 DEBUG    edit  batch step 399/400  summed loss 4.7034
2026-09-21 11:05:04,939 WARNING  edit  transport failure (NNsightException: Traceback (most recent call last):  RemoteException: Module nnsight.intervention.batching is not whitelisted) on v* step 400 attempt 1/8; retrying in 1s
2026-09-21 11:05:13,540 DEBUG    edit  batch step 400/400  summed loss 4.7096
2026-09-21 11:05:13,547 INFO     run_e028d    took 80 min
2026-09-21 11:05:15,339 WARNING  remote  transport failure (NNsightException: Traceback (most recent call last):  RemoteException: Module nnsight.intervention.batching is not whitelisted) during k* read for 'Henry Mackenzie', attempt 1/8; retrying in 1s
2026-09-21 11:05:20,813 WARNING  remote  transport failure (NNsightException: Traceback (most recent call last):  RemoteException: Module nnsight.intervention.batching is not whitelisted) during k* read for 'Maurice de Vlaminck', attempt 1/8; retrying in 1s
2026-09-21 11:05:26,340 WARNING  remote  transport failure (NNsightException: Traceback (most recent call last):  RemoteException: Module nnsight.intervention.batching is not whitelisted) during k* read for 'Rio Natsuki', attempt 1/8; retrying in 1s
2026-09-21 11:05:31,844 WARNING  remote  transport failure (NNsightException: Traceback (most recent call last):  RemoteException: Module nnsight.intervention.batching is not whitelisted) during k* read for 'Lunice', attempt 1/8; retrying in 1s
2026-09-21 11:05:37,726 WARNING  remote  transport failure (NNsightException: Traceback (most recent call last):  RemoteException: Module nnsight.intervention.batching is not whitelisted) during k* read for 'Charles Nungesser', attempt 1/8; retrying in 1s
2026-09-21 11:05:43,071 WARNING  remote  transport failure (NNsightException: Traceback (most recent call last):  RemoteException: Module nnsight.intervention.batching is not whitelisted) during k* read for 'Clark Durant', attempt 1/8; retrying in 1s
2026-09-21 11:05:48,704 WARNING  remote  transport failure (NNsightException: Traceback (most recent call last):  RemoteException: Module nnsight.intervention.batching is not whitelisted) during k* read for 'Matias Kupiainen', attempt 1/8; retrying in 1s
2026-09-21 11:05:54,109 WARNING  remote  transport failure (NNsightException: Traceback (most recent call last):  RemoteException: Module nnsight.intervention.batching is not whitelisted) during k* read for 'Maria Altmann', attempt 1/8; retrying in 1s
2026-09-21 11:05:59,541 WARNING  remote  transport failure (NNsightException: Traceback (most recent call last):  RemoteException: Module nnsight.intervention.batching is not whitelisted) during k* read for 'Yona Friedman', attempt 1/8; retrying in 1s
2026-09-21 11:06:04,963 WARNING  remote  transport failure (NNsightException: Traceback (most recent call last):  RemoteException: Module nnsight.intervention.batching is not whitelisted) during k* read for 'Silvia Abascal', attempt 1/8; retrying in 1s
2026-09-21 11:06:10,344 WARNING  remote  transport failure (NNsightException: Traceback (most recent call last):  RemoteException: Module nnsight.intervention.batching is not whitelisted) during k* read for 'Charles Montague Cooke, Jr.', attempt 1/8; retrying in 1s
2026-09-21 11:06:15,800 WARNING  remote  transport failure (NNsightException: Traceback (most recent call last):  RemoteException: Module nnsight.intervention.batching is not whitelisted) during k* read for 'James Forten', attempt 1/8; retrying in 1s
2026-09-21 11:06:19,516 INFO     run_e028d  clamp occupancy 62% of ceiling; 0/12 at cap
2026-09-21 11:06:21,239 WARNING  remote  transport failure (NNsightException) on attempt 1/8; retrying in 5s
2026-09-21 11:06:28,891 DEBUG    remote  trace ok: 5 rows, 7 tok, 2.6s
2026-09-21 11:06:31,115 WARNING  remote  transport failure (NNsightException) on attempt 1/8; retrying in 5s
2026-09-21 11:06:39,036 DEBUG    remote  trace ok: 5 rows, 7 tok, 2.9s
2026-09-21 11:06:39,037 INFO     run_e028d    scored 1/12  Henry Mackenzie
2026-09-21 11:06:40,748 WARNING  remote  transport failure (NNsightException) on attempt 1/8; retrying in 5s
2026-09-21 11:06:48,260 DEBUG    remote  trace ok: 5 rows, 5 tok, 2.5s
2026-09-21 11:06:50,380 WARNING  remote  transport failure (NNsightException) on attempt 1/8; retrying in 5s
2026-09-21 11:06:58,312 DEBUG    remote  trace ok: 5 rows, 5 tok, 2.9s
2026-09-21 11:06:58,313 INFO     run_e028d    scored 2/12  Maurice de Vlaminck
2026-09-21 11:07:00,130 WARNING  remote  transport failure (NNsightException) on attempt 1/8; retrying in 5s
2026-09-21 11:07:07,875 DEBUG    remote  trace ok: 5 rows, 5 tok, 2.7s
2026-09-21 11:07:09,980 WARNING  remote  transport failure (NNsightException) on attempt 1/8; retrying in 5s
2026-09-21 11:07:17,976 DEBUG    remote  trace ok: 5 rows, 5 tok, 3.0s
2026-09-21 11:07:17,976 INFO     run_e028d    scored 3/12  Rio Natsuki
2026-09-21 11:07:19,689 WARNING  remote  transport failure (NNsightException) on attempt 1/8; retrying in 5s
2026-09-21 11:07:27,308 DEBUG    remote  trace ok: 5 rows, 5 tok, 2.6s
2026-09-21 11:07:29,459 WARNING  remote  transport failure (NNsightException) on attempt 1/8; retrying in 5s
2026-09-21 11:07:37,453 DEBUG    remote  trace ok: 5 rows, 5 tok, 3.0s
2026-09-21 11:07:37,453 INFO     run_e028d    scored 4/12  Lunice
2026-09-21 11:07:39,274 WARNING  remote  transport failure (NNsightException) on attempt 1/8; retrying in 5s
2026-09-21 11:07:46,832 DEBUG    remote  trace ok: 5 rows, 5 tok, 2.6s
2026-09-21 11:07:49,033 WARNING  remote  transport failure (NNsightException) on attempt 1/8; retrying in 5s
2026-09-21 11:07:56,998 DEBUG    remote  trace ok: 5 rows, 5 tok, 3.0s
2026-09-21 11:07:56,998 INFO     run_e028d    scored 5/12  Charles Nungesser
2026-09-21 11:07:58,742 WARNING  remote  transport failure (NNsightException) on attempt 1/8; retrying in 5s
2026-09-21 11:08:06,347 DEBUG    remote  trace ok: 5 rows, 7 tok, 2.6s
2026-09-21 11:08:08,584 WARNING  remote  transport failure (NNsightException) on attempt 1/8; retrying in 5s
2026-09-21 11:08:16,572 DEBUG    remote  trace ok: 5 rows, 7 tok, 3.0s
2026-09-21 11:08:16,572 INFO     run_e028d    scored 6/12  Clark Durant
2026-09-21 11:08:18,324 WARNING  remote  transport failure (NNsightException) on attempt 1/8; retrying in 5s
2026-09-21 11:08:26,180 DEBUG    remote  trace ok: 5 rows, 5 tok, 2.8s
2026-09-21 11:08:28,402 WARNING  remote  transport failure (NNsightException) on attempt 1/8; retrying in 5s
2026-09-21 11:08:36,351 DEBUG    remote  trace ok: 5 rows, 5 tok, 2.9s
2026-09-21 11:08:36,351 INFO     run_e028d    scored 7/12  Matias Kupiainen
2026-09-21 11:08:38,131 WARNING  remote  transport failure (NNsightException) on attempt 1/8; retrying in 5s
2026-09-21 11:08:45,677 DEBUG    remote  trace ok: 5 rows, 5 tok, 2.5s
2026-09-21 11:08:47,828 WARNING  remote  transport failure (NNsightException) on attempt 1/8; retrying in 5s
2026-09-21 11:08:55,783 DEBUG    remote  trace ok: 5 rows, 5 tok, 2.9s
2026-09-21 11:08:55,784 INFO     run_e028d    scored 8/12  Maria Altmann
2026-09-21 11:08:57,505 WARNING  remote  transport failure (NNsightException) on attempt 1/8; retrying in 5s
2026-09-21 11:09:05,187 DEBUG    remote  trace ok: 5 rows, 5 tok, 2.7s
2026-09-21 11:09:07,367 WARNING  remote  transport failure (NNsightException) on attempt 1/8; retrying in 5s
2026-09-21 11:09:15,412 DEBUG    remote  trace ok: 5 rows, 5 tok, 3.0s
2026-09-21 11:09:15,413 INFO     run_e028d    scored 9/12  Yona Friedman
2026-09-21 11:09:17,143 WARNING  remote  transport failure (NNsightException) on attempt 1/8; retrying in 5s
2026-09-21 11:09:24,824 DEBUG    remote  trace ok: 5 rows, 5 tok, 2.7s
2026-09-21 11:09:26,969 WARNING  remote  transport failure (NNsightException) on attempt 1/8; retrying in 5s
2026-09-21 11:09:34,914 DEBUG    remote  trace ok: 5 rows, 5 tok, 2.9s
2026-09-21 11:09:34,915 INFO     run_e028d    scored 10/12  Silvia Abascal
2026-09-21 11:09:36,593 WARNING  remote  transport failure (NNsightException) on attempt 1/8; retrying in 5s
2026-09-21 11:09:44,129 DEBUG    remote  trace ok: 5 rows, 7 tok, 2.5s
2026-09-21 11:09:46,258 WARNING  remote  transport failure (NNsightException) on attempt 1/8; retrying in 5s
2026-09-21 11:09:54,495 DEBUG    remote  trace ok: 5 rows, 7 tok, 3.2s
2026-09-21 11:09:54,496 INFO     run_e028d    scored 11/12  Charles Montague Cooke, Jr.
2026-09-21 11:09:56,175 WARNING  remote  transport failure (NNsightException) on attempt 1/8; retrying in 5s
2026-09-21 11:10:03,886 DEBUG    remote  trace ok: 5 rows, 7 tok, 2.7s
2026-09-21 11:10:06,058 WARNING  remote  transport failure (NNsightException) on attempt 1/8; retrying in 5s
2026-09-21 11:10:14,130 DEBUG    remote  trace ok: 5 rows, 7 tok, 3.1s
2026-09-21 11:10:14,130 INFO     run_e028d    scored 12/12  James Forten
2026-09-21 11:10:14,131 INFO     run_e028d  
2026-09-21 11:10:14,131 INFO     run_e028d  E-028d — ROME's update rule at L5, 400 steps (n=12)
2026-09-21 11:10:14,131 INFO     run_e028d  belief displacement on the edit prompt 11.74 nats   ||dv|| 7.84   (L5@25 was 7.26 / 7.27)
2026-09-21 11:10:14,131 INFO     run_e028d  
2026-09-21 11:10:14,132 INFO     run_e028d  form            baseline post-edit      drop
2026-09-21 11:10:14,132 INFO     run_e028d  initial            -1.12    -14.23     12.96
2026-09-21 11:10:14,132 INFO     run_e028d  possessive         -1.46    -12.70     11.07
2026-09-21 11:10:14,133 INFO     run_e028d  
2026-09-21 11:10:14,133 INFO     run_e028d  the 2x2 on subject-initial propagation:
2026-09-21 11:10:14,133 INFO     run_e028d                    25 steps     400 steps
2026-09-21 11:10:14,133 INFO     run_e028d  L5                    9.66         12.96
2026-09-21 11:10:14,133 INFO     run_e028d  L20                   0.80          3.59
2026-09-21 11:10:14,133 INFO     run_e028d  
2026-09-21 11:10:14,133 INFO     run_e028d  VERDICT: LAYER — L5 at 400 steps still propagates 12.96 nats (>= 7.73). Step budget does not drive propagation, so the collinearity in [E-028c] breaks in favour of depth and its dissociation stands as a LAYER effect.
2026-09-21 11:10:14,134 INFO     run_e028d  displacement ROSE to 11.74 (from 7.26 at 25 steps) while propagation went 9.66 -> 12.96 — a fall in reach alongside a rise in strength is stronger than a fall alone.
2026-09-21 11:10:14,138 INFO     run_e028d  written: results/E-028d-budget-control.json
