2026-09-21 07:06:32,031 INFO     run_e028b  run run_e028b -> logs/run_e028b-2026-09-21-070632.log
2026-09-21 07:06:32,031 INFO     run_e028b  config {"arm_naming": "ROME's update rule at L20 (N steps, displacement-matched) \u2014 NOT ROME as configured by EasyEdit", "budget_grid": [200, 400], "hard_stop": "no budget beyond 400 without re-opening the ticket", "layer": 20, "match_reference": "ROME/EasyEdit L5 (25 steps) on the calibration six", "match_target_nats": 6.26, "model": "meta-llama/Llama-3.1-8B", "n_calibration": 6, "n_heldout": 6, "stage": "budget search", "thread": "T-084", "ticket": "E-028b"}
2026-09-21 07:06:32,031 INFO     run_e028b  calibration: ['Henry Mackenzie', 'Maurice de Vlaminck', 'Rio Natsuki', 'Lunice', 'Charles Nungesser', 'Clark Durant']
2026-09-21 07:06:32,032 INFO     run_e028b  held out   : ['Matias Kupiainen', 'Maria Altmann', 'Yona Friedman', 'Silvia Abascal', 'Charles Montague Cooke, Jr.', 'James Forten']
2026-09-21 07:06:40,027 WARNING  remote  transport failure (NNsightException: Traceback (most recent call last):  RemoteException: Module nnsight.intervention.batching is not whitelisted) during k* read for 'Maurice de Vlaminck', attempt 1/8; retrying in 1s
2026-09-21 07:06:45,567 WARNING  remote  transport failure (NNsightException: Traceback (most recent call last):  RemoteException: Module nnsight.intervention.batching is not whitelisted) during k* read for 'Rio Natsuki', attempt 1/8; retrying in 1s
2026-09-21 07:06:51,019 WARNING  remote  transport failure (NNsightException: Traceback (most recent call last):  RemoteException: Module nnsight.intervention.batching is not whitelisted) during k* read for 'Lunice', attempt 1/8; retrying in 1s
2026-09-21 07:06:56,770 WARNING  remote  transport failure (NNsightException: Traceback (most recent call last):  RemoteException: Module nnsight.intervention.batching is not whitelisted) during k* read for 'Charles Nungesser', attempt 1/8; retrying in 1s
2026-09-21 07:07:02,296 WARNING  remote  transport failure (NNsightException: Traceback (most recent call last):  RemoteException: Module nnsight.intervention.batching is not whitelisted) during k* read for 'Clark Durant', attempt 1/8; retrying in 1s
2026-09-21 07:07:07,824 WARNING  remote  transport failure (NNsightException: Traceback (most recent call last):  RemoteException: Module nnsight.intervention.batching is not whitelisted) during k* read for 'Matias Kupiainen', attempt 1/8; retrying in 1s
2026-09-21 07:07:13,650 WARNING  remote  transport failure (NNsightException: Traceback (most recent call last):  RemoteException: Module nnsight.intervention.batching is not whitelisted) during k* read for 'Maria Altmann', attempt 1/8; retrying in 1s
2026-09-21 07:07:19,197 WARNING  remote  transport failure (NNsightException: Traceback (most recent call last):  RemoteException: Module nnsight.intervention.batching is not whitelisted) during k* read for 'Yona Friedman', attempt 1/8; retrying in 1s
2026-09-21 07:07:24,848 WARNING  remote  transport failure (NNsightException: Traceback (most recent call last):  RemoteException: Module nnsight.intervention.batching is not whitelisted) during k* read for 'Silvia Abascal', attempt 1/8; retrying in 1s
2026-09-21 07:07:30,418 WARNING  remote  transport failure (NNsightException: Traceback (most recent call last):  RemoteException: Module nnsight.intervention.batching is not whitelisted) during k* read for 'Charles Montague Cooke, Jr.', attempt 1/8; retrying in 1s
2026-09-21 07:07:35,876 WARNING  remote  transport failure (NNsightException: Traceback (most recent call last):  RemoteException: Module nnsight.intervention.batching is not whitelisted) during k* read for 'James Forten', attempt 1/8; retrying in 1s
2026-09-21 07:07:39,556 INFO     run_e028b  optimising L20|s200 for 12 specs (6 calibration + 6 held out)
2026-09-21 07:07:41,330 WARNING  remote  transport failure (NNsightException: Traceback (most recent call last):  RemoteException: Module nnsight.intervention.batching is not whitelisted) during pre-edit essence pass, layer 20, attempt 1/8; retrying in 1s
2026-09-21 07:08:53,020 WARNING  remote  transport failure (NNsightException: Traceback (most recent call last):  RemoteException: Module nnsight.intervention.batching is not whitelisted) during k* read for 'Henry Mackenzie', attempt 1/8; retrying in 1s
2026-09-21 07:08:58,745 WARNING  remote  transport failure (NNsightException: Traceback (most recent call last):  RemoteException: Module nnsight.intervention.batching is not whitelisted) during k* read for 'Maurice de Vlaminck', attempt 1/8; retrying in 1s
2026-09-21 07:09:04,291 WARNING  remote  transport failure (NNsightException: Traceback (most recent call last):  RemoteException: Module nnsight.intervention.batching is not whitelisted) during k* read for 'Rio Natsuki', attempt 1/8; retrying in 1s
2026-09-21 07:09:09,755 WARNING  remote  transport failure (NNsightException: Traceback (most recent call last):  RemoteException: Module nnsight.intervention.batching is not whitelisted) during k* read for 'Lunice', attempt 1/8; retrying in 1s
2026-09-21 07:09:15,367 WARNING  remote  transport failure (NNsightException: Traceback (most recent call last):  RemoteException: Module nnsight.intervention.batching is not whitelisted) during k* read for 'Charles Nungesser', attempt 1/8; retrying in 1s
2026-09-21 07:09:20,741 WARNING  remote  transport failure (NNsightException: Traceback (most recent call last):  RemoteException: Module nnsight.intervention.batching is not whitelisted) during k* read for 'Clark Durant', attempt 1/8; retrying in 1s
2026-09-21 07:09:26,178 WARNING  remote  transport failure (NNsightException: Traceback (most recent call last):  RemoteException: Module nnsight.intervention.batching is not whitelisted) during k* read for 'Matias Kupiainen', attempt 1/8; retrying in 1s
2026-09-21 07:09:31,680 WARNING  remote  transport failure (NNsightException: Traceback (most recent call last):  RemoteException: Module nnsight.intervention.batching is not whitelisted) during k* read for 'Maria Altmann', attempt 1/8; retrying in 1s
2026-09-21 07:09:37,195 WARNING  remote  transport failure (NNsightException: Traceback (most recent call last):  RemoteException: Module nnsight.intervention.batching is not whitelisted) during k* read for 'Yona Friedman', attempt 1/8; retrying in 1s
2026-09-21 07:09:42,628 WARNING  remote  transport failure (NNsightException: Traceback (most recent call last):  RemoteException: Module nnsight.intervention.batching is not whitelisted) during k* read for 'Silvia Abascal', attempt 1/8; retrying in 1s
2026-09-21 07:09:48,429 WARNING  remote  transport failure (NNsightException: Traceback (most recent call last):  RemoteException: Module nnsight.intervention.batching is not whitelisted) during k* read for 'Charles Montague Cooke, Jr.', attempt 1/8; retrying in 1s
2026-09-21 07:09:53,985 WARNING  remote  transport failure (NNsightException: Traceback (most recent call last):  RemoteException: Module nnsight.intervention.batching is not whitelisted) during k* read for 'James Forten', attempt 1/8; retrying in 1s
2026-09-21 07:10:01,903 WARNING  edit  transport failure (NNsightException: Traceback (most recent call last):  RemoteException: Module nnsight.intervention.batching is not whitelisted) on v* step 1 attempt 1/8; retrying in 1s
2026-09-21 07:10:10,872 DEBUG    edit  batch step  1/200  summed loss 104.8225
2026-09-21 07:10:22,270 WARNING  edit  transport failure (NNsightException: Traceback (most recent call last):  RemoteException: Module nnsight.intervention.batching is not whitelisted) on v* step 2 attempt 1/8; retrying in 1s
2026-09-21 07:10:30,174 DEBUG    edit  batch step  2/200  summed loss 103.2981
2026-09-21 07:10:33,931 WARNING  edit  transport failure (NNsightException: Traceback (most recent call last):  RemoteException: Module nnsight.intervention.batching is not whitelisted) on v* step 3 attempt 1/8; retrying in 1s
2026-09-21 07:10:39,178 WARNING  edit  transport failure (NNsightException: Traceback (most recent call last):  RemoteException: Module nnsight.intervention.batching is not whitelisted) on v* step 3 attempt 2/8; retrying in 2s
2026-09-21 07:10:49,383 DEBUG    edit  batch step  3/200  summed loss 102.4755
2026-09-21 07:10:54,092 WARNING  edit  transport failure (NNsightException: Traceback (most recent call last):  RemoteException: Module nnsight.intervention.batching is not whitelisted) on v* step 4 attempt 1/8; retrying in 1s
2026-09-21 07:10:58,756 WARNING  edit  transport failure (NNsightException: Traceback (most recent call last):  RemoteException: Module nnsight.intervention.batching is not whitelisted) on v* step 4 attempt 2/8; retrying in 2s
2026-09-21 07:11:07,941 DEBUG    edit  batch step  4/200  summed loss 100.5316
2026-09-21 07:11:12,037 WARNING  edit  transport failure (NNsightException: Traceback (most recent call last):  RemoteException: Module nnsight.intervention.batching is not whitelisted) on v* step 5 attempt 1/8; retrying in 1s
2026-09-21 07:11:21,504 DEBUG    edit  batch step  5/200  summed loss 95.4772
2026-09-21 07:11:25,479 WARNING  edit  transport failure (NNsightException: Traceback (most recent call last):  RemoteException: Module nnsight.intervention.batching is not whitelisted) on v* step 6 attempt 1/8; retrying in 1s
2026-09-21 07:11:33,281 DEBUG    edit  batch step  6/200  summed loss 82.8438
2026-09-21 07:11:38,097 WARNING  edit  transport failure (NNsightException: Traceback (most recent call last):  RemoteException: Module nnsight.intervention.batching is not whitelisted) on v* step 7 attempt 1/8; retrying in 1s
2026-09-21 07:11:48,431 DEBUG    edit  batch step  7/200  summed loss 75.9603
2026-09-21 07:11:53,073 WARNING  edit  transport failure (NNsightException: Traceback (most recent call last):  RemoteException: Module nnsight.intervention.batching is not whitelisted) on v* step 8 attempt 1/8; retrying in 1s
2026-09-21 07:12:01,084 DEBUG    edit  batch step  8/200  summed loss 65.2582
2026-09-21 07:12:05,073 WARNING  edit  transport failure (NNsightException: Traceback (most recent call last):  RemoteException: Module nnsight.intervention.batching is not whitelisted) on v* step 9 attempt 1/8; retrying in 1s
2026-09-21 07:12:13,008 DEBUG    edit  batch step  9/200  summed loss 55.5071
2026-09-21 07:12:16,667 WARNING  edit  transport failure (NNsightException: Traceback (most recent call last):  RemoteException: Module nnsight.intervention.batching is not whitelisted) on v* step 10 attempt 1/8; retrying in 1s
2026-09-21 07:12:29,661 DEBUG    edit  batch step 10/200  summed loss 51.4019
2026-09-21 07:12:33,830 WARNING  edit  transport failure (NNsightException: Traceback (most recent call last):  RemoteException: Module nnsight.intervention.batching is not whitelisted) on v* step 11 attempt 1/8; retrying in 1s
2026-09-21 07:12:42,060 DEBUG    edit  batch step 11/200  summed loss 43.9698
2026-09-21 07:12:45,802 WARNING  edit  transport failure (NNsightException: Traceback (most recent call last):  RemoteException: Module nnsight.intervention.batching is not whitelisted) on v* step 12 attempt 1/8; retrying in 1s
2026-09-21 07:12:54,684 DEBUG    edit  batch step 12/200  summed loss 32.9091
2026-09-21 07:12:58,455 WARNING  edit  transport failure (NNsightException: Traceback (most recent call last):  RemoteException: Module nnsight.intervention.batching is not whitelisted) on v* step 13 attempt 1/8; retrying in 1s
2026-09-21 07:13:06,215 DEBUG    edit  batch step 13/200  summed loss 22.4146
2026-09-21 07:13:10,095 WARNING  edit  transport failure (NNsightException: Traceback (most recent call last):  RemoteException: Module nnsight.intervention.batching is not whitelisted) on v* step 14 attempt 1/8; retrying in 1s
2026-09-21 07:13:17,745 DEBUG    edit  batch step 14/200  summed loss 20.3922
2026-09-21 07:13:22,230 WARNING  edit  transport failure (NNsightException: Traceback (most recent call last):  RemoteException: Module nnsight.intervention.batching is not whitelisted) on v* step 15 attempt 1/8; retrying in 1s
2026-09-21 07:13:30,084 DEBUG    edit  batch step 15/200  summed loss 18.5122
2026-09-21 07:13:33,999 WARNING  edit  transport failure (NNsightException: Traceback (most recent call last):  RemoteException: Module nnsight.intervention.batching is not whitelisted) on v* step 16 attempt 1/8; retrying in 1s
2026-09-21 07:13:42,539 DEBUG    edit  batch step 16/200  summed loss 15.1024
2026-09-21 07:13:46,272 WARNING  edit  transport failure (NNsightException: Traceback (most recent call last):  RemoteException: Module nnsight.intervention.batching is not whitelisted) on v* step 17 attempt 1/8; retrying in 1s
2026-09-21 07:13:53,583 DEBUG    edit  batch step 17/200  summed loss 11.6977
2026-09-21 07:13:58,184 WARNING  edit  transport failure (NNsightException: Traceback (most recent call last):  RemoteException: Module nnsight.intervention.batching is not whitelisted) on v* step 18 attempt 1/8; retrying in 1s
2026-09-21 07:14:06,225 DEBUG    edit  batch step 18/200  summed loss 10.4126
2026-09-21 07:14:10,917 WARNING  edit  transport failure (NNsightException: Traceback (most recent call last):  RemoteException: Module nnsight.intervention.batching is not whitelisted) on v* step 19 attempt 1/8; retrying in 1s
2026-09-21 07:14:19,275 DEBUG    edit  batch step 19/200  summed loss 9.9286
2026-09-21 07:14:23,405 WARNING  edit  transport failure (NNsightException: Traceback (most recent call last):  RemoteException: Module nnsight.intervention.batching is not whitelisted) on v* step 20 attempt 1/8; retrying in 1s
2026-09-21 07:14:37,001 DEBUG    edit  batch step 20/200  summed loss 9.4984
2026-09-21 07:14:40,644 WARNING  edit  transport failure (NNsightException: Traceback (most recent call last):  RemoteException: Module nnsight.intervention.batching is not whitelisted) on v* step 21 attempt 1/8; retrying in 1s
2026-09-21 07:14:50,394 DEBUG    edit  batch step 21/200  summed loss 9.2875
2026-09-21 07:14:54,333 WARNING  edit  transport failure (NNsightException: Traceback (most recent call last):  RemoteException: Module nnsight.intervention.batching is not whitelisted) on v* step 22 attempt 1/8; retrying in 1s
2026-09-21 07:15:05,837 DEBUG    edit  batch step 22/200  summed loss 9.0356
2026-09-21 07:15:10,121 WARNING  edit  transport failure (NNsightException: Traceback (most recent call last):  RemoteException: Module nnsight.intervention.batching is not whitelisted) on v* step 23 attempt 1/8; retrying in 1s
2026-09-21 07:15:18,632 DEBUG    edit  batch step 23/200  summed loss 8.9472
2026-09-21 07:15:23,323 WARNING  edit  transport failure (NNsightException: Traceback (most recent call last):  RemoteException: Module nnsight.intervention.batching is not whitelisted) on v* step 24 attempt 1/8; retrying in 1s
2026-09-21 07:15:32,752 DEBUG    edit  batch step 24/200  summed loss 8.7674
2026-09-21 07:15:37,137 WARNING  edit  transport failure (NNsightException: Traceback (most recent call last):  RemoteException: Module nnsight.intervention.batching is not whitelisted) on v* step 25 attempt 1/8; retrying in 1s
2026-09-21 07:15:52,357 DEBUG    edit  batch step 25/200  summed loss 8.6383
2026-09-21 07:15:55,998 WARNING  edit  transport failure (NNsightException: Traceback (most recent call last):  RemoteException: Module nnsight.intervention.batching is not whitelisted) on v* step 26 attempt 1/8; retrying in 1s
2026-09-21 07:16:04,253 DEBUG    edit  batch step 26/200  summed loss 8.4783
2026-09-21 07:16:08,073 WARNING  edit  transport failure (NNsightException: Traceback (most recent call last):  RemoteException: Module nnsight.intervention.batching is not whitelisted) on v* step 27 attempt 1/8; retrying in 1s
2026-09-21 07:16:16,183 DEBUG    edit  batch step 27/200  summed loss 8.2958
2026-09-21 07:16:19,800 WARNING  edit  transport failure (NNsightException: Traceback (most recent call last):  RemoteException: Module nnsight.intervention.batching is not whitelisted) on v* step 28 attempt 1/8; retrying in 1s
2026-09-21 07:16:28,525 DEBUG    edit  batch step 28/200  summed loss 8.0954
2026-09-21 07:16:32,574 WARNING  edit  transport failure (NNsightException: Traceback (most recent call last):  RemoteException: Module nnsight.intervention.batching is not whitelisted) on v* step 29 attempt 1/8; retrying in 1s
2026-09-21 07:16:43,474 DEBUG    edit  batch step 29/200  summed loss 7.6661
2026-09-21 07:16:47,160 WARNING  edit  transport failure (NNsightException: Traceback (most recent call last):  RemoteException: Module nnsight.intervention.batching is not whitelisted) on v* step 30 attempt 1/8; retrying in 1s
2026-09-21 07:16:56,578 DEBUG    edit  batch step 30/200  summed loss 6.2957
2026-09-21 07:17:02,179 WARNING  edit  transport failure (NNsightException: Traceback (most recent call last):  RemoteException: Module nnsight.intervention.batching is not whitelisted) on v* step 31 attempt 1/8; retrying in 1s
2026-09-21 07:17:12,195 DEBUG    edit  batch step 31/200  summed loss 4.2933
2026-09-21 07:17:16,229 WARNING  edit  transport failure (NNsightException: Traceback (most recent call last):  RemoteException: Module nnsight.intervention.batching is not whitelisted) on v* step 32 attempt 1/8; retrying in 1s
2026-09-21 07:17:25,973 DEBUG    edit  batch step 32/200  summed loss 3.4427
2026-09-21 07:17:30,123 WARNING  edit  transport failure (NNsightException: Traceback (most recent call last):  RemoteException: Module nnsight.intervention.batching is not whitelisted) on v* step 33 attempt 1/8; retrying in 1s
2026-09-21 07:17:39,260 DEBUG    edit  batch step 33/200  summed loss 3.0748
2026-09-21 07:17:42,988 WARNING  edit  transport failure (NNsightException: Traceback (most recent call last):  RemoteException: Module nnsight.intervention.batching is not whitelisted) on v* step 34 attempt 1/8; retrying in 1s
2026-09-21 07:17:50,930 DEBUG    edit  batch step 34/200  summed loss 2.8191
2026-09-21 07:17:55,243 WARNING  edit  transport failure (NNsightException: Traceback (most recent call last):  RemoteException: Module nnsight.intervention.batching is not whitelisted) on v* step 35 attempt 1/8; retrying in 1s
2026-09-21 07:18:06,394 DEBUG    edit  batch step 35/200  summed loss 2.6955
2026-09-21 07:18:10,231 WARNING  edit  transport failure (NNsightException: Traceback (most recent call last):  RemoteException: Module nnsight.intervention.batching is not whitelisted) on v* step 36 attempt 1/8; retrying in 1s
2026-09-21 07:18:17,976 DEBUG    edit  batch step 36/200  summed loss 2.4970
2026-09-21 07:18:21,835 WARNING  edit  transport failure (NNsightException: Traceback (most recent call last):  RemoteException: Module nnsight.intervention.batching is not whitelisted) on v* step 37 attempt 1/8; retrying in 1s
2026-09-21 07:18:29,682 DEBUG    edit  batch step 37/200  summed loss 2.3592
2026-09-21 07:18:33,603 WARNING  edit  transport failure (NNsightException: Traceback (most recent call last):  RemoteException: Module nnsight.intervention.batching is not whitelisted) on v* step 38 attempt 1/8; retrying in 1s
2026-09-21 07:18:43,300 DEBUG    edit  batch step 38/200  summed loss 2.2980
2026-09-21 07:18:47,634 WARNING  edit  transport failure (NNsightException: Traceback (most recent call last):  RemoteException: Module nnsight.intervention.batching is not whitelisted) on v* step 39 attempt 1/8; retrying in 1s
2026-09-21 07:18:55,708 DEBUG    edit  batch step 39/200  summed loss 2.2213
2026-09-21 07:18:59,817 WARNING  edit  transport failure (NNsightException: Traceback (most recent call last):  RemoteException: Module nnsight.intervention.batching is not whitelisted) on v* step 40 attempt 1/8; retrying in 1s
2026-09-21 07:19:14,339 DEBUG    edit  batch step 40/200  summed loss 2.1683
2026-09-21 07:19:18,131 WARNING  edit  transport failure (NNsightException: Traceback (most recent call last):  RemoteException: Module nnsight.intervention.batching is not whitelisted) on v* step 41 attempt 1/8; retrying in 1s
2026-09-21 07:19:26,187 DEBUG    edit  batch step 41/200  summed loss 2.0761
2026-09-21 07:19:29,941 WARNING  edit  transport failure (NNsightException: Traceback (most recent call last):  RemoteException: Module nnsight.intervention.batching is not whitelisted) on v* step 42 attempt 1/8; retrying in 1s
2026-09-21 07:19:37,605 DEBUG    edit  batch step 42/200  summed loss 2.0110
2026-09-21 07:19:41,401 WARNING  edit  transport failure (NNsightException: Traceback (most recent call last):  RemoteException: Module nnsight.intervention.batching is not whitelisted) on v* step 43 attempt 1/8; retrying in 1s
2026-09-21 07:19:56,217 DEBUG    edit  batch step 43/200  summed loss 1.9709
2026-09-21 07:20:00,058 WARNING  edit  transport failure (NNsightException: Traceback (most recent call last):  RemoteException: Module nnsight.intervention.batching is not whitelisted) on v* step 44 attempt 1/8; retrying in 1s
2026-09-21 07:20:10,684 DEBUG    edit  batch step 44/200  summed loss 1.9350
2026-09-21 07:20:14,630 WARNING  edit  transport failure (NNsightException: Traceback (most recent call last):  RemoteException: Module nnsight.intervention.batching is not whitelisted) on v* step 45 attempt 1/8; retrying in 1s
2026-09-21 07:20:22,990 DEBUG    edit  batch step 45/200  summed loss 1.8790
2026-09-21 07:20:26,769 WARNING  edit  transport failure (NNsightException: Traceback (most recent call last):  RemoteException: Module nnsight.intervention.batching is not whitelisted) on v* step 46 attempt 1/8; retrying in 1s
2026-09-21 07:20:34,854 DEBUG    edit  batch step 46/200  summed loss 1.8515
2026-09-21 07:20:39,385 WARNING  edit  transport failure (NNsightException: Traceback (most recent call last):  RemoteException: Module nnsight.intervention.batching is not whitelisted) on v* step 47 attempt 1/8; retrying in 1s
2026-09-21 07:20:47,189 DEBUG    edit  batch step 47/200  summed loss 1.8253
2026-09-21 07:20:50,987 WARNING  edit  transport failure (NNsightException: Traceback (most recent call last):  RemoteException: Module nnsight.intervention.batching is not whitelisted) on v* step 48 attempt 1/8; retrying in 1s
2026-09-21 07:21:03,680 WARNING  edit  transport failure (WriteTimeout: The write operation timed out) on v* step 48 attempt 2/8; retrying in 10s
2026-09-21 07:21:21,867 DEBUG    edit  batch step 48/200  summed loss 1.8055
2026-09-21 07:21:26,533 WARNING  edit  transport failure (NNsightException: Traceback (most recent call last):  RemoteException: Module nnsight.intervention.batching is not whitelisted) on v* step 49 attempt 1/8; retrying in 1s
2026-09-21 07:21:36,448 DEBUG    edit  batch step 49/200  summed loss 1.7797
2026-09-21 07:21:41,526 WARNING  edit  transport failure (NNsightException: Traceback (most recent call last):  RemoteException: Module nnsight.intervention.batching is not whitelisted) on v* step 50 attempt 1/8; retrying in 1s
2026-09-21 07:21:50,993 DEBUG    edit  batch step 50/200  summed loss 1.7615
2026-09-21 07:21:55,156 WARNING  edit  transport failure (NNsightException: Traceback (most recent call last):  RemoteException: Module nnsight.intervention.batching is not whitelisted) on v* step 51 attempt 1/8; retrying in 1s
2026-09-21 07:22:04,051 DEBUG    edit  batch step 51/200  summed loss 1.7148
2026-09-21 07:22:08,718 WARNING  edit  transport failure (NNsightException: Traceback (most recent call last):  RemoteException: Module nnsight.intervention.batching is not whitelisted) on v* step 52 attempt 1/8; retrying in 1s
2026-09-21 07:22:23,320 DEBUG    edit  batch step 52/200  summed loss 1.6824
2026-09-21 07:22:27,631 WARNING  edit  transport failure (NNsightException: Traceback (most recent call last):  RemoteException: Module nnsight.intervention.batching is not whitelisted) on v* step 53 attempt 1/8; retrying in 1s
2026-09-21 07:22:37,826 DEBUG    edit  batch step 53/200  summed loss 1.6715
2026-09-21 07:22:42,239 WARNING  edit  transport failure (NNsightException: Traceback (most recent call last):  RemoteException: Module nnsight.intervention.batching is not whitelisted) on v* step 54 attempt 1/8; retrying in 1s
2026-09-21 07:22:58,230 DEBUG    edit  batch step 54/200  summed loss 1.6495
2026-09-21 07:23:03,259 WARNING  edit  transport failure (NNsightException: Traceback (most recent call last):  RemoteException: Module nnsight.intervention.batching is not whitelisted) on v* step 55 attempt 1/8; retrying in 1s
2026-09-21 07:23:16,940 DEBUG    edit  batch step 55/200  summed loss 1.6349
2026-09-21 07:23:21,527 WARNING  edit  transport failure (NNsightException: Traceback (most recent call last):  RemoteException: Module nnsight.intervention.batching is not whitelisted) on v* step 56 attempt 1/8; retrying in 1s
2026-09-21 07:23:29,573 DEBUG    edit  batch step 56/200  summed loss 1.6284
2026-09-21 07:23:33,749 WARNING  edit  transport failure (NNsightException: Traceback (most recent call last):  RemoteException: Module nnsight.intervention.batching is not whitelisted) on v* step 57 attempt 1/8; retrying in 1s
2026-09-21 07:23:41,273 DEBUG    edit  batch step 57/200  summed loss 1.5942
2026-09-21 07:23:45,285 WARNING  edit  transport failure (NNsightException: Traceback (most recent call last):  RemoteException: Module nnsight.intervention.batching is not whitelisted) on v* step 58 attempt 1/8; retrying in 1s
2026-09-21 07:23:58,261 DEBUG    edit  batch step 58/200  summed loss 1.5799
2026-09-21 07:24:02,948 WARNING  edit  transport failure (NNsightException: Traceback (most recent call last):  RemoteException: Module nnsight.intervention.batching is not whitelisted) on v* step 59 attempt 1/8; retrying in 1s
2026-09-21 07:24:20,429 DEBUG    edit  batch step 59/200  summed loss 1.5671
2026-09-21 07:24:26,517 WARNING  edit  transport failure (NNsightException: Traceback (most recent call last):  RemoteException: Module nnsight.intervention.batching is not whitelisted) on v* step 60 attempt 1/8; retrying in 1s
2026-09-21 07:24:37,542 DEBUG    edit  batch step 60/200  summed loss 1.5506
2026-09-21 07:24:42,931 WARNING  edit  transport failure (NNsightException: Traceback (most recent call last):  RemoteException: Module nnsight.intervention.batching is not whitelisted) on v* step 61 attempt 1/8; retrying in 1s
2026-09-21 07:24:56,004 DEBUG    edit  batch step 61/200  summed loss 1.5350
2026-09-21 07:25:00,940 WARNING  edit  transport failure (NNsightException: Traceback (most recent call last):  RemoteException: Module nnsight.intervention.batching is not whitelisted) on v* step 62 attempt 1/8; retrying in 1s
2026-09-21 07:25:10,037 DEBUG    edit  batch step 62/200  summed loss 1.5163
2026-09-21 07:25:14,133 WARNING  edit  transport failure (NNsightException: Traceback (most recent call last):  RemoteException: Module nnsight.intervention.batching is not whitelisted) on v* step 63 attempt 1/8; retrying in 1s
2026-09-21 07:25:27,109 DEBUG    edit  batch step 63/200  summed loss 1.5141
2026-09-21 07:25:34,852 WARNING  edit  transport failure (NNsightException: Traceback (most recent call last):  RemoteException: Module nnsight.intervention.batching is not whitelisted) on v* step 64 attempt 1/8; retrying in 1s
2026-09-21 07:25:51,159 DEBUG    edit  batch step 64/200  summed loss 1.5087
2026-09-21 07:25:56,868 WARNING  edit  transport failure (NNsightException: Traceback (most recent call last):  RemoteException: Module nnsight.intervention.batching is not whitelisted) on v* step 65 attempt 1/8; retrying in 1s
2026-09-21 07:26:10,530 DEBUG    edit  batch step 65/200  summed loss 1.4623
2026-09-21 07:26:16,569 WARNING  edit  transport failure (NNsightException: Traceback (most recent call last):  RemoteException: Module nnsight.intervention.batching is not whitelisted) on v* step 66 attempt 1/8; retrying in 1s
2026-09-21 07:26:25,579 DEBUG    edit  batch step 66/200  summed loss 1.4640
2026-09-21 07:26:29,200 WARNING  edit  transport failure (NNsightException: Traceback (most recent call last):  RemoteException: Module nnsight.intervention.batching is not whitelisted) on v* step 67 attempt 1/8; retrying in 1s
2026-09-21 07:26:39,060 DEBUG    edit  batch step 67/200  summed loss 1.4724
2026-09-21 07:26:42,993 WARNING  edit  transport failure (NNsightException: Traceback (most recent call last):  RemoteException: Module nnsight.intervention.batching is not whitelisted) on v* step 68 attempt 1/8; retrying in 1s
2026-09-21 07:26:51,513 DEBUG    edit  batch step 68/200  summed loss 1.4333
2026-09-21 07:26:57,433 WARNING  edit  transport failure (NNsightException: Traceback (most recent call last):  RemoteException: Module nnsight.intervention.batching is not whitelisted) on v* step 69 attempt 1/8; retrying in 1s
2026-09-21 07:27:07,921 DEBUG    edit  batch step 69/200  summed loss 1.4464
2026-09-21 07:27:13,952 WARNING  edit  transport failure (NNsightException: Traceback (most recent call last):  RemoteException: Module nnsight.intervention.batching is not whitelisted) on v* step 70 attempt 1/8; retrying in 1s
2026-09-21 07:27:26,828 DEBUG    edit  batch step 70/200  summed loss 1.4305
2026-09-21 07:27:31,690 WARNING  edit  transport failure (NNsightException: Traceback (most recent call last):  RemoteException: Module nnsight.intervention.batching is not whitelisted) on v* step 71 attempt 1/8; retrying in 1s
2026-09-21 07:27:47,615 DEBUG    edit  batch step 71/200  summed loss 1.4341
2026-09-21 07:27:52,746 WARNING  edit  transport failure (NNsightException: Traceback (most recent call last):  RemoteException: Module nnsight.intervention.batching is not whitelisted) on v* step 72 attempt 1/8; retrying in 1s
2026-09-21 07:28:01,240 DEBUG    edit  batch step 72/200  summed loss 1.4248
2026-09-21 07:28:09,809 WARNING  edit  transport failure (NNsightException: Traceback (most recent call last):  RemoteException: Module nnsight.intervention.batching is not whitelisted) on v* step 73 attempt 1/8; retrying in 1s
2026-09-21 07:28:21,361 DEBUG    edit  batch step 73/200  summed loss 1.4039
2026-09-21 07:28:25,548 WARNING  edit  transport failure (NNsightException: Traceback (most recent call last):  RemoteException: Module nnsight.intervention.batching is not whitelisted) on v* step 74 attempt 1/8; retrying in 1s
2026-09-21 07:28:33,196 DEBUG    edit  batch step 74/200  summed loss 1.3904
2026-09-21 07:28:37,120 WARNING  edit  transport failure (NNsightException: Traceback (most recent call last):  RemoteException: Module nnsight.intervention.batching is not whitelisted) on v* step 75 attempt 1/8; retrying in 1s
2026-09-21 07:28:46,666 DEBUG    edit  batch step 75/200  summed loss 1.3868
2026-09-21 07:28:51,169 WARNING  edit  transport failure (NNsightException: Traceback (most recent call last):  RemoteException: Module nnsight.intervention.batching is not whitelisted) on v* step 76 attempt 1/8; retrying in 1s
2026-09-21 07:29:00,508 DEBUG    edit  batch step 76/200  summed loss 1.3900
2026-09-21 07:29:04,684 WARNING  edit  transport failure (NNsightException: Traceback (most recent call last):  RemoteException: Module nnsight.intervention.batching is not whitelisted) on v* step 77 attempt 1/8; retrying in 1s
2026-09-21 07:29:12,599 DEBUG    edit  batch step 77/200  summed loss 1.3744
2026-09-21 07:29:16,646 WARNING  edit  transport failure (NNsightException: Traceback (most recent call last):  RemoteException: Module nnsight.intervention.batching is not whitelisted) on v* step 78 attempt 1/8; retrying in 1s
2026-09-21 07:29:24,679 DEBUG    edit  batch step 78/200  summed loss 1.3781
2026-09-21 07:29:28,994 WARNING  edit  transport failure (NNsightException: Traceback (most recent call last):  RemoteException: Module nnsight.intervention.batching is not whitelisted) on v* step 79 attempt 1/8; retrying in 1s
2026-09-21 07:29:36,350 DEBUG    edit  batch step 79/200  summed loss 1.3628
2026-09-21 07:29:39,908 WARNING  edit  transport failure (NNsightException: Traceback (most recent call last):  RemoteException: Module nnsight.intervention.batching is not whitelisted) on v* step 80 attempt 1/8; retrying in 1s
2026-09-21 07:29:59,361 DEBUG    edit  batch step 80/200  summed loss 1.3563
2026-09-21 07:30:03,658 WARNING  edit  transport failure (NNsightException: Traceback (most recent call last):  RemoteException: Module nnsight.intervention.batching is not whitelisted) on v* step 81 attempt 1/8; retrying in 1s
2026-09-21 07:30:11,930 DEBUG    edit  batch step 81/200  summed loss 1.3477
2026-09-21 07:30:16,933 WARNING  edit  transport failure (NNsightException: Traceback (most recent call last):  RemoteException: Module nnsight.intervention.batching is not whitelisted) on v* step 82 attempt 1/8; retrying in 1s
2026-09-21 07:30:29,948 DEBUG    edit  batch step 82/200  summed loss 1.3578
2026-09-21 07:30:37,373 WARNING  edit  transport failure (NNsightException: Traceback (most recent call last):  RemoteException: Module nnsight.intervention.batching is not whitelisted) on v* step 83 attempt 1/8; retrying in 1s
2026-09-21 07:30:53,174 DEBUG    edit  batch step 83/200  summed loss 1.3560
2026-09-21 07:30:57,636 WARNING  edit  transport failure (NNsightException: Traceback (most recent call last):  RemoteException: Module nnsight.intervention.batching is not whitelisted) on v* step 84 attempt 1/8; retrying in 1s
2026-09-21 07:31:11,363 DEBUG    edit  batch step 84/200  summed loss 1.3269
2026-09-21 07:31:16,471 WARNING  edit  transport failure (NNsightException: Traceback (most recent call last):  RemoteException: Module nnsight.intervention.batching is not whitelisted) on v* step 85 attempt 1/8; retrying in 1s
2026-09-21 07:31:24,587 DEBUG    edit  batch step 85/200  summed loss 1.3350
2026-09-21 07:31:32,709 WARNING  edit  transport failure (NNsightException: Traceback (most recent call last):  RemoteException: Module nnsight.intervention.batching is not whitelisted) on v* step 86 attempt 1/8; retrying in 1s
2026-09-21 07:31:47,984 DEBUG    edit  batch step 86/200  summed loss 1.3299
2026-09-21 07:31:54,115 WARNING  edit  transport failure (NNsightException: Traceback (most recent call last):  RemoteException: Module nnsight.intervention.batching is not whitelisted) on v* step 87 attempt 1/8; retrying in 1s
2026-09-21 07:32:02,900 DEBUG    edit  batch step 87/200  summed loss 1.3371
2026-09-21 07:32:06,906 WARNING  edit  transport failure (NNsightException: Traceback (most recent call last):  RemoteException: Module nnsight.intervention.batching is not whitelisted) on v* step 88 attempt 1/8; retrying in 1s
2026-09-21 07:32:14,866 DEBUG    edit  batch step 88/200  summed loss 1.3150
2026-09-21 07:32:19,697 WARNING  edit  transport failure (NNsightException: Traceback (most recent call last):  RemoteException: Module nnsight.intervention.batching is not whitelisted) on v* step 89 attempt 1/8; retrying in 1s
2026-09-21 07:32:32,256 DEBUG    edit  batch step 89/200  summed loss 1.3102
2026-09-21 07:32:36,248 WARNING  edit  transport failure (NNsightException: Traceback (most recent call last):  RemoteException: Module nnsight.intervention.batching is not whitelisted) on v* step 90 attempt 1/8; retrying in 1s
2026-09-21 07:32:45,147 DEBUG    edit  batch step 90/200  summed loss 1.3112
2026-09-21 07:32:50,513 WARNING  edit  transport failure (NNsightException: Traceback (most recent call last):  RemoteException: Module nnsight.intervention.batching is not whitelisted) on v* step 91 attempt 1/8; retrying in 1s
2026-09-21 07:33:05,782 DEBUG    edit  batch step 91/200  summed loss 1.3111
2026-09-21 07:33:09,725 WARNING  edit  transport failure (NNsightException: Traceback (most recent call last):  RemoteException: Module nnsight.intervention.batching is not whitelisted) on v* step 92 attempt 1/8; retrying in 1s
2026-09-21 07:33:19,764 DEBUG    edit  batch step 92/200  summed loss 1.3043
2026-09-21 07:33:32,037 WARNING  edit  transport failure (WriteTimeout: The write operation timed out) on v* step 93 attempt 1/8; retrying in 5s
2026-09-21 07:33:40,964 WARNING  edit  transport failure (NNsightException: Traceback (most recent call last):  RemoteException: Module nnsight.intervention.batching is not whitelisted) on v* step 93 attempt 2/8; retrying in 2s
2026-09-21 07:33:49,626 DEBUG    edit  batch step 93/200  summed loss 1.3026
2026-09-21 07:33:53,296 WARNING  edit  transport failure (NNsightException: Traceback (most recent call last):  RemoteException: Module nnsight.intervention.batching is not whitelisted) on v* step 94 attempt 1/8; retrying in 1s
2026-09-21 07:34:01,319 DEBUG    edit  batch step 94/200  summed loss 1.3044
2026-09-21 07:34:04,985 WARNING  edit  transport failure (NNsightException: Traceback (most recent call last):  RemoteException: Module nnsight.intervention.batching is not whitelisted) on v* step 95 attempt 1/8; retrying in 1s
2026-09-21 07:34:13,154 DEBUG    edit  batch step 95/200  summed loss 1.2886
2026-09-21 07:34:17,365 WARNING  edit  transport failure (NNsightException: Traceback (most recent call last):  RemoteException: Module nnsight.intervention.batching is not whitelisted) on v* step 96 attempt 1/8; retrying in 1s
2026-09-21 07:34:25,096 DEBUG    edit  batch step 96/200  summed loss 1.2831
2026-09-21 07:34:29,699 WARNING  edit  transport failure (NNsightException: Traceback (most recent call last):  RemoteException: Module nnsight.intervention.batching is not whitelisted) on v* step 97 attempt 1/8; retrying in 1s
2026-09-21 07:34:37,513 DEBUG    edit  batch step 97/200  summed loss 1.2814
2026-09-21 07:34:41,331 WARNING  edit  transport failure (NNsightException: Traceback (most recent call last):  RemoteException: Module nnsight.intervention.batching is not whitelisted) on v* step 98 attempt 1/8; retrying in 1s
2026-09-21 07:34:50,546 DEBUG    edit  batch step 98/200  summed loss 1.2838
2026-09-21 07:34:54,603 WARNING  edit  transport failure (NNsightException: Traceback (most recent call last):  RemoteException: Module nnsight.intervention.batching is not whitelisted) on v* step 99 attempt 1/8; retrying in 1s
2026-09-21 07:35:14,177 DEBUG    edit  batch step 99/200  summed loss 1.2868
2026-09-21 07:35:18,660 WARNING  edit  transport failure (NNsightException: Traceback (most recent call last):  RemoteException: Module nnsight.intervention.batching is not whitelisted) on v* step 100 attempt 1/8; retrying in 1s
2026-09-21 07:35:31,899 DEBUG    edit  batch step 100/200  summed loss 1.2852
2026-09-21 07:35:38,645 WARNING  edit  transport failure (NNsightException: Traceback (most recent call last):  RemoteException: Module nnsight.intervention.batching is not whitelisted) on v* step 101 attempt 1/8; retrying in 1s
2026-09-21 07:35:47,372 DEBUG    edit  batch step 101/200  summed loss 1.2821
2026-09-21 07:35:52,033 WARNING  edit  transport failure (NNsightException: Traceback (most recent call last):  RemoteException: Module nnsight.intervention.batching is not whitelisted) on v* step 102 attempt 1/8; retrying in 1s
2026-09-21 07:36:01,036 DEBUG    edit  batch step 102/200  summed loss 1.2752
2026-09-21 07:36:08,844 WARNING  edit  transport failure (NNsightException: Traceback (most recent call last):  RemoteException: Module nnsight.intervention.batching is not whitelisted) on v* step 103 attempt 1/8; retrying in 1s
2026-09-21 07:36:27,338 DEBUG    edit  batch step 103/200  summed loss 1.2703
2026-09-21 07:36:30,962 WARNING  edit  transport failure (NNsightException: Traceback (most recent call last):  RemoteException: Module nnsight.intervention.batching is not whitelisted) on v* step 104 attempt 1/8; retrying in 1s
2026-09-21 07:36:39,021 DEBUG    edit  batch step 104/200  summed loss 1.2621
2026-09-21 07:36:42,858 WARNING  edit  transport failure (NNsightException: Traceback (most recent call last):  RemoteException: Module nnsight.intervention.batching is not whitelisted) on v* step 105 attempt 1/8; retrying in 1s
2026-09-21 07:36:52,103 DEBUG    edit  batch step 105/200  summed loss 1.2680
2026-09-21 07:36:57,281 WARNING  edit  transport failure (NNsightException: Traceback (most recent call last):  RemoteException: Module nnsight.intervention.batching is not whitelisted) on v* step 106 attempt 1/8; retrying in 1s
2026-09-21 07:37:15,244 DEBUG    edit  batch step 106/200  summed loss 1.2659
2026-09-21 07:37:18,984 WARNING  edit  transport failure (NNsightException: Traceback (most recent call last):  RemoteException: Module nnsight.intervention.batching is not whitelisted) on v* step 107 attempt 1/8; retrying in 1s
2026-09-21 07:37:31,091 DEBUG    edit  batch step 107/200  summed loss 1.2563
2026-09-21 07:37:34,744 WARNING  edit  transport failure (NNsightException: Traceback (most recent call last):  RemoteException: Module nnsight.intervention.batching is not whitelisted) on v* step 108 attempt 1/8; retrying in 1s
2026-09-21 07:37:42,798 DEBUG    edit  batch step 108/200  summed loss 1.2597
2026-09-21 07:37:46,475 WARNING  edit  transport failure (NNsightException: Traceback (most recent call last):  RemoteException: Module nnsight.intervention.batching is not whitelisted) on v* step 109 attempt 1/8; retrying in 1s
2026-09-21 07:37:55,477 DEBUG    edit  batch step 109/200  summed loss 1.2564
2026-09-21 07:37:59,588 WARNING  edit  transport failure (NNsightException: Traceback (most recent call last):  RemoteException: Module nnsight.intervention.batching is not whitelisted) on v* step 110 attempt 1/8; retrying in 1s
2026-09-21 07:38:07,586 DEBUG    edit  batch step 110/200  summed loss 1.2455
2026-09-21 07:38:11,832 WARNING  edit  transport failure (NNsightException: Traceback (most recent call last):  RemoteException: Module nnsight.intervention.batching is not whitelisted) on v* step 111 attempt 1/8; retrying in 1s
2026-09-21 07:38:19,492 DEBUG    edit  batch step 111/200  summed loss 1.2439
2026-09-21 07:38:23,651 WARNING  edit  transport failure (NNsightException: Traceback (most recent call last):  RemoteException: Module nnsight.intervention.batching is not whitelisted) on v* step 112 attempt 1/8; retrying in 1s
2026-09-21 07:38:34,969 DEBUG    edit  batch step 112/200  summed loss 1.2488
2026-09-21 07:38:41,059 WARNING  edit  transport failure (NNsightException: Traceback (most recent call last):  RemoteException: Module nnsight.intervention.batching is not whitelisted) on v* step 113 attempt 1/8; retrying in 1s
2026-09-21 07:38:52,696 DEBUG    edit  batch step 113/200  summed loss 1.2474
2026-09-21 07:38:58,105 WARNING  edit  transport failure (NNsightException: Traceback (most recent call last):  RemoteException: Module nnsight.intervention.batching is not whitelisted) on v* step 114 attempt 1/8; retrying in 1s
2026-09-21 07:39:11,159 WARNING  edit  transport failure (WriteTimeout: The write operation timed out) on v* step 114 attempt 2/8; retrying in 10s
2026-09-21 07:39:34,201 DEBUG    edit  batch step 114/200  summed loss 1.2447
2026-09-21 07:39:38,572 WARNING  edit  transport failure (NNsightException: Traceback (most recent call last):  RemoteException: Module nnsight.intervention.batching is not whitelisted) on v* step 115 attempt 1/8; retrying in 1s
2026-09-21 07:39:50,458 DEBUG    edit  batch step 115/200  summed loss 1.2458
2026-09-21 07:39:54,368 WARNING  edit  transport failure (NNsightException: Traceback (most recent call last):  RemoteException: Module nnsight.intervention.batching is not whitelisted) on v* step 116 attempt 1/8; retrying in 1s
2026-09-21 07:40:03,215 DEBUG    edit  batch step 116/200  summed loss 1.2458
2026-09-21 07:40:07,051 WARNING  edit  transport failure (NNsightException: Traceback (most recent call last):  RemoteException: Module nnsight.intervention.batching is not whitelisted) on v* step 117 attempt 1/8; retrying in 1s
2026-09-21 07:40:15,203 DEBUG    edit  batch step 117/200  summed loss 1.2392
2026-09-21 07:40:18,921 WARNING  edit  transport failure (NNsightException: Traceback (most recent call last):  RemoteException: Module nnsight.intervention.batching is not whitelisted) on v* step 118 attempt 1/8; retrying in 1s
2026-09-21 07:40:27,568 DEBUG    edit  batch step 118/200  summed loss 1.2388
2026-09-21 07:40:37,552 WARNING  edit  transport failure (NNsightException: Traceback (most recent call last):  RemoteException: Module nnsight.intervention.batching is not whitelisted) on v* step 119 attempt 1/8; retrying in 1s
2026-09-21 07:40:50,420 DEBUG    edit  batch step 119/200  summed loss 1.2364
2026-09-21 07:41:02,149 WARNING  edit  transport failure (WriteTimeout: The write operation timed out) on v* step 120 attempt 1/8; retrying in 5s
2026-09-21 07:41:13,596 WARNING  edit  transport failure (NNsightException: Traceback (most recent call last):  RemoteException: Module nnsight.intervention.batching is not whitelisted) on v* step 120 attempt 2/8; retrying in 2s
2026-09-21 07:41:25,107 DEBUG    edit  batch step 120/200  summed loss 1.2400
2026-09-21 07:41:30,690 WARNING  edit  transport failure (NNsightException: Traceback (most recent call last):  RemoteException: Module nnsight.intervention.batching is not whitelisted) on v* step 121 attempt 1/8; retrying in 1s
2026-09-21 07:41:40,716 DEBUG    edit  batch step 121/200  summed loss 1.2377
2026-09-21 07:41:45,983 WARNING  edit  transport failure (NNsightException: Traceback (most recent call last):  RemoteException: Module nnsight.intervention.batching is not whitelisted) on v* step 122 attempt 1/8; retrying in 1s
2026-09-21 07:41:58,673 WARNING  edit  transport failure (WriteTimeout: The write operation timed out) on v* step 122 attempt 2/8; retrying in 10s
2026-09-21 07:42:14,512 WARNING  edit  transport failure (ConnectError: [Errno 54] Connection reset by peer) on v* step 122 attempt 3/8; retrying in 15s
2026-09-21 07:42:35,684 WARNING  edit  transport failure (NNsightException: Traceback (most recent call last):  RemoteException: Module nnsight.intervention.batching is not whitelisted) on v* step 122 attempt 4/8; retrying in 4s
2026-09-21 07:42:48,875 DEBUG    edit  batch step 122/200  summed loss 1.2323
2026-09-21 07:42:53,630 WARNING  edit  transport failure (NNsightException: Traceback (most recent call last):  RemoteException: Module nnsight.intervention.batching is not whitelisted) on v* step 123 attempt 1/8; retrying in 1s
2026-09-21 07:43:06,204 WARNING  edit  transport failure (WriteTimeout: The write operation timed out) on v* step 123 attempt 2/8; retrying in 10s
2026-09-21 07:43:28,690 DEBUG    edit  batch step 123/200  summed loss 1.2341
2026-09-21 07:43:33,414 WARNING  edit  transport failure (NNsightException: Traceback (most recent call last):  RemoteException: Module nnsight.intervention.batching is not whitelisted) on v* step 124 attempt 1/8; retrying in 1s
2026-09-21 07:43:44,640 DEBUG    edit  batch step 124/200  summed loss 1.2241
2026-09-21 07:43:50,962 WARNING  edit  transport failure (NNsightException: Traceback (most recent call last):  RemoteException: Module nnsight.intervention.batching is not whitelisted) on v* step 125 attempt 1/8; retrying in 1s
2026-09-21 07:44:02,689 DEBUG    edit  batch step 125/200  summed loss 1.2262
2026-09-21 07:44:07,180 WARNING  edit  transport failure (NNsightException: Traceback (most recent call last):  RemoteException: Module nnsight.intervention.batching is not whitelisted) on v* step 126 attempt 1/8; retrying in 1s
2026-09-21 07:44:15,315 DEBUG    edit  batch step 126/200  summed loss 1.2239
2026-09-21 07:44:19,777 WARNING  edit  transport failure (NNsightException: Traceback (most recent call last):  RemoteException: Module nnsight.intervention.batching is not whitelisted) on v* step 127 attempt 1/8; retrying in 1s
2026-09-21 07:44:45,801 DEBUG    edit  batch step 127/200  summed loss 1.2199
2026-09-21 07:44:51,627 WARNING  edit  transport failure (NNsightException: Traceback (most recent call last):  RemoteException: Module nnsight.intervention.batching is not whitelisted) on v* step 128 attempt 1/8; retrying in 1s
2026-09-21 07:46:24,568 WARNING  edit  transport failure (ConnectTimeout: timed out) on v* step 128 attempt 2/8; retrying in 10s
2026-09-21 07:46:41,999 DEBUG    edit  batch step 128/200  summed loss 1.2226
2026-09-21 07:46:45,881 WARNING  edit  transport failure (NNsightException: Traceback (most recent call last):  RemoteException: Module nnsight.intervention.batching is not whitelisted) on v* step 129 attempt 1/8; retrying in 1s
2026-09-21 07:46:53,422 DEBUG    edit  batch step 129/200  summed loss 1.2297
2026-09-21 07:46:57,574 WARNING  edit  transport failure (NNsightException: Traceback (most recent call last):  RemoteException: Module nnsight.intervention.batching is not whitelisted) on v* step 130 attempt 1/8; retrying in 1s
2026-09-21 07:47:05,739 DEBUG    edit  batch step 130/200  summed loss 1.2231
2026-09-21 07:47:09,684 WARNING  edit  transport failure (NNsightException: Traceback (most recent call last):  RemoteException: Module nnsight.intervention.batching is not whitelisted) on v* step 131 attempt 1/8; retrying in 1s
2026-09-21 07:47:17,380 DEBUG    edit  batch step 131/200  summed loss 1.2210
2026-09-21 07:47:21,790 WARNING  edit  transport failure (NNsightException: Traceback (most recent call last):  RemoteException: Module nnsight.intervention.batching is not whitelisted) on v* step 132 attempt 1/8; retrying in 1s
2026-09-21 07:47:32,863 DEBUG    edit  batch step 132/200  summed loss 1.2246
2026-09-21 07:47:36,476 WARNING  edit  transport failure (NNsightException: Traceback (most recent call last):  RemoteException: Module nnsight.intervention.batching is not whitelisted) on v* step 133 attempt 1/8; retrying in 1s
2026-09-21 07:47:43,714 DEBUG    edit  batch step 133/200  summed loss 1.2203
2026-09-21 07:47:48,259 WARNING  edit  transport failure (NNsightException: Traceback (most recent call last):  RemoteException: Module nnsight.intervention.batching is not whitelisted) on v* step 134 attempt 1/8; retrying in 1s
2026-09-21 07:47:55,335 DEBUG    edit  batch step 134/200  summed loss 1.2161
2026-09-21 07:47:59,052 WARNING  edit  transport failure (NNsightException: Traceback (most recent call last):  RemoteException: Module nnsight.intervention.batching is not whitelisted) on v* step 135 attempt 1/8; retrying in 1s
2026-09-21 07:48:07,407 DEBUG    edit  batch step 135/200  summed loss 1.2155
2026-09-21 07:48:11,179 WARNING  edit  transport failure (NNsightException: Traceback (most recent call last):  RemoteException: Module nnsight.intervention.batching is not whitelisted) on v* step 136 attempt 1/8; retrying in 1s
2026-09-21 07:48:18,890 DEBUG    edit  batch step 136/200  summed loss 1.2138
2026-09-21 07:48:22,859 WARNING  edit  transport failure (NNsightException: Traceback (most recent call last):  RemoteException: Module nnsight.intervention.batching is not whitelisted) on v* step 137 attempt 1/8; retrying in 1s
2026-09-21 07:48:31,019 DEBUG    edit  batch step 137/200  summed loss 1.2170
2026-09-21 07:48:34,841 WARNING  edit  transport failure (NNsightException: Traceback (most recent call last):  RemoteException: Module nnsight.intervention.batching is not whitelisted) on v* step 138 attempt 1/8; retrying in 1s
2026-09-21 07:48:42,571 DEBUG    edit  batch step 138/200  summed loss 1.2129
2026-09-21 07:48:46,862 WARNING  edit  transport failure (NNsightException: Traceback (most recent call last):  RemoteException: Module nnsight.intervention.batching is not whitelisted) on v* step 139 attempt 1/8; retrying in 1s
2026-09-21 07:48:54,577 DEBUG    edit  batch step 139/200  summed loss 1.2187
2026-09-21 07:48:58,319 WARNING  edit  transport failure (NNsightException: Traceback (most recent call last):  RemoteException: Module nnsight.intervention.batching is not whitelisted) on v* step 140 attempt 1/8; retrying in 1s
2026-09-21 07:49:06,568 DEBUG    edit  batch step 140/200  summed loss 1.2196
2026-09-21 07:49:10,498 WARNING  edit  transport failure (NNsightException: Traceback (most recent call last):  RemoteException: Module nnsight.intervention.batching is not whitelisted) on v* step 141 attempt 1/8; retrying in 1s
2026-09-21 07:49:17,601 DEBUG    edit  batch step 141/200  summed loss 1.2177
2026-09-21 07:49:21,851 WARNING  edit  transport failure (NNsightException: Traceback (most recent call last):  RemoteException: Module nnsight.intervention.batching is not whitelisted) on v* step 142 attempt 1/8; retrying in 1s
2026-09-21 07:49:29,698 DEBUG    edit  batch step 142/200  summed loss 1.2153
2026-09-21 07:49:33,464 WARNING  edit  transport failure (NNsightException: Traceback (most recent call last):  RemoteException: Module nnsight.intervention.batching is not whitelisted) on v* step 143 attempt 1/8; retrying in 1s
2026-09-21 07:49:42,344 DEBUG    edit  batch step 143/200  summed loss 1.2130
2026-09-21 07:49:46,494 WARNING  edit  transport failure (NNsightException: Traceback (most recent call last):  RemoteException: Module nnsight.intervention.batching is not whitelisted) on v* step 144 attempt 1/8; retrying in 1s
2026-09-21 07:49:53,814 DEBUG    edit  batch step 144/200  summed loss 1.2142
2026-09-21 07:49:57,653 WARNING  edit  transport failure (NNsightException: Traceback (most recent call last):  RemoteException: Module nnsight.intervention.batching is not whitelisted) on v* step 145 attempt 1/8; retrying in 1s
2026-09-21 07:50:05,320 DEBUG    edit  batch step 145/200  summed loss 1.2190
2026-09-21 07:50:09,062 WARNING  edit  transport failure (NNsightException: Traceback (most recent call last):  RemoteException: Module nnsight.intervention.batching is not whitelisted) on v* step 146 attempt 1/8; retrying in 1s
2026-09-21 07:50:16,650 DEBUG    edit  batch step 146/200  summed loss 1.2151
2026-09-21 07:50:20,360 WARNING  edit  transport failure (NNsightException: Traceback (most recent call last):  RemoteException: Module nnsight.intervention.batching is not whitelisted) on v* step 147 attempt 1/8; retrying in 1s
2026-09-21 07:50:27,927 DEBUG    edit  batch step 147/200  summed loss 1.2182
2026-09-21 07:50:31,648 WARNING  edit  transport failure (NNsightException: Traceback (most recent call last):  RemoteException: Module nnsight.intervention.batching is not whitelisted) on v* step 148 attempt 1/8; retrying in 1s
2026-09-21 07:50:39,011 DEBUG    edit  batch step 148/200  summed loss 1.1998
2026-09-21 07:50:42,679 WARNING  edit  transport failure (NNsightException: Traceback (most recent call last):  RemoteException: Module nnsight.intervention.batching is not whitelisted) on v* step 149 attempt 1/8; retrying in 1s
2026-09-21 07:50:50,231 DEBUG    edit  batch step 149/200  summed loss 1.2104
2026-09-21 07:50:54,234 WARNING  edit  transport failure (NNsightException: Traceback (most recent call last):  RemoteException: Module nnsight.intervention.batching is not whitelisted) on v* step 150 attempt 1/8; retrying in 1s
2026-09-21 07:51:02,220 DEBUG    edit  batch step 150/200  summed loss 1.2103
2026-09-21 07:51:06,237 WARNING  edit  transport failure (NNsightException: Traceback (most recent call last):  RemoteException: Module nnsight.intervention.batching is not whitelisted) on v* step 151 attempt 1/8; retrying in 1s
2026-09-21 07:51:13,695 DEBUG    edit  batch step 151/200  summed loss 1.2130
2026-09-21 07:51:18,049 WARNING  edit  transport failure (NNsightException: Traceback (most recent call last):  RemoteException: Module nnsight.intervention.batching is not whitelisted) on v* step 152 attempt 1/8; retrying in 1s
2026-09-21 07:51:25,340 DEBUG    edit  batch step 152/200  summed loss 1.2108
2026-09-21 07:51:29,666 WARNING  edit  transport failure (NNsightException: Traceback (most recent call last):  RemoteException: Module nnsight.intervention.batching is not whitelisted) on v* step 153 attempt 1/8; retrying in 1s
2026-09-21 07:51:37,152 DEBUG    edit  batch step 153/200  summed loss 1.2088
2026-09-21 07:51:40,986 WARNING  edit  transport failure (NNsightException: Traceback (most recent call last):  RemoteException: Module nnsight.intervention.batching is not whitelisted) on v* step 154 attempt 1/8; retrying in 1s
2026-09-21 07:51:48,655 DEBUG    edit  batch step 154/200  summed loss 1.2096
2026-09-21 07:51:52,504 WARNING  edit  transport failure (NNsightException: Traceback (most recent call last):  RemoteException: Module nnsight.intervention.batching is not whitelisted) on v* step 155 attempt 1/8; retrying in 1s
2026-09-21 07:52:00,201 DEBUG    edit  batch step 155/200  summed loss 1.2137
2026-09-21 07:52:04,927 WARNING  edit  transport failure (NNsightException: Traceback (most recent call last):  RemoteException: Module nnsight.intervention.batching is not whitelisted) on v* step 156 attempt 1/8; retrying in 1s
2026-09-21 07:52:12,506 DEBUG    edit  batch step 156/200  summed loss 1.2092
2026-09-21 07:52:19,336 WARNING  edit  transport failure (NNsightException: Traceback (most recent call last):  RemoteException: Module nnsight.intervention.batching is not whitelisted) on v* step 157 attempt 1/8; retrying in 1s
2026-09-21 07:52:27,405 DEBUG    edit  batch step 157/200  summed loss 1.2075
2026-09-21 07:52:31,317 WARNING  edit  transport failure (NNsightException: Traceback (most recent call last):  RemoteException: Module nnsight.intervention.batching is not whitelisted) on v* step 158 attempt 1/8; retrying in 1s
2026-09-21 07:52:38,884 DEBUG    edit  batch step 158/200  summed loss 1.2070
2026-09-21 07:52:43,221 WARNING  edit  transport failure (NNsightException: Traceback (most recent call last):  RemoteException: Module nnsight.intervention.batching is not whitelisted) on v* step 159 attempt 1/8; retrying in 1s
2026-09-21 07:52:50,586 DEBUG    edit  batch step 159/200  summed loss 1.2090
2026-09-21 07:52:54,490 WARNING  edit  transport failure (NNsightException: Traceback (most recent call last):  RemoteException: Module nnsight.intervention.batching is not whitelisted) on v* step 160 attempt 1/8; retrying in 1s
2026-09-21 07:53:02,496 DEBUG    edit  batch step 160/200  summed loss 1.2082
2026-09-21 07:53:06,359 WARNING  edit  transport failure (NNsightException: Traceback (most recent call last):  RemoteException: Module nnsight.intervention.batching is not whitelisted) on v* step 161 attempt 1/8; retrying in 1s
2026-09-21 07:53:13,679 DEBUG    edit  batch step 161/200  summed loss 1.2065
2026-09-21 07:53:17,664 WARNING  edit  transport failure (NNsightException: Traceback (most recent call last):  RemoteException: Module nnsight.intervention.batching is not whitelisted) on v* step 162 attempt 1/8; retrying in 1s
2026-09-21 07:53:27,458 DEBUG    edit  batch step 162/200  summed loss 1.2065
2026-09-21 07:53:31,433 WARNING  edit  transport failure (NNsightException: Traceback (most recent call last):  RemoteException: Module nnsight.intervention.batching is not whitelisted) on v* step 163 attempt 1/8; retrying in 1s
2026-09-21 07:53:40,312 DEBUG    edit  batch step 163/200  summed loss 1.2090
2026-09-21 07:53:44,909 WARNING  edit  transport failure (NNsightException: Traceback (most recent call last):  RemoteException: Module nnsight.intervention.batching is not whitelisted) on v* step 164 attempt 1/8; retrying in 1s
2026-09-21 07:53:52,839 DEBUG    edit  batch step 164/200  summed loss 1.2133
2026-09-21 07:53:57,954 WARNING  edit  transport failure (NNsightException: Traceback (most recent call last):  RemoteException: Module nnsight.intervention.batching is not whitelisted) on v* step 165 attempt 1/8; retrying in 1s
2026-09-21 07:54:05,815 DEBUG    edit  batch step 165/200  summed loss 1.2089
2026-09-21 07:54:10,243 WARNING  edit  transport failure (NNsightException: Traceback (most recent call last):  RemoteException: Module nnsight.intervention.batching is not whitelisted) on v* step 166 attempt 1/8; retrying in 1s
2026-09-21 07:54:18,240 DEBUG    edit  batch step 166/200  summed loss 1.2049
2026-09-21 07:54:22,975 WARNING  edit  transport failure (NNsightException: Traceback (most recent call last):  RemoteException: Module nnsight.intervention.batching is not whitelisted) on v* step 167 attempt 1/8; retrying in 1s
2026-09-21 07:54:31,671 DEBUG    edit  batch step 167/200  summed loss 1.2087
2026-09-21 07:54:35,914 WARNING  edit  transport failure (NNsightException: Traceback (most recent call last):  RemoteException: Module nnsight.intervention.batching is not whitelisted) on v* step 168 attempt 1/8; retrying in 1s
2026-09-21 07:54:44,991 DEBUG    edit  batch step 168/200  summed loss 1.2084
2026-09-21 07:54:49,131 WARNING  edit  transport failure (NNsightException: Traceback (most recent call last):  RemoteException: Module nnsight.intervention.batching is not whitelisted) on v* step 169 attempt 1/8; retrying in 1s
2026-09-21 07:54:57,572 DEBUG    edit  batch step 169/200  summed loss 1.2091
2026-09-21 07:55:02,026 WARNING  edit  transport failure (NNsightException: Traceback (most recent call last):  RemoteException: Module nnsight.intervention.batching is not whitelisted) on v* step 170 attempt 1/8; retrying in 1s
2026-09-21 07:55:10,125 DEBUG    edit  batch step 170/200  summed loss 1.2045
2026-09-21 07:55:14,373 WARNING  edit  transport failure (NNsightException: Traceback (most recent call last):  RemoteException: Module nnsight.intervention.batching is not whitelisted) on v* step 171 attempt 1/8; retrying in 1s
2026-09-21 07:55:22,423 DEBUG    edit  batch step 171/200  summed loss 1.2103
2026-09-21 07:55:26,594 WARNING  edit  transport failure (NNsightException: Traceback (most recent call last):  RemoteException: Module nnsight.intervention.batching is not whitelisted) on v* step 172 attempt 1/8; retrying in 1s
2026-09-21 07:55:34,912 DEBUG    edit  batch step 172/200  summed loss 1.2054
2026-09-21 07:55:39,199 WARNING  edit  transport failure (NNsightException: Traceback (most recent call last):  RemoteException: Module nnsight.intervention.batching is not whitelisted) on v* step 173 attempt 1/8; retrying in 1s
2026-09-21 07:55:48,485 DEBUG    edit  batch step 173/200  summed loss 1.2040
2026-09-21 07:55:52,844 WARNING  edit  transport failure (NNsightException: Traceback (most recent call last):  RemoteException: Module nnsight.intervention.batching is not whitelisted) on v* step 174 attempt 1/8; retrying in 1s
2026-09-21 07:56:00,774 DEBUG    edit  batch step 174/200  summed loss 1.2053
2026-09-21 07:56:05,101 WARNING  edit  transport failure (NNsightException: Traceback (most recent call last):  RemoteException: Module nnsight.intervention.batching is not whitelisted) on v* step 175 attempt 1/8; retrying in 1s
2026-09-21 07:56:14,078 DEBUG    edit  batch step 175/200  summed loss 1.2065
2026-09-21 07:56:18,715 WARNING  edit  transport failure (NNsightException: Traceback (most recent call last):  RemoteException: Module nnsight.intervention.batching is not whitelisted) on v* step 176 attempt 1/8; retrying in 1s
2026-09-21 07:56:29,061 DEBUG    edit  batch step 176/200  summed loss 1.2104
2026-09-21 07:56:33,902 WARNING  edit  transport failure (NNsightException: Traceback (most recent call last):  RemoteException: Module nnsight.intervention.batching is not whitelisted) on v* step 177 attempt 1/8; retrying in 1s
2026-09-21 07:56:42,561 DEBUG    edit  batch step 177/200  summed loss 1.2056
2026-09-21 07:56:47,247 WARNING  edit  transport failure (NNsightException: Traceback (most recent call last):  RemoteException: Module nnsight.intervention.batching is not whitelisted) on v* step 178 attempt 1/8; retrying in 1s
2026-09-21 07:56:56,477 DEBUG    edit  batch step 178/200  summed loss 1.2118
2026-09-21 07:57:01,072 WARNING  edit  transport failure (NNsightException: Traceback (most recent call last):  RemoteException: Module nnsight.intervention.batching is not whitelisted) on v* step 179 attempt 1/8; retrying in 1s
2026-09-21 07:57:09,071 DEBUG    edit  batch step 179/200  summed loss 1.2045
2026-09-21 07:57:13,191 WARNING  edit  transport failure (NNsightException: Traceback (most recent call last):  RemoteException: Module nnsight.intervention.batching is not whitelisted) on v* step 180 attempt 1/8; retrying in 1s
2026-09-21 07:57:21,335 DEBUG    edit  batch step 180/200  summed loss 1.2051
2026-09-21 07:57:25,936 WARNING  edit  transport failure (NNsightException: Traceback (most recent call last):  RemoteException: Module nnsight.intervention.batching is not whitelisted) on v* step 181 attempt 1/8; retrying in 1s
2026-09-21 07:57:34,836 DEBUG    edit  batch step 181/200  summed loss 1.2082
2026-09-21 07:57:39,322 WARNING  edit  transport failure (NNsightException: Traceback (most recent call last):  RemoteException: Module nnsight.intervention.batching is not whitelisted) on v* step 182 attempt 1/8; retrying in 1s
2026-09-21 07:57:47,520 DEBUG    edit  batch step 182/200  summed loss 1.2114
2026-09-21 07:57:51,796 WARNING  edit  transport failure (NNsightException: Traceback (most recent call last):  RemoteException: Module nnsight.intervention.batching is not whitelisted) on v* step 183 attempt 1/8; retrying in 1s
2026-09-21 07:58:00,714 DEBUG    edit  batch step 183/200  summed loss 1.2066
2026-09-21 07:58:05,136 WARNING  edit  transport failure (NNsightException: Traceback (most recent call last):  RemoteException: Module nnsight.intervention.batching is not whitelisted) on v* step 184 attempt 1/8; retrying in 1s
2026-09-21 07:58:12,395 DEBUG    edit  batch step 184/200  summed loss 1.2070
2026-09-21 07:58:16,540 WARNING  edit  transport failure (NNsightException: Traceback (most recent call last):  RemoteException: Module nnsight.intervention.batching is not whitelisted) on v* step 185 attempt 1/8; retrying in 1s
2026-09-21 07:58:24,472 DEBUG    edit  batch step 185/200  summed loss 1.2075
2026-09-21 07:58:28,512 WARNING  edit  transport failure (NNsightException: Traceback (most recent call last):  RemoteException: Module nnsight.intervention.batching is not whitelisted) on v* step 186 attempt 1/8; retrying in 1s
2026-09-21 07:58:36,134 DEBUG    edit  batch step 186/200  summed loss 1.2042
2026-09-21 07:58:39,633 WARNING  edit  transport failure (NNsightException: Traceback (most recent call last):  RemoteException: Module nnsight.intervention.batching is not whitelisted) on v* step 187 attempt 1/8; retrying in 1s
2026-09-21 07:58:46,941 DEBUG    edit  batch step 187/200  summed loss 1.2163
2026-09-21 07:58:50,461 WARNING  edit  transport failure (NNsightException: Traceback (most recent call last):  RemoteException: Module nnsight.intervention.batching is not whitelisted) on v* step 188 attempt 1/8; retrying in 1s
2026-09-21 07:58:57,879 DEBUG    edit  batch step 188/200  summed loss 1.2098
2026-09-21 07:59:02,330 WARNING  edit  transport failure (NNsightException: Traceback (most recent call last):  RemoteException: Module nnsight.intervention.batching is not whitelisted) on v* step 189 attempt 1/8; retrying in 1s
2026-09-21 07:59:09,498 DEBUG    edit  batch step 189/200  summed loss 1.2096
2026-09-21 07:59:12,981 WARNING  edit  transport failure (NNsightException: Traceback (most recent call last):  RemoteException: Module nnsight.intervention.batching is not whitelisted) on v* step 190 attempt 1/8; retrying in 1s
2026-09-21 07:59:20,182 DEBUG    edit  batch step 190/200  summed loss 1.2100
2026-09-21 07:59:24,521 WARNING  edit  transport failure (NNsightException: Traceback (most recent call last):  RemoteException: Module nnsight.intervention.batching is not whitelisted) on v* step 191 attempt 1/8; retrying in 1s
2026-09-21 07:59:32,052 DEBUG    edit  batch step 191/200  summed loss 1.2087
2026-09-21 07:59:36,050 WARNING  edit  transport failure (NNsightException: Traceback (most recent call last):  RemoteException: Module nnsight.intervention.batching is not whitelisted) on v* step 192 attempt 1/8; retrying in 1s
2026-09-21 07:59:43,543 DEBUG    edit  batch step 192/200  summed loss 1.2113
2026-09-21 07:59:47,710 WARNING  edit  transport failure (NNsightException: Traceback (most recent call last):  RemoteException: Module nnsight.intervention.batching is not whitelisted) on v* step 193 attempt 1/8; retrying in 1s
2026-09-21 07:59:54,910 DEBUG    edit  batch step 193/200  summed loss 1.2102
2026-09-21 07:59:58,487 WARNING  edit  transport failure (NNsightException: Traceback (most recent call last):  RemoteException: Module nnsight.intervention.batching is not whitelisted) on v* step 194 attempt 1/8; retrying in 1s
2026-09-21 08:00:05,712 DEBUG    edit  batch step 194/200  summed loss 1.2075
2026-09-21 08:00:09,658 WARNING  edit  transport failure (NNsightException: Traceback (most recent call last):  RemoteException: Module nnsight.intervention.batching is not whitelisted) on v* step 195 attempt 1/8; retrying in 1s
2026-09-21 08:00:17,437 DEBUG    edit  batch step 195/200  summed loss 1.2179
2026-09-21 08:00:21,143 WARNING  edit  transport failure (NNsightException: Traceback (most recent call last):  RemoteException: Module nnsight.intervention.batching is not whitelisted) on v* step 196 attempt 1/8; retrying in 1s
2026-09-21 08:00:29,318 DEBUG    edit  batch step 196/200  summed loss 1.2074
2026-09-21 08:00:35,924 WARNING  edit  transport failure (NNsightException: Traceback (most recent call last):  RemoteException: Module nnsight.intervention.batching is not whitelisted) on v* step 197 attempt 1/8; retrying in 1s
2026-09-21 08:00:43,244 DEBUG    edit  batch step 197/200  summed loss 1.2131
2026-09-21 08:00:47,162 WARNING  edit  transport failure (NNsightException: Traceback (most recent call last):  RemoteException: Module nnsight.intervention.batching is not whitelisted) on v* step 198 attempt 1/8; retrying in 1s
2026-09-21 08:00:58,014 DEBUG    edit  batch step 198/200  summed loss 1.2205
2026-09-21 08:01:02,216 WARNING  edit  transport failure (NNsightException: Traceback (most recent call last):  RemoteException: Module nnsight.intervention.batching is not whitelisted) on v* step 199 attempt 1/8; retrying in 1s
2026-09-21 08:01:09,522 DEBUG    edit  batch step 199/200  summed loss 1.2152
2026-09-21 08:01:13,286 WARNING  edit  transport failure (NNsightException: Traceback (most recent call last):  RemoteException: Module nnsight.intervention.batching is not whitelisted) on v* step 200 attempt 1/8; retrying in 1s
2026-09-21 08:01:20,654 DEBUG    edit  batch step 200/200  summed loss 1.2119
2026-09-21 08:01:20,654 INFO     run_e028b    optimisation took 54 min
2026-09-21 08:01:22,428 WARNING  remote  transport failure (NNsightException) on attempt 1/8; retrying in 5s
2026-09-21 08:01:29,971 DEBUG    remote  trace ok: 1 rows, 3 tok, 2.5s
2026-09-21 08:01:32,134 WARNING  remote  transport failure (NNsightException) on attempt 1/8; retrying in 5s
2026-09-21 08:01:40,141 DEBUG    remote  trace ok: 1 rows, 3 tok, 3.0s
2026-09-21 08:01:41,851 WARNING  remote  transport failure (NNsightException) on attempt 1/8; retrying in 5s
2026-09-21 08:01:49,819 DEBUG    remote  trace ok: 1 rows, 1 tok, 3.0s
2026-09-21 08:01:51,969 WARNING  remote  transport failure (NNsightException) on attempt 1/8; retrying in 5s
2026-09-21 08:01:59,845 DEBUG    remote  trace ok: 1 rows, 1 tok, 2.9s
2026-09-21 08:02:01,652 WARNING  remote  transport failure (NNsightException) on attempt 1/8; retrying in 5s
2026-09-21 08:02:09,210 DEBUG    remote  trace ok: 1 rows, 1 tok, 2.6s
2026-09-21 08:02:11,273 WARNING  remote  transport failure (NNsightException) on attempt 1/8; retrying in 5s
2026-09-21 08:02:19,455 DEBUG    remote  trace ok: 1 rows, 1 tok, 3.2s
2026-09-21 08:02:21,133 WARNING  remote  transport failure (NNsightException) on attempt 1/8; retrying in 5s
2026-09-21 08:02:28,755 DEBUG    remote  trace ok: 1 rows, 1 tok, 2.6s
2026-09-21 08:02:31,036 WARNING  remote  transport failure (NNsightException) on attempt 1/8; retrying in 5s
2026-09-21 08:02:39,017 DEBUG    remote  trace ok: 1 rows, 1 tok, 3.0s
2026-09-21 08:02:40,664 WARNING  remote  transport failure (NNsightException) on attempt 1/8; retrying in 5s
2026-09-21 08:02:48,206 DEBUG    remote  trace ok: 1 rows, 1 tok, 2.5s
2026-09-21 08:02:50,491 WARNING  remote  transport failure (NNsightException) on attempt 1/8; retrying in 5s
2026-09-21 08:02:58,422 DEBUG    remote  trace ok: 1 rows, 1 tok, 2.9s
2026-09-21 08:03:00,208 WARNING  remote  transport failure (NNsightException) on attempt 1/8; retrying in 5s
2026-09-21 08:03:08,084 DEBUG    remote  trace ok: 1 rows, 3 tok, 2.9s
2026-09-21 08:03:10,332 WARNING  remote  transport failure (NNsightException) on attempt 1/8; retrying in 5s
2026-09-21 08:03:18,260 DEBUG    remote  trace ok: 1 rows, 3 tok, 2.9s
2026-09-21 08:03:19,934 WARNING  remote  transport failure (NNsightException) on attempt 1/8; retrying in 5s
2026-09-21 08:03:27,589 DEBUG    remote  trace ok: 1 rows, 1 tok, 2.6s
2026-09-21 08:03:29,726 WARNING  remote  transport failure (NNsightException) on attempt 1/8; retrying in 5s
2026-09-21 08:03:37,656 DEBUG    remote  trace ok: 1 rows, 1 tok, 2.9s
2026-09-21 08:03:39,440 WARNING  remote  transport failure (NNsightException) on attempt 1/8; retrying in 5s
2026-09-21 08:03:50,091 DEBUG    remote  trace ok: 1 rows, 1 tok, 5.6s
2026-09-21 08:03:52,259 WARNING  remote  transport failure (NNsightException) on attempt 1/8; retrying in 5s
2026-09-21 08:04:00,321 DEBUG    remote  trace ok: 1 rows, 1 tok, 3.1s
2026-09-21 08:04:02,046 WARNING  remote  transport failure (NNsightException) on attempt 1/8; retrying in 5s
2026-09-21 08:04:09,628 DEBUG    remote  trace ok: 1 rows, 1 tok, 2.6s
2026-09-21 08:04:11,876 WARNING  remote  transport failure (NNsightException) on attempt 1/8; retrying in 5s
2026-09-21 08:04:19,895 DEBUG    remote  trace ok: 1 rows, 1 tok, 3.0s
2026-09-21 08:04:21,599 WARNING  remote  transport failure (NNsightException) on attempt 1/8; retrying in 5s
2026-09-21 08:04:29,135 DEBUG    remote  trace ok: 1 rows, 1 tok, 2.5s
2026-09-21 08:04:31,353 WARNING  remote  transport failure (NNsightException) on attempt 1/8; retrying in 5s
2026-09-21 08:04:39,396 DEBUG    remote  trace ok: 1 rows, 1 tok, 3.0s
2026-09-21 08:04:41,076 WARNING  remote  transport failure (NNsightException) on attempt 1/8; retrying in 5s
2026-09-21 08:04:48,677 DEBUG    remote  trace ok: 1 rows, 3 tok, 2.6s
2026-09-21 08:04:51,035 WARNING  remote  transport failure (NNsightException) on attempt 1/8; retrying in 5s
2026-09-21 08:04:59,122 DEBUG    remote  trace ok: 1 rows, 3 tok, 3.1s
2026-09-21 08:05:01,062 WARNING  remote  transport failure (NNsightException) on attempt 1/8; retrying in 5s
2026-09-21 08:05:08,554 DEBUG    remote  trace ok: 1 rows, 3 tok, 2.5s
2026-09-21 08:05:10,871 WARNING  remote  transport failure (NNsightException) on attempt 1/8; retrying in 5s
2026-09-21 08:05:18,891 DEBUG    remote  trace ok: 1 rows, 3 tok, 3.0s
2026-09-21 08:05:18,902 INFO     run_e028b    L20|s200  calibration 5.46 nats   held out 6.23 nats   ||dv|| 7.20
2026-09-21 08:05:18,902 INFO     run_e028b  optimising L20|s400 for 12 specs (6 calibration + 6 held out)
2026-09-21 08:05:20,663 WARNING  remote  transport failure (NNsightException: Traceback (most recent call last):  RemoteException: Module nnsight.intervention.batching is not whitelisted) during pre-edit essence pass, layer 20, attempt 1/8; retrying in 1s
2026-09-21 08:08:29,781 WARNING  remote  transport failure (NNsightException: Traceback (most recent call last):  RemoteException: Module nnsight.intervention.batching is not whitelisted) during k* read for 'Henry Mackenzie', attempt 1/8; retrying in 1s
2026-09-21 08:08:35,605 WARNING  remote  transport failure (NNsightException: Traceback (most recent call last):  RemoteException: Module nnsight.intervention.batching is not whitelisted) during k* read for 'Maurice de Vlaminck', attempt 1/8; retrying in 1s
2026-09-21 08:08:41,141 WARNING  remote  transport failure (NNsightException: Traceback (most recent call last):  RemoteException: Module nnsight.intervention.batching is not whitelisted) during k* read for 'Rio Natsuki', attempt 1/8; retrying in 1s
2026-09-21 08:08:46,763 WARNING  remote  transport failure (NNsightException: Traceback (most recent call last):  RemoteException: Module nnsight.intervention.batching is not whitelisted) during k* read for 'Lunice', attempt 1/8; retrying in 1s
2026-09-21 08:08:52,540 WARNING  remote  transport failure (NNsightException: Traceback (most recent call last):  RemoteException: Module nnsight.intervention.batching is not whitelisted) during k* read for 'Charles Nungesser', attempt 1/8; retrying in 1s
2026-09-21 08:08:58,059 WARNING  remote  transport failure (NNsightException: Traceback (most recent call last):  RemoteException: Module nnsight.intervention.batching is not whitelisted) during k* read for 'Clark Durant', attempt 1/8; retrying in 1s
2026-09-21 08:09:03,577 WARNING  remote  transport failure (NNsightException: Traceback (most recent call last):  RemoteException: Module nnsight.intervention.batching is not whitelisted) during k* read for 'Matias Kupiainen', attempt 1/8; retrying in 1s
2026-09-21 08:09:09,354 WARNING  remote  transport failure (NNsightException: Traceback (most recent call last):  RemoteException: Module nnsight.intervention.batching is not whitelisted) during k* read for 'Maria Altmann', attempt 1/8; retrying in 1s
2026-09-21 08:09:15,064 WARNING  remote  transport failure (NNsightException: Traceback (most recent call last):  RemoteException: Module nnsight.intervention.batching is not whitelisted) during k* read for 'Yona Friedman', attempt 1/8; retrying in 1s
2026-09-21 08:09:20,658 WARNING  remote  transport failure (NNsightException: Traceback (most recent call last):  RemoteException: Module nnsight.intervention.batching is not whitelisted) during k* read for 'Silvia Abascal', attempt 1/8; retrying in 1s
2026-09-21 08:09:26,156 WARNING  remote  transport failure (NNsightException: Traceback (most recent call last):  RemoteException: Module nnsight.intervention.batching is not whitelisted) during k* read for 'Charles Montague Cooke, Jr.', attempt 1/8; retrying in 1s
2026-09-21 08:09:31,615 WARNING  remote  transport failure (NNsightException: Traceback (most recent call last):  RemoteException: Module nnsight.intervention.batching is not whitelisted) during k* read for 'James Forten', attempt 1/8; retrying in 1s
2026-09-21 08:09:39,717 WARNING  edit  transport failure (NNsightException: Traceback (most recent call last):  RemoteException: Module nnsight.intervention.batching is not whitelisted) on v* step 1 attempt 1/8; retrying in 1s
2026-09-21 08:09:47,576 DEBUG    edit  batch step  1/400  summed loss 104.8225
2026-09-21 08:09:51,576 WARNING  edit  transport failure (NNsightException: Traceback (most recent call last):  RemoteException: Module nnsight.intervention.batching is not whitelisted) on v* step 2 attempt 1/8; retrying in 1s
2026-09-21 08:09:59,218 DEBUG    edit  batch step  2/400  summed loss 103.2981
2026-09-21 08:10:02,986 WARNING  edit  transport failure (NNsightException: Traceback (most recent call last):  RemoteException: Module nnsight.intervention.batching is not whitelisted) on v* step 3 attempt 1/8; retrying in 1s
2026-09-21 08:10:11,549 DEBUG    edit  batch step  3/400  summed loss 102.4755
2026-09-21 08:10:15,171 WARNING  edit  transport failure (NNsightException: Traceback (most recent call last):  RemoteException: Module nnsight.intervention.batching is not whitelisted) on v* step 4 attempt 1/8; retrying in 1s
2026-09-21 08:10:22,463 DEBUG    edit  batch step  4/400  summed loss 100.5316
2026-09-21 08:10:26,145 WARNING  edit  transport failure (NNsightException: Traceback (most recent call last):  RemoteException: Module nnsight.intervention.batching is not whitelisted) on v* step 5 attempt 1/8; retrying in 1s
2026-09-21 08:10:33,511 DEBUG    edit  batch step  5/400  summed loss 95.4772
2026-09-21 08:10:37,442 WARNING  edit  transport failure (NNsightException: Traceback (most recent call last):  RemoteException: Module nnsight.intervention.batching is not whitelisted) on v* step 6 attempt 1/8; retrying in 1s
2026-09-21 08:10:44,963 DEBUG    edit  batch step  6/400  summed loss 82.8438
2026-09-21 08:10:48,792 WARNING  edit  transport failure (NNsightException: Traceback (most recent call last):  RemoteException: Module nnsight.intervention.batching is not whitelisted) on v* step 7 attempt 1/8; retrying in 1s
2026-09-21 08:10:57,444 DEBUG    edit  batch step  7/400  summed loss 75.9603
2026-09-21 08:11:01,074 WARNING  edit  transport failure (NNsightException: Traceback (most recent call last):  RemoteException: Module nnsight.intervention.batching is not whitelisted) on v* step 8 attempt 1/8; retrying in 1s
2026-09-21 08:11:08,793 DEBUG    edit  batch step  8/400  summed loss 65.2582
2026-09-21 08:11:12,599 WARNING  edit  transport failure (NNsightException: Traceback (most recent call last):  RemoteException: Module nnsight.intervention.batching is not whitelisted) on v* step 9 attempt 1/8; retrying in 1s
2026-09-21 08:11:20,944 DEBUG    edit  batch step  9/400  summed loss 55.5071
2026-09-21 08:11:24,746 WARNING  edit  transport failure (NNsightException: Traceback (most recent call last):  RemoteException: Module nnsight.intervention.batching is not whitelisted) on v* step 10 attempt 1/8; retrying in 1s
2026-09-21 08:11:32,442 DEBUG    edit  batch step 10/400  summed loss 51.4019
2026-09-21 08:11:35,965 WARNING  edit  transport failure (NNsightException: Traceback (most recent call last):  RemoteException: Module nnsight.intervention.batching is not whitelisted) on v* step 11 attempt 1/8; retrying in 1s
2026-09-21 08:11:43,640 DEBUG    edit  batch step 11/400  summed loss 43.9698
2026-09-21 08:11:47,382 WARNING  edit  transport failure (NNsightException: Traceback (most recent call last):  RemoteException: Module nnsight.intervention.batching is not whitelisted) on v* step 12 attempt 1/8; retrying in 1s
2026-09-21 08:11:56,830 DEBUG    edit  batch step 12/400  summed loss 32.9091
2026-09-21 08:12:00,954 WARNING  edit  transport failure (NNsightException: Traceback (most recent call last):  RemoteException: Module nnsight.intervention.batching is not whitelisted) on v* step 13 attempt 1/8; retrying in 1s
2026-09-21 08:12:08,107 DEBUG    edit  batch step 13/400  summed loss 22.4146
2026-09-21 08:12:11,926 WARNING  edit  transport failure (NNsightException: Traceback (most recent call last):  RemoteException: Module nnsight.intervention.batching is not whitelisted) on v* step 14 attempt 1/8; retrying in 1s
2026-09-21 08:12:19,560 DEBUG    edit  batch step 14/400  summed loss 20.3922
2026-09-21 08:12:23,295 WARNING  edit  transport failure (NNsightException: Traceback (most recent call last):  RemoteException: Module nnsight.intervention.batching is not whitelisted) on v* step 15 attempt 1/8; retrying in 1s
2026-09-21 08:12:31,028 DEBUG    edit  batch step 15/400  summed loss 18.5122
2026-09-21 08:12:35,061 WARNING  edit  transport failure (NNsightException: Traceback (most recent call last):  RemoteException: Module nnsight.intervention.batching is not whitelisted) on v* step 16 attempt 1/8; retrying in 1s
2026-09-21 08:12:43,005 DEBUG    edit  batch step 16/400  summed loss 15.1024
2026-09-21 08:12:46,687 WARNING  edit  transport failure (NNsightException: Traceback (most recent call last):  RemoteException: Module nnsight.intervention.batching is not whitelisted) on v* step 17 attempt 1/8; retrying in 1s
2026-09-21 08:12:54,350 DEBUG    edit  batch step 17/400  summed loss 11.6977
2026-09-21 08:12:58,426 WARNING  edit  transport failure (NNsightException: Traceback (most recent call last):  RemoteException: Module nnsight.intervention.batching is not whitelisted) on v* step 18 attempt 1/8; retrying in 1s
2026-09-21 08:13:05,535 DEBUG    edit  batch step 18/400  summed loss 10.4126
2026-09-21 08:13:09,185 WARNING  edit  transport failure (NNsightException: Traceback (most recent call last):  RemoteException: Module nnsight.intervention.batching is not whitelisted) on v* step 19 attempt 1/8; retrying in 1s
2026-09-21 08:13:17,400 DEBUG    edit  batch step 19/400  summed loss 9.9286
2026-09-21 08:13:21,018 WARNING  edit  transport failure (NNsightException: Traceback (most recent call last):  RemoteException: Module nnsight.intervention.batching is not whitelisted) on v* step 20 attempt 1/8; retrying in 1s
2026-09-21 08:13:28,629 DEBUG    edit  batch step 20/400  summed loss 9.4984
2026-09-21 08:13:32,776 WARNING  edit  transport failure (NNsightException: Traceback (most recent call last):  RemoteException: Module nnsight.intervention.batching is not whitelisted) on v* step 21 attempt 1/8; retrying in 1s
2026-09-21 08:13:40,307 DEBUG    edit  batch step 21/400  summed loss 9.2875
2026-09-21 08:13:43,939 WARNING  edit  transport failure (NNsightException: Traceback (most recent call last):  RemoteException: Module nnsight.intervention.batching is not whitelisted) on v* step 22 attempt 1/8; retrying in 1s
2026-09-21 08:13:50,978 DEBUG    edit  batch step 22/400  summed loss 9.0356
2026-09-21 08:13:55,075 WARNING  edit  transport failure (NNsightException: Traceback (most recent call last):  RemoteException: Module nnsight.intervention.batching is not whitelisted) on v* step 23 attempt 1/8; retrying in 1s
2026-09-21 08:14:03,018 DEBUG    edit  batch step 23/400  summed loss 8.9472
2026-09-21 08:14:06,635 WARNING  edit  transport failure (NNsightException: Traceback (most recent call last):  RemoteException: Module nnsight.intervention.batching is not whitelisted) on v* step 24 attempt 1/8; retrying in 1s
2026-09-21 08:14:15,145 DEBUG    edit  batch step 24/400  summed loss 8.7674
2026-09-21 08:14:19,120 WARNING  edit  transport failure (NNsightException: Traceback (most recent call last):  RemoteException: Module nnsight.intervention.batching is not whitelisted) on v* step 25 attempt 1/8; retrying in 1s
2026-09-21 08:14:26,740 DEBUG    edit  batch step 25/400  summed loss 8.6383
2026-09-21 08:14:30,719 WARNING  edit  transport failure (NNsightException: Traceback (most recent call last):  RemoteException: Module nnsight.intervention.batching is not whitelisted) on v* step 26 attempt 1/8; retrying in 1s
2026-09-21 08:14:38,298 DEBUG    edit  batch step 26/400  summed loss 8.4783
2026-09-21 08:14:41,996 WARNING  edit  transport failure (NNsightException: Traceback (most recent call last):  RemoteException: Module nnsight.intervention.batching is not whitelisted) on v* step 27 attempt 1/8; retrying in 1s
2026-09-21 08:14:49,551 DEBUG    edit  batch step 27/400  summed loss 8.2958
2026-09-21 08:14:53,236 WARNING  edit  transport failure (NNsightException: Traceback (most recent call last):  RemoteException: Module nnsight.intervention.batching is not whitelisted) on v* step 28 attempt 1/8; retrying in 1s
2026-09-21 08:15:00,752 DEBUG    edit  batch step 28/400  summed loss 8.0954
2026-09-21 08:15:04,523 WARNING  edit  transport failure (NNsightException: Traceback (most recent call last):  RemoteException: Module nnsight.intervention.batching is not whitelisted) on v* step 29 attempt 1/8; retrying in 1s
2026-09-21 08:15:11,572 DEBUG    edit  batch step 29/400  summed loss 7.6661
2026-09-21 08:15:15,537 WARNING  edit  transport failure (NNsightException: Traceback (most recent call last):  RemoteException: Module nnsight.intervention.batching is not whitelisted) on v* step 30 attempt 1/8; retrying in 1s
2026-09-21 08:15:23,444 DEBUG    edit  batch step 30/400  summed loss 6.2957
2026-09-21 08:15:27,196 WARNING  edit  transport failure (NNsightException: Traceback (most recent call last):  RemoteException: Module nnsight.intervention.batching is not whitelisted) on v* step 31 attempt 1/8; retrying in 1s
2026-09-21 08:15:34,997 DEBUG    edit  batch step 31/400  summed loss 4.2933
2026-09-21 08:15:38,756 WARNING  edit  transport failure (NNsightException: Traceback (most recent call last):  RemoteException: Module nnsight.intervention.batching is not whitelisted) on v* step 32 attempt 1/8; retrying in 1s
2026-09-21 08:15:46,162 DEBUG    edit  batch step 32/400  summed loss 3.4427
2026-09-21 08:15:50,327 WARNING  edit  transport failure (NNsightException: Traceback (most recent call last):  RemoteException: Module nnsight.intervention.batching is not whitelisted) on v* step 33 attempt 1/8; retrying in 1s
2026-09-21 08:15:58,012 DEBUG    edit  batch step 33/400  summed loss 3.0748
2026-09-21 08:16:02,103 WARNING  edit  transport failure (NNsightException: Traceback (most recent call last):  RemoteException: Module nnsight.intervention.batching is not whitelisted) on v* step 34 attempt 1/8; retrying in 1s
2026-09-21 08:16:09,443 DEBUG    edit  batch step 34/400  summed loss 2.8191
2026-09-21 08:16:13,282 WARNING  edit  transport failure (NNsightException: Traceback (most recent call last):  RemoteException: Module nnsight.intervention.batching is not whitelisted) on v* step 35 attempt 1/8; retrying in 1s
2026-09-21 08:16:20,653 DEBUG    edit  batch step 35/400  summed loss 2.6955
2026-09-21 08:16:24,275 WARNING  edit  transport failure (NNsightException: Traceback (most recent call last):  RemoteException: Module nnsight.intervention.batching is not whitelisted) on v* step 36 attempt 1/8; retrying in 1s
2026-09-21 08:16:32,398 DEBUG    edit  batch step 36/400  summed loss 2.4970
2026-09-21 08:16:36,138 WARNING  edit  transport failure (NNsightException: Traceback (most recent call last):  RemoteException: Module nnsight.intervention.batching is not whitelisted) on v* step 37 attempt 1/8; retrying in 1s
2026-09-21 08:16:45,271 DEBUG    edit  batch step 37/400  summed loss 2.3592
2026-09-21 08:16:49,448 WARNING  edit  transport failure (NNsightException: Traceback (most recent call last):  RemoteException: Module nnsight.intervention.batching is not whitelisted) on v* step 38 attempt 1/8; retrying in 1s
2026-09-21 08:16:57,644 DEBUG    edit  batch step 38/400  summed loss 2.2980
2026-09-21 08:17:01,361 WARNING  edit  transport failure (NNsightException: Traceback (most recent call last):  RemoteException: Module nnsight.intervention.batching is not whitelisted) on v* step 39 attempt 1/8; retrying in 1s
2026-09-21 08:17:08,669 DEBUG    edit  batch step 39/400  summed loss 2.2213
2026-09-21 08:17:12,883 WARNING  edit  transport failure (NNsightException: Traceback (most recent call last):  RemoteException: Module nnsight.intervention.batching is not whitelisted) on v* step 40 attempt 1/8; retrying in 1s
2026-09-21 08:17:20,086 DEBUG    edit  batch step 40/400  summed loss 2.1683
2026-09-21 08:17:24,151 WARNING  edit  transport failure (NNsightException: Traceback (most recent call last):  RemoteException: Module nnsight.intervention.batching is not whitelisted) on v* step 41 attempt 1/8; retrying in 1s
2026-09-21 08:17:31,308 DEBUG    edit  batch step 41/400  summed loss 2.0761
2026-09-21 08:17:34,924 WARNING  edit  transport failure (NNsightException: Traceback (most recent call last):  RemoteException: Module nnsight.intervention.batching is not whitelisted) on v* step 42 attempt 1/8; retrying in 1s
2026-09-21 08:17:42,518 DEBUG    edit  batch step 42/400  summed loss 2.0110
2026-09-21 08:17:46,610 WARNING  edit  transport failure (NNsightException: Traceback (most recent call last):  RemoteException: Module nnsight.intervention.batching is not whitelisted) on v* step 43 attempt 1/8; retrying in 1s
2026-09-21 08:17:56,192 DEBUG    edit  batch step 43/400  summed loss 1.9709
2026-09-21 08:17:59,735 WARNING  edit  transport failure (NNsightException: Traceback (most recent call last):  RemoteException: Module nnsight.intervention.batching is not whitelisted) on v* step 44 attempt 1/8; retrying in 1s
2026-09-21 08:18:07,741 DEBUG    edit  batch step 44/400  summed loss 1.9350
2026-09-21 08:18:11,378 WARNING  edit  transport failure (NNsightException: Traceback (most recent call last):  RemoteException: Module nnsight.intervention.batching is not whitelisted) on v* step 45 attempt 1/8; retrying in 1s
2026-09-21 08:18:18,659 DEBUG    edit  batch step 45/400  summed loss 1.8790
2026-09-21 08:18:22,848 WARNING  edit  transport failure (NNsightException: Traceback (most recent call last):  RemoteException: Module nnsight.intervention.batching is not whitelisted) on v* step 46 attempt 1/8; retrying in 1s
2026-09-21 08:18:30,477 DEBUG    edit  batch step 46/400  summed loss 1.8515
2026-09-21 08:18:34,080 WARNING  edit  transport failure (NNsightException: Traceback (most recent call last):  RemoteException: Module nnsight.intervention.batching is not whitelisted) on v* step 47 attempt 1/8; retrying in 1s
2026-09-21 08:18:41,397 DEBUG    edit  batch step 47/400  summed loss 1.8253
2026-09-21 08:18:46,024 WARNING  edit  transport failure (NNsightException: Traceback (most recent call last):  RemoteException: Module nnsight.intervention.batching is not whitelisted) on v* step 48 attempt 1/8; retrying in 1s
2026-09-21 08:18:53,250 DEBUG    edit  batch step 48/400  summed loss 1.8055
2026-09-21 08:18:57,186 WARNING  edit  transport failure (NNsightException: Traceback (most recent call last):  RemoteException: Module nnsight.intervention.batching is not whitelisted) on v* step 49 attempt 1/8; retrying in 1s
2026-09-21 08:19:04,443 DEBUG    edit  batch step 49/400  summed loss 1.7797
2026-09-21 08:19:07,980 WARNING  edit  transport failure (NNsightException: Traceback (most recent call last):  RemoteException: Module nnsight.intervention.batching is not whitelisted) on v* step 50 attempt 1/8; retrying in 1s
2026-09-21 08:19:15,546 DEBUG    edit  batch step 50/400  summed loss 1.7615
2026-09-21 08:19:19,828 WARNING  edit  transport failure (NNsightException: Traceback (most recent call last):  RemoteException: Module nnsight.intervention.batching is not whitelisted) on v* step 51 attempt 1/8; retrying in 1s
2026-09-21 08:19:26,976 DEBUG    edit  batch step 51/400  summed loss 1.7148
2026-09-21 08:19:30,859 WARNING  edit  transport failure (NNsightException: Traceback (most recent call last):  RemoteException: Module nnsight.intervention.batching is not whitelisted) on v* step 52 attempt 1/8; retrying in 1s
2026-09-21 08:19:38,399 DEBUG    edit  batch step 52/400  summed loss 1.6824
2026-09-21 08:19:42,106 WARNING  edit  transport failure (NNsightException: Traceback (most recent call last):  RemoteException: Module nnsight.intervention.batching is not whitelisted) on v* step 53 attempt 1/8; retrying in 1s
2026-09-21 08:19:52,597 DEBUG    edit  batch step 53/400  summed loss 1.6715
2026-09-21 08:19:56,642 WARNING  edit  transport failure (NNsightException: Traceback (most recent call last):  RemoteException: Module nnsight.intervention.batching is not whitelisted) on v* step 54 attempt 1/8; retrying in 1s
2026-09-21 08:20:04,480 DEBUG    edit  batch step 54/400  summed loss 1.6495
2026-09-21 08:20:08,371 WARNING  edit  transport failure (NNsightException: Traceback (most recent call last):  RemoteException: Module nnsight.intervention.batching is not whitelisted) on v* step 55 attempt 1/8; retrying in 1s
2026-09-21 08:20:15,974 DEBUG    edit  batch step 55/400  summed loss 1.6349
2026-09-21 08:20:19,944 WARNING  edit  transport failure (NNsightException: Traceback (most recent call last):  RemoteException: Module nnsight.intervention.batching is not whitelisted) on v* step 56 attempt 1/8; retrying in 1s
2026-09-21 08:20:27,478 DEBUG    edit  batch step 56/400  summed loss 1.6284
2026-09-21 08:20:31,220 WARNING  edit  transport failure (NNsightException: Traceback (most recent call last):  RemoteException: Module nnsight.intervention.batching is not whitelisted) on v* step 57 attempt 1/8; retrying in 1s
2026-09-21 08:20:38,478 DEBUG    edit  batch step 57/400  summed loss 1.5942
2026-09-21 08:20:42,258 WARNING  edit  transport failure (NNsightException: Traceback (most recent call last):  RemoteException: Module nnsight.intervention.batching is not whitelisted) on v* step 58 attempt 1/8; retrying in 1s
2026-09-21 08:20:58,210 DEBUG    edit  batch step 58/400  summed loss 1.5799
2026-09-21 08:21:02,018 WARNING  edit  transport failure (NNsightException: Traceback (most recent call last):  RemoteException: Module nnsight.intervention.batching is not whitelisted) on v* step 59 attempt 1/8; retrying in 1s
2026-09-21 08:21:09,198 DEBUG    edit  batch step 59/400  summed loss 1.5671
2026-09-21 08:21:13,051 WARNING  edit  transport failure (NNsightException: Traceback (most recent call last):  RemoteException: Module nnsight.intervention.batching is not whitelisted) on v* step 60 attempt 1/8; retrying in 1s
2026-09-21 08:21:20,319 DEBUG    edit  batch step 60/400  summed loss 1.5506
2026-09-21 08:21:24,262 WARNING  edit  transport failure (NNsightException: Traceback (most recent call last):  RemoteException: Module nnsight.intervention.batching is not whitelisted) on v* step 61 attempt 1/8; retrying in 1s
2026-09-21 08:21:32,220 DEBUG    edit  batch step 61/400  summed loss 1.5350
2026-09-21 08:21:36,274 WARNING  edit  transport failure (NNsightException: Traceback (most recent call last):  RemoteException: Module nnsight.intervention.batching is not whitelisted) on v* step 62 attempt 1/8; retrying in 1s
2026-09-21 08:21:43,424 DEBUG    edit  batch step 62/400  summed loss 1.5163
2026-09-21 08:21:47,346 WARNING  edit  transport failure (NNsightException: Traceback (most recent call last):  RemoteException: Module nnsight.intervention.batching is not whitelisted) on v* step 63 attempt 1/8; retrying in 1s
2026-09-21 08:21:54,877 DEBUG    edit  batch step 63/400  summed loss 1.5141
2026-09-21 08:21:58,759 WARNING  edit  transport failure (NNsightException: Traceback (most recent call last):  RemoteException: Module nnsight.intervention.batching is not whitelisted) on v* step 64 attempt 1/8; retrying in 1s
2026-09-21 08:22:05,843 DEBUG    edit  batch step 64/400  summed loss 1.5087
2026-09-21 08:22:09,825 WARNING  edit  transport failure (NNsightException: Traceback (most recent call last):  RemoteException: Module nnsight.intervention.batching is not whitelisted) on v* step 65 attempt 1/8; retrying in 1s
2026-09-21 08:22:19,224 DEBUG    edit  batch step 65/400  summed loss 1.4623
2026-09-21 08:22:23,528 WARNING  edit  transport failure (NNsightException: Traceback (most recent call last):  RemoteException: Module nnsight.intervention.batching is not whitelisted) on v* step 66 attempt 1/8; retrying in 1s
2026-09-21 08:22:31,009 DEBUG    edit  batch step 66/400  summed loss 1.4640
2026-09-21 08:22:34,628 WARNING  edit  transport failure (NNsightException: Traceback (most recent call last):  RemoteException: Module nnsight.intervention.batching is not whitelisted) on v* step 67 attempt 1/8; retrying in 1s
2026-09-21 08:22:42,040 DEBUG    edit  batch step 67/400  summed loss 1.4724
2026-09-21 08:22:45,762 WARNING  edit  transport failure (NNsightException: Traceback (most recent call last):  RemoteException: Module nnsight.intervention.batching is not whitelisted) on v* step 68 attempt 1/8; retrying in 1s
2026-09-21 08:22:53,338 DEBUG    edit  batch step 68/400  summed loss 1.4333
2026-09-21 08:22:57,238 WARNING  edit  transport failure (NNsightException: Traceback (most recent call last):  RemoteException: Module nnsight.intervention.batching is not whitelisted) on v* step 69 attempt 1/8; retrying in 1s
2026-09-21 08:23:05,289 DEBUG    edit  batch step 69/400  summed loss 1.4464
2026-09-21 08:23:09,365 WARNING  edit  transport failure (NNsightException: Traceback (most recent call last):  RemoteException: Module nnsight.intervention.batching is not whitelisted) on v* step 70 attempt 1/8; retrying in 1s
2026-09-21 08:23:17,000 DEBUG    edit  batch step 70/400  summed loss 1.4305
2026-09-21 08:23:21,041 WARNING  edit  transport failure (NNsightException: Traceback (most recent call last):  RemoteException: Module nnsight.intervention.batching is not whitelisted) on v* step 71 attempt 1/8; retrying in 1s
2026-09-21 08:23:28,420 DEBUG    edit  batch step 71/400  summed loss 1.4341
2026-09-21 08:23:32,106 WARNING  edit  transport failure (NNsightException: Traceback (most recent call last):  RemoteException: Module nnsight.intervention.batching is not whitelisted) on v* step 72 attempt 1/8; retrying in 1s
2026-09-21 08:23:39,520 DEBUG    edit  batch step 72/400  summed loss 1.4248
2026-09-21 08:23:43,358 WARNING  edit  transport failure (NNsightException: Traceback (most recent call last):  RemoteException: Module nnsight.intervention.batching is not whitelisted) on v* step 73 attempt 1/8; retrying in 1s
2026-09-21 08:23:50,783 DEBUG    edit  batch step 73/400  summed loss 1.4039
2026-09-21 08:23:54,326 WARNING  edit  transport failure (NNsightException: Traceback (most recent call last):  RemoteException: Module nnsight.intervention.batching is not whitelisted) on v* step 74 attempt 1/8; retrying in 1s
2026-09-21 08:24:01,938 DEBUG    edit  batch step 74/400  summed loss 1.3904
2026-09-21 08:24:05,699 WARNING  edit  transport failure (NNsightException: Traceback (most recent call last):  RemoteException: Module nnsight.intervention.batching is not whitelisted) on v* step 75 attempt 1/8; retrying in 1s
2026-09-21 08:24:13,258 DEBUG    edit  batch step 75/400  summed loss 1.3868
2026-09-21 08:24:17,065 WARNING  edit  transport failure (NNsightException: Traceback (most recent call last):  RemoteException: Module nnsight.intervention.batching is not whitelisted) on v* step 76 attempt 1/8; retrying in 1s
2026-09-21 08:24:24,267 DEBUG    edit  batch step 76/400  summed loss 1.3900
2026-09-21 08:24:28,078 WARNING  edit  transport failure (NNsightException: Traceback (most recent call last):  RemoteException: Module nnsight.intervention.batching is not whitelisted) on v* step 77 attempt 1/8; retrying in 1s
2026-09-21 08:24:37,115 DEBUG    edit  batch step 77/400  summed loss 1.3744
2026-09-21 08:24:40,876 WARNING  edit  transport failure (NNsightException: Traceback (most recent call last):  RemoteException: Module nnsight.intervention.batching is not whitelisted) on v* step 78 attempt 1/8; retrying in 1s
2026-09-21 08:24:48,152 DEBUG    edit  batch step 78/400  summed loss 1.3781
2026-09-21 08:24:51,927 WARNING  edit  transport failure (NNsightException: Traceback (most recent call last):  RemoteException: Module nnsight.intervention.batching is not whitelisted) on v* step 79 attempt 1/8; retrying in 1s
2026-09-21 08:24:59,154 DEBUG    edit  batch step 79/400  summed loss 1.3628
2026-09-21 08:25:03,061 WARNING  edit  transport failure (NNsightException: Traceback (most recent call last):  RemoteException: Module nnsight.intervention.batching is not whitelisted) on v* step 80 attempt 1/8; retrying in 1s
2026-09-21 08:25:11,695 DEBUG    edit  batch step 80/400  summed loss 1.3563
2026-09-21 08:25:15,637 WARNING  edit  transport failure (NNsightException: Traceback (most recent call last):  RemoteException: Module nnsight.intervention.batching is not whitelisted) on v* step 81 attempt 1/8; retrying in 1s
2026-09-21 08:25:23,225 DEBUG    edit  batch step 81/400  summed loss 1.3477
2026-09-21 08:25:27,471 WARNING  edit  transport failure (NNsightException: Traceback (most recent call last):  RemoteException: Module nnsight.intervention.batching is not whitelisted) on v* step 82 attempt 1/8; retrying in 1s
2026-09-21 08:25:35,185 DEBUG    edit  batch step 82/400  summed loss 1.3578
2026-09-21 08:25:38,838 WARNING  edit  transport failure (NNsightException: Traceback (most recent call last):  RemoteException: Module nnsight.intervention.batching is not whitelisted) on v* step 83 attempt 1/8; retrying in 1s
2026-09-21 08:25:46,427 DEBUG    edit  batch step 83/400  summed loss 1.3560
2026-09-21 08:25:50,180 WARNING  edit  transport failure (NNsightException: Traceback (most recent call last):  RemoteException: Module nnsight.intervention.batching is not whitelisted) on v* step 84 attempt 1/8; retrying in 1s
2026-09-21 08:25:57,591 DEBUG    edit  batch step 84/400  summed loss 1.3269
2026-09-21 08:26:01,087 WARNING  edit  transport failure (NNsightException: Traceback (most recent call last):  RemoteException: Module nnsight.intervention.batching is not whitelisted) on v* step 85 attempt 1/8; retrying in 1s
2026-09-21 08:26:08,382 DEBUG    edit  batch step 85/400  summed loss 1.3350
2026-09-21 08:26:12,165 WARNING  edit  transport failure (NNsightException: Traceback (most recent call last):  RemoteException: Module nnsight.intervention.batching is not whitelisted) on v* step 86 attempt 1/8; retrying in 1s
2026-09-21 08:26:19,304 DEBUG    edit  batch step 86/400  summed loss 1.3299
2026-09-21 08:26:22,892 WARNING  edit  transport failure (NNsightException: Traceback (most recent call last):  RemoteException: Module nnsight.intervention.batching is not whitelisted) on v* step 87 attempt 1/8; retrying in 1s
2026-09-21 08:26:30,095 DEBUG    edit  batch step 87/400  summed loss 1.3371
2026-09-21 08:26:33,632 WARNING  edit  transport failure (NNsightException: Traceback (most recent call last):  RemoteException: Module nnsight.intervention.batching is not whitelisted) on v* step 88 attempt 1/8; retrying in 1s
2026-09-21 08:26:40,931 DEBUG    edit  batch step 88/400  summed loss 1.3150
2026-09-21 08:26:44,549 WARNING  edit  transport failure (NNsightException: Traceback (most recent call last):  RemoteException: Module nnsight.intervention.batching is not whitelisted) on v* step 89 attempt 1/8; retrying in 1s
2026-09-21 08:26:52,328 DEBUG    edit  batch step 89/400  summed loss 1.3102
2026-09-21 08:26:56,188 WARNING  edit  transport failure (NNsightException: Traceback (most recent call last):  RemoteException: Module nnsight.intervention.batching is not whitelisted) on v* step 90 attempt 1/8; retrying in 1s
2026-09-21 08:27:03,891 DEBUG    edit  batch step 90/400  summed loss 1.3112
2026-09-21 08:27:08,225 WARNING  edit  transport failure (NNsightException: Traceback (most recent call last):  RemoteException: Module nnsight.intervention.batching is not whitelisted) on v* step 91 attempt 1/8; retrying in 1s
2026-09-21 08:27:15,380 DEBUG    edit  batch step 91/400  summed loss 1.3111
2026-09-21 08:27:19,213 WARNING  edit  transport failure (NNsightException: Traceback (most recent call last):  RemoteException: Module nnsight.intervention.batching is not whitelisted) on v* step 92 attempt 1/8; retrying in 1s
2026-09-21 08:27:26,549 DEBUG    edit  batch step 92/400  summed loss 1.3043
2026-09-21 08:27:30,445 WARNING  edit  transport failure (NNsightException: Traceback (most recent call last):  RemoteException: Module nnsight.intervention.batching is not whitelisted) on v* step 93 attempt 1/8; retrying in 1s
2026-09-21 08:27:38,342 DEBUG    edit  batch step 93/400  summed loss 1.3026
2026-09-21 08:27:42,209 WARNING  edit  transport failure (NNsightException: Traceback (most recent call last):  RemoteException: Module nnsight.intervention.batching is not whitelisted) on v* step 94 attempt 1/8; retrying in 1s
2026-09-21 08:27:49,648 DEBUG    edit  batch step 94/400  summed loss 1.3044
2026-09-21 08:27:53,770 WARNING  edit  transport failure (NNsightException: Traceback (most recent call last):  RemoteException: Module nnsight.intervention.batching is not whitelisted) on v* step 95 attempt 1/8; retrying in 1s
2026-09-21 08:28:02,437 DEBUG    edit  batch step 95/400  summed loss 1.2886
2026-09-21 08:28:06,832 WARNING  edit  transport failure (NNsightException: Traceback (most recent call last):  RemoteException: Module nnsight.intervention.batching is not whitelisted) on v* step 96 attempt 1/8; retrying in 1s
2026-09-21 08:28:14,053 DEBUG    edit  batch step 96/400  summed loss 1.2831
2026-09-21 08:28:17,788 WARNING  edit  transport failure (NNsightException: Traceback (most recent call last):  RemoteException: Module nnsight.intervention.batching is not whitelisted) on v* step 97 attempt 1/8; retrying in 1s
2026-09-21 08:28:25,346 DEBUG    edit  batch step 97/400  summed loss 1.2814
2026-09-21 08:28:29,048 WARNING  edit  transport failure (NNsightException: Traceback (most recent call last):  RemoteException: Module nnsight.intervention.batching is not whitelisted) on v* step 98 attempt 1/8; retrying in 1s
2026-09-21 08:28:36,927 DEBUG    edit  batch step 98/400  summed loss 1.2838
2026-09-21 08:28:41,208 WARNING  edit  transport failure (NNsightException: Traceback (most recent call last):  RemoteException: Module nnsight.intervention.batching is not whitelisted) on v* step 99 attempt 1/8; retrying in 1s
2026-09-21 08:28:50,124 DEBUG    edit  batch step 99/400  summed loss 1.2868
2026-09-21 08:28:54,692 WARNING  edit  transport failure (NNsightException: Traceback (most recent call last):  RemoteException: Module nnsight.intervention.batching is not whitelisted) on v* step 100 attempt 1/8; retrying in 1s
2026-09-21 08:29:02,291 DEBUG    edit  batch step 100/400  summed loss 1.2852
2026-09-21 08:29:06,130 WARNING  edit  transport failure (NNsightException: Traceback (most recent call last):  RemoteException: Module nnsight.intervention.batching is not whitelisted) on v* step 101 attempt 1/8; retrying in 1s
2026-09-21 08:29:14,198 DEBUG    edit  batch step 101/400  summed loss 1.2821
2026-09-21 08:29:17,870 WARNING  edit  transport failure (NNsightException: Traceback (most recent call last):  RemoteException: Module nnsight.intervention.batching is not whitelisted) on v* step 102 attempt 1/8; retrying in 1s
2026-09-21 08:29:25,910 DEBUG    edit  batch step 102/400  summed loss 1.2752
2026-09-21 08:29:29,969 WARNING  edit  transport failure (NNsightException: Traceback (most recent call last):  RemoteException: Module nnsight.intervention.batching is not whitelisted) on v* step 103 attempt 1/8; retrying in 1s
2026-09-21 08:29:37,497 DEBUG    edit  batch step 103/400  summed loss 1.2703
2026-09-21 08:29:41,165 WARNING  edit  transport failure (NNsightException: Traceback (most recent call last):  RemoteException: Module nnsight.intervention.batching is not whitelisted) on v* step 104 attempt 1/8; retrying in 1s
2026-09-21 08:29:48,269 DEBUG    edit  batch step 104/400  summed loss 1.2621
2026-09-21 08:29:52,702 WARNING  edit  transport failure (NNsightException: Traceback (most recent call last):  RemoteException: Module nnsight.intervention.batching is not whitelisted) on v* step 105 attempt 1/8; retrying in 1s
2026-09-21 08:30:02,413 DEBUG    edit  batch step 105/400  summed loss 1.2680
2026-09-21 08:30:06,150 WARNING  edit  transport failure (NNsightException: Traceback (most recent call last):  RemoteException: Module nnsight.intervention.batching is not whitelisted) on v* step 106 attempt 1/8; retrying in 1s
2026-09-21 08:30:13,700 DEBUG    edit  batch step 106/400  summed loss 1.2659
2026-09-21 08:30:17,497 WARNING  edit  transport failure (NNsightException: Traceback (most recent call last):  RemoteException: Module nnsight.intervention.batching is not whitelisted) on v* step 107 attempt 1/8; retrying in 1s
2026-09-21 08:30:24,682 DEBUG    edit  batch step 107/400  summed loss 1.2563
2026-09-21 08:30:28,620 WARNING  edit  transport failure (NNsightException: Traceback (most recent call last):  RemoteException: Module nnsight.intervention.batching is not whitelisted) on v* step 108 attempt 1/8; retrying in 1s
2026-09-21 08:30:35,704 DEBUG    edit  batch step 108/400  summed loss 1.2597
2026-09-21 08:30:39,772 WARNING  edit  transport failure (NNsightException: Traceback (most recent call last):  RemoteException: Module nnsight.intervention.batching is not whitelisted) on v* step 109 attempt 1/8; retrying in 1s
2026-09-21 08:30:47,613 DEBUG    edit  batch step 109/400  summed loss 1.2564
2026-09-21 08:30:51,341 WARNING  edit  transport failure (NNsightException: Traceback (most recent call last):  RemoteException: Module nnsight.intervention.batching is not whitelisted) on v* step 110 attempt 1/8; retrying in 1s
2026-09-21 08:30:58,750 DEBUG    edit  batch step 110/400  summed loss 1.2455
2026-09-21 08:31:02,558 WARNING  edit  transport failure (NNsightException: Traceback (most recent call last):  RemoteException: Module nnsight.intervention.batching is not whitelisted) on v* step 111 attempt 1/8; retrying in 1s
2026-09-21 08:31:11,487 DEBUG    edit  batch step 111/400  summed loss 1.2439
2026-09-21 08:31:15,155 WARNING  edit  transport failure (NNsightException: Traceback (most recent call last):  RemoteException: Module nnsight.intervention.batching is not whitelisted) on v* step 112 attempt 1/8; retrying in 1s
2026-09-21 08:31:23,448 DEBUG    edit  batch step 112/400  summed loss 1.2488
2026-09-21 08:31:27,194 WARNING  edit  transport failure (NNsightException: Traceback (most recent call last):  RemoteException: Module nnsight.intervention.batching is not whitelisted) on v* step 113 attempt 1/8; retrying in 1s
2026-09-21 08:31:34,531 DEBUG    edit  batch step 113/400  summed loss 1.2474
2026-09-21 08:31:38,403 WARNING  edit  transport failure (NNsightException: Traceback (most recent call last):  RemoteException: Module nnsight.intervention.batching is not whitelisted) on v* step 114 attempt 1/8; retrying in 1s
2026-09-21 08:31:49,767 DEBUG    edit  batch step 114/400  summed loss 1.2447
2026-09-21 08:31:54,358 WARNING  edit  transport failure (NNsightException: Traceback (most recent call last):  RemoteException: Module nnsight.intervention.batching is not whitelisted) on v* step 115 attempt 1/8; retrying in 1s
2026-09-21 08:32:01,792 DEBUG    edit  batch step 115/400  summed loss 1.2458
2026-09-21 08:32:06,317 WARNING  edit  transport failure (NNsightException: Traceback (most recent call last):  RemoteException: Module nnsight.intervention.batching is not whitelisted) on v* step 116 attempt 1/8; retrying in 1s
2026-09-21 08:32:13,599 DEBUG    edit  batch step 116/400  summed loss 1.2458
2026-09-21 08:32:17,358 WARNING  edit  transport failure (NNsightException: Traceback (most recent call last):  RemoteException: Module nnsight.intervention.batching is not whitelisted) on v* step 117 attempt 1/8; retrying in 1s
2026-09-21 08:32:25,666 DEBUG    edit  batch step 117/400  summed loss 1.2392
2026-09-21 08:32:29,356 WARNING  edit  transport failure (NNsightException: Traceback (most recent call last):  RemoteException: Module nnsight.intervention.batching is not whitelisted) on v* step 118 attempt 1/8; retrying in 1s
2026-09-21 08:32:40,926 DEBUG    edit  batch step 118/400  summed loss 1.2388
2026-09-21 08:32:44,959 WARNING  edit  transport failure (NNsightException: Traceback (most recent call last):  RemoteException: Module nnsight.intervention.batching is not whitelisted) on v* step 119 attempt 1/8; retrying in 1s
2026-09-21 08:32:53,223 DEBUG    edit  batch step 119/400  summed loss 1.2364
2026-09-21 08:32:58,767 WARNING  edit  transport failure (NNsightException: Traceback (most recent call last):  RemoteException: Module nnsight.intervention.batching is not whitelisted) on v* step 120 attempt 1/8; retrying in 1s
2026-09-21 08:33:06,665 DEBUG    edit  batch step 120/400  summed loss 1.2400
2026-09-21 08:33:10,468 WARNING  edit  transport failure (NNsightException: Traceback (most recent call last):  RemoteException: Module nnsight.intervention.batching is not whitelisted) on v* step 121 attempt 1/8; retrying in 1s
2026-09-21 08:33:17,682 DEBUG    edit  batch step 121/400  summed loss 1.2377
2026-09-21 08:33:21,910 WARNING  edit  transport failure (NNsightException: Traceback (most recent call last):  RemoteException: Module nnsight.intervention.batching is not whitelisted) on v* step 122 attempt 1/8; retrying in 1s
2026-09-21 08:33:29,376 DEBUG    edit  batch step 122/400  summed loss 1.2323
2026-09-21 08:33:33,113 WARNING  edit  transport failure (NNsightException: Traceback (most recent call last):  RemoteException: Module nnsight.intervention.batching is not whitelisted) on v* step 123 attempt 1/8; retrying in 1s
2026-09-21 08:33:41,111 DEBUG    edit  batch step 123/400  summed loss 1.2341
2026-09-21 08:33:44,763 WARNING  edit  transport failure (NNsightException: Traceback (most recent call last):  RemoteException: Module nnsight.intervention.batching is not whitelisted) on v* step 124 attempt 1/8; retrying in 1s
2026-09-21 08:33:52,873 DEBUG    edit  batch step 124/400  summed loss 1.2241
2026-09-21 08:33:56,720 WARNING  edit  transport failure (NNsightException: Traceback (most recent call last):  RemoteException: Module nnsight.intervention.batching is not whitelisted) on v* step 125 attempt 1/8; retrying in 1s
2026-09-21 08:34:04,746 DEBUG    edit  batch step 125/400  summed loss 1.2262
2026-09-21 08:34:08,843 WARNING  edit  transport failure (NNsightException: Traceback (most recent call last):  RemoteException: Module nnsight.intervention.batching is not whitelisted) on v* step 126 attempt 1/8; retrying in 1s
2026-09-21 08:34:16,190 DEBUG    edit  batch step 126/400  summed loss 1.2239
2026-09-21 08:34:19,896 WARNING  edit  transport failure (NNsightException: Traceback (most recent call last):  RemoteException: Module nnsight.intervention.batching is not whitelisted) on v* step 127 attempt 1/8; retrying in 1s
2026-09-21 08:34:27,161 DEBUG    edit  batch step 127/400  summed loss 1.2199
2026-09-21 08:34:30,842 WARNING  edit  transport failure (NNsightException: Traceback (most recent call last):  RemoteException: Module nnsight.intervention.batching is not whitelisted) on v* step 128 attempt 1/8; retrying in 1s
2026-09-21 08:34:37,957 DEBUG    edit  batch step 128/400  summed loss 1.2226
2026-09-21 08:34:41,642 WARNING  edit  transport failure (NNsightException: Traceback (most recent call last):  RemoteException: Module nnsight.intervention.batching is not whitelisted) on v* step 129 attempt 1/8; retrying in 1s
2026-09-21 08:34:48,739 DEBUG    edit  batch step 129/400  summed loss 1.2297
2026-09-21 08:34:52,417 WARNING  edit  transport failure (NNsightException: Traceback (most recent call last):  RemoteException: Module nnsight.intervention.batching is not whitelisted) on v* step 130 attempt 1/8; retrying in 1s
2026-09-21 08:34:59,963 DEBUG    edit  batch step 130/400  summed loss 1.2231
2026-09-21 08:35:04,203 WARNING  edit  transport failure (NNsightException: Traceback (most recent call last):  RemoteException: Module nnsight.intervention.batching is not whitelisted) on v* step 131 attempt 1/8; retrying in 1s
2026-09-21 08:35:11,639 DEBUG    edit  batch step 131/400  summed loss 1.2210
2026-09-21 08:35:15,908 WARNING  edit  transport failure (NNsightException: Traceback (most recent call last):  RemoteException: Module nnsight.intervention.batching is not whitelisted) on v* step 132 attempt 1/8; retrying in 1s
2026-09-21 08:35:23,637 DEBUG    edit  batch step 132/400  summed loss 1.2246
2026-09-21 08:35:27,485 WARNING  edit  transport failure (NNsightException: Traceback (most recent call last):  RemoteException: Module nnsight.intervention.batching is not whitelisted) on v* step 133 attempt 1/8; retrying in 1s
2026-09-21 08:35:35,768 DEBUG    edit  batch step 133/400  summed loss 1.2203
2026-09-21 08:35:40,101 WARNING  edit  transport failure (NNsightException: Traceback (most recent call last):  RemoteException: Module nnsight.intervention.batching is not whitelisted) on v* step 134 attempt 1/8; retrying in 1s
2026-09-21 08:35:48,480 DEBUG    edit  batch step 134/400  summed loss 1.2161
2026-09-21 08:35:52,203 WARNING  edit  transport failure (NNsightException: Traceback (most recent call last):  RemoteException: Module nnsight.intervention.batching is not whitelisted) on v* step 135 attempt 1/8; retrying in 1s
2026-09-21 08:36:00,758 DEBUG    edit  batch step 135/400  summed loss 1.2155
2026-09-21 08:36:05,249 WARNING  edit  transport failure (NNsightException: Traceback (most recent call last):  RemoteException: Module nnsight.intervention.batching is not whitelisted) on v* step 136 attempt 1/8; retrying in 1s
2026-09-21 08:36:13,252 DEBUG    edit  batch step 136/400  summed loss 1.2138
2026-09-21 08:36:16,881 WARNING  edit  transport failure (NNsightException: Traceback (most recent call last):  RemoteException: Module nnsight.intervention.batching is not whitelisted) on v* step 137 attempt 1/8; retrying in 1s
2026-09-21 08:36:24,129 DEBUG    edit  batch step 137/400  summed loss 1.2170
2026-09-21 08:36:28,120 WARNING  edit  transport failure (NNsightException: Traceback (most recent call last):  RemoteException: Module nnsight.intervention.batching is not whitelisted) on v* step 138 attempt 1/8; retrying in 1s
2026-09-21 08:36:35,678 DEBUG    edit  batch step 138/400  summed loss 1.2129
2026-09-21 08:36:39,538 WARNING  edit  transport failure (NNsightException: Traceback (most recent call last):  RemoteException: Module nnsight.intervention.batching is not whitelisted) on v* step 139 attempt 1/8; retrying in 1s
2026-09-21 08:36:46,884 DEBUG    edit  batch step 139/400  summed loss 1.2187
2026-09-21 08:36:50,486 WARNING  edit  transport failure (NNsightException: Traceback (most recent call last):  RemoteException: Module nnsight.intervention.batching is not whitelisted) on v* step 140 attempt 1/8; retrying in 1s
2026-09-21 08:36:57,597 DEBUG    edit  batch step 140/400  summed loss 1.2196
2026-09-21 08:37:01,305 WARNING  edit  transport failure (NNsightException: Traceback (most recent call last):  RemoteException: Module nnsight.intervention.batching is not whitelisted) on v* step 141 attempt 1/8; retrying in 1s
2026-09-21 08:37:09,468 DEBUG    edit  batch step 141/400  summed loss 1.2177
2026-09-21 08:37:13,100 WARNING  edit  transport failure (NNsightException: Traceback (most recent call last):  RemoteException: Module nnsight.intervention.batching is not whitelisted) on v* step 142 attempt 1/8; retrying in 1s
2026-09-21 08:37:20,201 DEBUG    edit  batch step 142/400  summed loss 1.2153
2026-09-21 08:37:24,034 WARNING  edit  transport failure (NNsightException: Traceback (most recent call last):  RemoteException: Module nnsight.intervention.batching is not whitelisted) on v* step 143 attempt 1/8; retrying in 1s
2026-09-21 08:37:31,998 DEBUG    edit  batch step 143/400  summed loss 1.2130
2026-09-21 08:37:38,815 WARNING  edit  transport failure (NNsightException: Traceback (most recent call last):  RemoteException: Module nnsight.intervention.batching is not whitelisted) on v* step 144 attempt 1/8; retrying in 1s
2026-09-21 08:37:46,593 DEBUG    edit  batch step 144/400  summed loss 1.2142
2026-09-21 08:37:50,298 WARNING  edit  transport failure (NNsightException: Traceback (most recent call last):  RemoteException: Module nnsight.intervention.batching is not whitelisted) on v* step 145 attempt 1/8; retrying in 1s
2026-09-21 08:37:57,406 DEBUG    edit  batch step 145/400  summed loss 1.2190
2026-09-21 08:38:01,504 WARNING  edit  transport failure (NNsightException: Traceback (most recent call last):  RemoteException: Module nnsight.intervention.batching is not whitelisted) on v* step 146 attempt 1/8; retrying in 1s
2026-09-21 08:38:09,149 DEBUG    edit  batch step 146/400  summed loss 1.2151
2026-09-21 08:38:12,836 WARNING  edit  transport failure (NNsightException: Traceback (most recent call last):  RemoteException: Module nnsight.intervention.batching is not whitelisted) on v* step 147 attempt 1/8; retrying in 1s
2026-09-21 08:38:20,632 DEBUG    edit  batch step 147/400  summed loss 1.2182
2026-09-21 08:38:24,447 WARNING  edit  transport failure (NNsightException: Traceback (most recent call last):  RemoteException: Module nnsight.intervention.batching is not whitelisted) on v* step 148 attempt 1/8; retrying in 1s
2026-09-21 08:38:32,063 DEBUG    edit  batch step 148/400  summed loss 1.1998
2026-09-21 08:38:35,638 WARNING  edit  transport failure (NNsightException: Traceback (most recent call last):  RemoteException: Module nnsight.intervention.batching is not whitelisted) on v* step 149 attempt 1/8; retrying in 1s
2026-09-21 08:38:43,265 DEBUG    edit  batch step 149/400  summed loss 1.2104
2026-09-21 08:38:47,853 WARNING  edit  transport failure (NNsightException: Traceback (most recent call last):  RemoteException: Module nnsight.intervention.batching is not whitelisted) on v* step 150 attempt 1/8; retrying in 1s
2026-09-21 08:38:56,088 DEBUG    edit  batch step 150/400  summed loss 1.2103
2026-09-21 08:38:59,617 WARNING  edit  transport failure (NNsightException: Traceback (most recent call last):  RemoteException: Module nnsight.intervention.batching is not whitelisted) on v* step 151 attempt 1/8; retrying in 1s
2026-09-21 08:39:07,437 DEBUG    edit  batch step 151/400  summed loss 1.2130
2026-09-21 08:39:11,344 WARNING  edit  transport failure (NNsightException: Traceback (most recent call last):  RemoteException: Module nnsight.intervention.batching is not whitelisted) on v* step 152 attempt 1/8; retrying in 1s
2026-09-21 08:39:19,312 DEBUG    edit  batch step 152/400  summed loss 1.2108
2026-09-21 08:39:23,442 WARNING  edit  transport failure (NNsightException: Traceback (most recent call last):  RemoteException: Module nnsight.intervention.batching is not whitelisted) on v* step 153 attempt 1/8; retrying in 1s
2026-09-21 08:39:34,055 DEBUG    edit  batch step 153/400  summed loss 1.2088
2026-09-21 08:39:38,541 WARNING  edit  transport failure (NNsightException: Traceback (most recent call last):  RemoteException: Module nnsight.intervention.batching is not whitelisted) on v* step 154 attempt 1/8; retrying in 1s
2026-09-21 08:39:46,478 DEBUG    edit  batch step 154/400  summed loss 1.2096
2026-09-21 08:39:50,266 WARNING  edit  transport failure (NNsightException: Traceback (most recent call last):  RemoteException: Module nnsight.intervention.batching is not whitelisted) on v* step 155 attempt 1/8; retrying in 1s
2026-09-21 08:39:58,489 DEBUG    edit  batch step 155/400  summed loss 1.2137
2026-09-21 08:40:02,518 WARNING  edit  transport failure (NNsightException: Traceback (most recent call last):  RemoteException: Module nnsight.intervention.batching is not whitelisted) on v* step 156 attempt 1/8; retrying in 1s
2026-09-21 08:40:10,363 DEBUG    edit  batch step 156/400  summed loss 1.2092
2026-09-21 08:40:15,028 WARNING  edit  transport failure (NNsightException: Traceback (most recent call last):  RemoteException: Module nnsight.intervention.batching is not whitelisted) on v* step 157 attempt 1/8; retrying in 1s
2026-09-21 08:40:23,000 DEBUG    edit  batch step 157/400  summed loss 1.2075
2026-09-21 08:40:26,858 WARNING  edit  transport failure (NNsightException: Traceback (most recent call last):  RemoteException: Module nnsight.intervention.batching is not whitelisted) on v* step 158 attempt 1/8; retrying in 1s
2026-09-21 08:40:34,452 DEBUG    edit  batch step 158/400  summed loss 1.2070
2026-09-21 08:40:38,236 WARNING  edit  transport failure (NNsightException: Traceback (most recent call last):  RemoteException: Module nnsight.intervention.batching is not whitelisted) on v* step 159 attempt 1/8; retrying in 1s
2026-09-21 08:40:45,789 DEBUG    edit  batch step 159/400  summed loss 1.2090
2026-09-21 08:40:49,404 WARNING  edit  transport failure (NNsightException: Traceback (most recent call last):  RemoteException: Module nnsight.intervention.batching is not whitelisted) on v* step 160 attempt 1/8; retrying in 1s
2026-09-21 08:40:57,691 DEBUG    edit  batch step 160/400  summed loss 1.2082
2026-09-21 08:41:01,302 WARNING  edit  transport failure (NNsightException: Traceback (most recent call last):  RemoteException: Module nnsight.intervention.batching is not whitelisted) on v* step 161 attempt 1/8; retrying in 1s
2026-09-21 08:41:09,400 DEBUG    edit  batch step 161/400  summed loss 1.2065
2026-09-21 08:41:13,278 WARNING  edit  transport failure (NNsightException: Traceback (most recent call last):  RemoteException: Module nnsight.intervention.batching is not whitelisted) on v* step 162 attempt 1/8; retrying in 1s
2026-09-21 08:41:20,783 DEBUG    edit  batch step 162/400  summed loss 1.2065
2026-09-21 08:41:24,987 WARNING  edit  transport failure (NNsightException: Traceback (most recent call last):  RemoteException: Module nnsight.intervention.batching is not whitelisted) on v* step 163 attempt 1/8; retrying in 1s
2026-09-21 08:41:32,490 DEBUG    edit  batch step 163/400  summed loss 1.2090
2026-09-21 08:41:36,334 WARNING  edit  transport failure (NNsightException: Traceback (most recent call last):  RemoteException: Module nnsight.intervention.batching is not whitelisted) on v* step 164 attempt 1/8; retrying in 1s
2026-09-21 08:41:44,012 DEBUG    edit  batch step 164/400  summed loss 1.2133
2026-09-21 08:41:47,740 WARNING  edit  transport failure (NNsightException: Traceback (most recent call last):  RemoteException: Module nnsight.intervention.batching is not whitelisted) on v* step 165 attempt 1/8; retrying in 1s
2026-09-21 08:41:54,916 DEBUG    edit  batch step 165/400  summed loss 1.2089
2026-09-21 08:41:58,497 WARNING  edit  transport failure (NNsightException: Traceback (most recent call last):  RemoteException: Module nnsight.intervention.batching is not whitelisted) on v* step 166 attempt 1/8; retrying in 1s
2026-09-21 08:42:06,279 DEBUG    edit  batch step 166/400  summed loss 1.2049
2026-09-21 08:42:09,933 WARNING  edit  transport failure (NNsightException: Traceback (most recent call last):  RemoteException: Module nnsight.intervention.batching is not whitelisted) on v* step 167 attempt 1/8; retrying in 1s
2026-09-21 08:42:17,516 DEBUG    edit  batch step 167/400  summed loss 1.2087
2026-09-21 08:42:21,225 WARNING  edit  transport failure (NNsightException: Traceback (most recent call last):  RemoteException: Module nnsight.intervention.batching is not whitelisted) on v* step 168 attempt 1/8; retrying in 1s
2026-09-21 08:42:28,551 DEBUG    edit  batch step 168/400  summed loss 1.2084
2026-09-21 08:42:32,940 WARNING  edit  transport failure (NNsightException: Traceback (most recent call last):  RemoteException: Module nnsight.intervention.batching is not whitelisted) on v* step 169 attempt 1/8; retrying in 1s
2026-09-21 08:42:40,182 DEBUG    edit  batch step 169/400  summed loss 1.2091
2026-09-21 08:42:43,886 WARNING  edit  transport failure (NNsightException: Traceback (most recent call last):  RemoteException: Module nnsight.intervention.batching is not whitelisted) on v* step 170 attempt 1/8; retrying in 1s
2026-09-21 08:42:51,689 DEBUG    edit  batch step 170/400  summed loss 1.2045
2026-09-21 08:42:56,295 WARNING  edit  transport failure (NNsightException: Traceback (most recent call last):  RemoteException: Module nnsight.intervention.batching is not whitelisted) on v* step 171 attempt 1/8; retrying in 1s
2026-09-21 08:43:04,041 DEBUG    edit  batch step 171/400  summed loss 1.2103
2026-09-21 08:43:07,744 WARNING  edit  transport failure (NNsightException: Traceback (most recent call last):  RemoteException: Module nnsight.intervention.batching is not whitelisted) on v* step 172 attempt 1/8; retrying in 1s
2026-09-21 08:43:15,372 DEBUG    edit  batch step 172/400  summed loss 1.2054
2026-09-21 08:43:19,163 WARNING  edit  transport failure (NNsightException: Traceback (most recent call last):  RemoteException: Module nnsight.intervention.batching is not whitelisted) on v* step 173 attempt 1/8; retrying in 1s
2026-09-21 08:43:26,506 DEBUG    edit  batch step 173/400  summed loss 1.2040
2026-09-21 08:43:30,308 WARNING  edit  transport failure (NNsightException: Traceback (most recent call last):  RemoteException: Module nnsight.intervention.batching is not whitelisted) on v* step 174 attempt 1/8; retrying in 1s
2026-09-21 08:43:40,597 DEBUG    edit  batch step 174/400  summed loss 1.2053
2026-09-21 08:43:44,473 WARNING  edit  transport failure (NNsightException: Traceback (most recent call last):  RemoteException: Module nnsight.intervention.batching is not whitelisted) on v* step 175 attempt 1/8; retrying in 1s
2026-09-21 08:43:51,714 DEBUG    edit  batch step 175/400  summed loss 1.2065
2026-09-21 08:43:55,550 WARNING  edit  transport failure (NNsightException: Traceback (most recent call last):  RemoteException: Module nnsight.intervention.batching is not whitelisted) on v* step 176 attempt 1/8; retrying in 1s
2026-09-21 08:44:03,558 DEBUG    edit  batch step 176/400  summed loss 1.2104
2026-09-21 08:44:08,032 WARNING  edit  transport failure (NNsightException: Traceback (most recent call last):  RemoteException: Module nnsight.intervention.batching is not whitelisted) on v* step 177 attempt 1/8; retrying in 1s
2026-09-21 08:44:15,321 DEBUG    edit  batch step 177/400  summed loss 1.2056
2026-09-21 08:44:18,997 WARNING  edit  transport failure (NNsightException: Traceback (most recent call last):  RemoteException: Module nnsight.intervention.batching is not whitelisted) on v* step 178 attempt 1/8; retrying in 1s
2026-09-21 08:44:26,551 DEBUG    edit  batch step 178/400  summed loss 1.2118
2026-09-21 08:44:31,023 WARNING  edit  transport failure (NNsightException: Traceback (most recent call last):  RemoteException: Module nnsight.intervention.batching is not whitelisted) on v* step 179 attempt 1/8; retrying in 1s
2026-09-21 08:44:38,681 DEBUG    edit  batch step 179/400  summed loss 1.2045
2026-09-21 08:44:42,719 WARNING  edit  transport failure (NNsightException: Traceback (most recent call last):  RemoteException: Module nnsight.intervention.batching is not whitelisted) on v* step 180 attempt 1/8; retrying in 1s
2026-09-21 08:44:50,298 DEBUG    edit  batch step 180/400  summed loss 1.2051
2026-09-21 08:44:53,871 WARNING  edit  transport failure (NNsightException: Traceback (most recent call last):  RemoteException: Module nnsight.intervention.batching is not whitelisted) on v* step 181 attempt 1/8; retrying in 1s
2026-09-21 08:45:01,614 DEBUG    edit  batch step 181/400  summed loss 1.2082
2026-09-21 08:45:05,432 WARNING  edit  transport failure (NNsightException: Traceback (most recent call last):  RemoteException: Module nnsight.intervention.batching is not whitelisted) on v* step 182 attempt 1/8; retrying in 1s
2026-09-21 08:45:12,676 DEBUG    edit  batch step 182/400  summed loss 1.2114
2026-09-21 08:45:16,528 WARNING  edit  transport failure (NNsightException: Traceback (most recent call last):  RemoteException: Module nnsight.intervention.batching is not whitelisted) on v* step 183 attempt 1/8; retrying in 1s
2026-09-21 08:45:23,811 DEBUG    edit  batch step 183/400  summed loss 1.2066
2026-09-21 08:45:27,463 WARNING  edit  transport failure (NNsightException: Traceback (most recent call last):  RemoteException: Module nnsight.intervention.batching is not whitelisted) on v* step 184 attempt 1/8; retrying in 1s
2026-09-21 08:45:35,334 DEBUG    edit  batch step 184/400  summed loss 1.2070
2026-09-21 08:45:39,180 WARNING  edit  transport failure (NNsightException: Traceback (most recent call last):  RemoteException: Module nnsight.intervention.batching is not whitelisted) on v* step 185 attempt 1/8; retrying in 1s
2026-09-21 08:45:46,628 DEBUG    edit  batch step 185/400  summed loss 1.2075
2026-09-21 08:45:50,207 WARNING  edit  transport failure (NNsightException: Traceback (most recent call last):  RemoteException: Module nnsight.intervention.batching is not whitelisted) on v* step 186 attempt 1/8; retrying in 1s
2026-09-21 08:45:59,114 DEBUG    edit  batch step 186/400  summed loss 1.2042
2026-09-21 08:46:03,536 WARNING  edit  transport failure (NNsightException: Traceback (most recent call last):  RemoteException: Module nnsight.intervention.batching is not whitelisted) on v* step 187 attempt 1/8; retrying in 1s
2026-09-21 08:46:10,904 DEBUG    edit  batch step 187/400  summed loss 1.2163
2026-09-21 08:46:15,955 WARNING  edit  transport failure (NNsightException: Traceback (most recent call last):  RemoteException: Module nnsight.intervention.batching is not whitelisted) on v* step 188 attempt 1/8; retrying in 1s
2026-09-21 08:46:23,394 DEBUG    edit  batch step 188/400  summed loss 1.2098
2026-09-21 08:46:34,646 WARNING  edit  transport failure (NNsightException: Traceback (most recent call last):  RemoteException: Module nnsight.intervention.batching is not whitelisted) on v* step 189 attempt 1/8; retrying in 1s
2026-09-21 08:46:42,317 DEBUG    edit  batch step 189/400  summed loss 1.2096
2026-09-21 08:46:46,375 WARNING  edit  transport failure (NNsightException: Traceback (most recent call last):  RemoteException: Module nnsight.intervention.batching is not whitelisted) on v* step 190 attempt 1/8; retrying in 1s
2026-09-21 08:46:53,669 DEBUG    edit  batch step 190/400  summed loss 1.2100
2026-09-21 08:46:58,088 WARNING  edit  transport failure (NNsightException: Traceback (most recent call last):  RemoteException: Module nnsight.intervention.batching is not whitelisted) on v* step 191 attempt 1/8; retrying in 1s
2026-09-21 08:47:05,691 DEBUG    edit  batch step 191/400  summed loss 1.2087
2026-09-21 08:47:09,960 WARNING  edit  transport failure (NNsightException: Traceback (most recent call last):  RemoteException: Module nnsight.intervention.batching is not whitelisted) on v* step 192 attempt 1/8; retrying in 1s
2026-09-21 08:47:17,261 DEBUG    edit  batch step 192/400  summed loss 1.2113
2026-09-21 08:47:21,072 WARNING  edit  transport failure (NNsightException: Traceback (most recent call last):  RemoteException: Module nnsight.intervention.batching is not whitelisted) on v* step 193 attempt 1/8; retrying in 1s
2026-09-21 08:47:28,310 DEBUG    edit  batch step 193/400  summed loss 1.2102
2026-09-21 08:47:32,152 WARNING  edit  transport failure (NNsightException: Traceback (most recent call last):  RemoteException: Module nnsight.intervention.batching is not whitelisted) on v* step 194 attempt 1/8; retrying in 1s
2026-09-21 08:47:39,575 DEBUG    edit  batch step 194/400  summed loss 1.2075
2026-09-21 08:47:43,472 WARNING  edit  transport failure (NNsightException: Traceback (most recent call last):  RemoteException: Module nnsight.intervention.batching is not whitelisted) on v* step 195 attempt 1/8; retrying in 1s
2026-09-21 08:47:50,737 DEBUG    edit  batch step 195/400  summed loss 1.2179
2026-09-21 08:47:54,734 WARNING  edit  transport failure (NNsightException: Traceback (most recent call last):  RemoteException: Module nnsight.intervention.batching is not whitelisted) on v* step 196 attempt 1/8; retrying in 1s
2026-09-21 08:48:02,518 DEBUG    edit  batch step 196/400  summed loss 1.2074
2026-09-21 08:48:06,350 WARNING  edit  transport failure (NNsightException: Traceback (most recent call last):  RemoteException: Module nnsight.intervention.batching is not whitelisted) on v* step 197 attempt 1/8; retrying in 1s
2026-09-21 08:48:13,974 DEBUG    edit  batch step 197/400  summed loss 1.2131
2026-09-21 08:48:18,099 WARNING  edit  transport failure (NNsightException: Traceback (most recent call last):  RemoteException: Module nnsight.intervention.batching is not whitelisted) on v* step 198 attempt 1/8; retrying in 1s
2026-09-21 08:48:24,993 DEBUG    edit  batch step 198/400  summed loss 1.2205
2026-09-21 08:48:28,774 WARNING  edit  transport failure (NNsightException: Traceback (most recent call last):  RemoteException: Module nnsight.intervention.batching is not whitelisted) on v* step 199 attempt 1/8; retrying in 1s
2026-09-21 08:48:36,323 DEBUG    edit  batch step 199/400  summed loss 1.2152
2026-09-21 08:48:39,995 WARNING  edit  transport failure (NNsightException: Traceback (most recent call last):  RemoteException: Module nnsight.intervention.batching is not whitelisted) on v* step 200 attempt 1/8; retrying in 1s
2026-09-21 08:48:47,950 DEBUG    edit  batch step 200/400  summed loss 1.2119
2026-09-21 08:48:51,893 WARNING  edit  transport failure (NNsightException: Traceback (most recent call last):  RemoteException: Module nnsight.intervention.batching is not whitelisted) on v* step 201 attempt 1/8; retrying in 1s
2026-09-21 08:48:59,692 DEBUG    edit  batch step 201/400  summed loss 1.2241
2026-09-21 08:49:03,250 WARNING  edit  transport failure (NNsightException: Traceback (most recent call last):  RemoteException: Module nnsight.intervention.batching is not whitelisted) on v* step 202 attempt 1/8; retrying in 1s
2026-09-21 08:49:11,443 DEBUG    edit  batch step 202/400  summed loss 1.2222
2026-09-21 08:49:15,579 WARNING  edit  transport failure (NNsightException: Traceback (most recent call last):  RemoteException: Module nnsight.intervention.batching is not whitelisted) on v* step 203 attempt 1/8; retrying in 1s
2026-09-21 08:49:23,129 DEBUG    edit  batch step 203/400  summed loss 1.2172
2026-09-21 08:49:27,821 WARNING  edit  transport failure (NNsightException: Traceback (most recent call last):  RemoteException: Module nnsight.intervention.batching is not whitelisted) on v* step 204 attempt 1/8; retrying in 1s
2026-09-21 08:49:35,080 DEBUG    edit  batch step 204/400  summed loss 1.2148
2026-09-21 08:49:39,172 WARNING  edit  transport failure (NNsightException: Traceback (most recent call last):  RemoteException: Module nnsight.intervention.batching is not whitelisted) on v* step 205 attempt 1/8; retrying in 1s
2026-09-21 08:49:46,697 DEBUG    edit  batch step 205/400  summed loss 1.2195
2026-09-21 08:49:50,719 WARNING  edit  transport failure (NNsightException: Traceback (most recent call last):  RemoteException: Module nnsight.intervention.batching is not whitelisted) on v* step 206 attempt 1/8; retrying in 1s
2026-09-21 08:49:58,547 DEBUG    edit  batch step 206/400  summed loss 1.2149
2026-09-21 08:50:02,214 WARNING  edit  transport failure (NNsightException: Traceback (most recent call last):  RemoteException: Module nnsight.intervention.batching is not whitelisted) on v* step 207 attempt 1/8; retrying in 1s
2026-09-21 08:50:09,923 DEBUG    edit  batch step 207/400  summed loss 1.2194
2026-09-21 08:50:13,779 WARNING  edit  transport failure (NNsightException: Traceback (most recent call last):  RemoteException: Module nnsight.intervention.batching is not whitelisted) on v* step 208 attempt 1/8; retrying in 1s
2026-09-21 08:50:24,651 DEBUG    edit  batch step 208/400  summed loss 1.2186
2026-09-21 08:50:28,777 WARNING  edit  transport failure (NNsightException: Traceback (most recent call last):  RemoteException: Module nnsight.intervention.batching is not whitelisted) on v* step 209 attempt 1/8; retrying in 1s
2026-09-21 08:50:36,528 DEBUG    edit  batch step 209/400  summed loss 1.2154
2026-09-21 08:50:40,482 WARNING  edit  transport failure (NNsightException: Traceback (most recent call last):  RemoteException: Module nnsight.intervention.batching is not whitelisted) on v* step 210 attempt 1/8; retrying in 1s
2026-09-21 08:50:48,823 DEBUG    edit  batch step 210/400  summed loss 1.2152
2026-09-21 08:50:53,250 WARNING  edit  transport failure (NNsightException: Traceback (most recent call last):  RemoteException: Module nnsight.intervention.batching is not whitelisted) on v* step 211 attempt 1/8; retrying in 1s
2026-09-21 08:51:00,778 DEBUG    edit  batch step 211/400  summed loss 1.2213
2026-09-21 08:51:04,399 WARNING  edit  transport failure (NNsightException: Traceback (most recent call last):  RemoteException: Module nnsight.intervention.batching is not whitelisted) on v* step 212 attempt 1/8; retrying in 1s
2026-09-21 08:51:12,406 DEBUG    edit  batch step 212/400  summed loss 1.2273
2026-09-21 08:51:16,113 WARNING  edit  transport failure (NNsightException: Traceback (most recent call last):  RemoteException: Module nnsight.intervention.batching is not whitelisted) on v* step 213 attempt 1/8; retrying in 1s
2026-09-21 08:51:23,250 DEBUG    edit  batch step 213/400  summed loss 1.2268
2026-09-21 08:51:26,850 WARNING  edit  transport failure (NNsightException: Traceback (most recent call last):  RemoteException: Module nnsight.intervention.batching is not whitelisted) on v* step 214 attempt 1/8; retrying in 1s
2026-09-21 08:51:34,231 DEBUG    edit  batch step 214/400  summed loss 1.2241
2026-09-21 08:51:39,008 WARNING  edit  transport failure (NNsightException: Traceback (most recent call last):  RemoteException: Module nnsight.intervention.batching is not whitelisted) on v* step 215 attempt 1/8; retrying in 1s
2026-09-21 08:51:47,147 DEBUG    edit  batch step 215/400  summed loss 1.2241
2026-09-21 08:51:51,050 WARNING  edit  transport failure (NNsightException: Traceback (most recent call last):  RemoteException: Module nnsight.intervention.batching is not whitelisted) on v* step 216 attempt 1/8; retrying in 1s
2026-09-21 08:51:58,320 DEBUG    edit  batch step 216/400  summed loss 1.2261
2026-09-21 08:52:02,018 WARNING  edit  transport failure (NNsightException: Traceback (most recent call last):  RemoteException: Module nnsight.intervention.batching is not whitelisted) on v* step 217 attempt 1/8; retrying in 1s
2026-09-21 08:52:09,049 DEBUG    edit  batch step 217/400  summed loss 1.2207
2026-09-21 08:52:13,300 WARNING  edit  transport failure (NNsightException: Traceback (most recent call last):  RemoteException: Module nnsight.intervention.batching is not whitelisted) on v* step 218 attempt 1/8; retrying in 1s
2026-09-21 08:52:22,940 DEBUG    edit  batch step 218/400  summed loss 1.2261
2026-09-21 08:52:26,826 WARNING  edit  transport failure (NNsightException: Traceback (most recent call last):  RemoteException: Module nnsight.intervention.batching is not whitelisted) on v* step 219 attempt 1/8; retrying in 1s
2026-09-21 08:52:34,229 DEBUG    edit  batch step 219/400  summed loss 1.2254
2026-09-21 08:52:37,943 WARNING  edit  transport failure (NNsightException: Traceback (most recent call last):  RemoteException: Module nnsight.intervention.batching is not whitelisted) on v* step 220 attempt 1/8; retrying in 1s
2026-09-21 08:52:45,619 DEBUG    edit  batch step 220/400  summed loss 1.2259
2026-09-21 08:52:49,337 WARNING  edit  transport failure (NNsightException: Traceback (most recent call last):  RemoteException: Module nnsight.intervention.batching is not whitelisted) on v* step 221 attempt 1/8; retrying in 1s
2026-09-21 08:52:57,166 DEBUG    edit  batch step 221/400  summed loss 1.2301
2026-09-21 08:53:01,180 WARNING  edit  transport failure (NNsightException: Traceback (most recent call last):  RemoteException: Module nnsight.intervention.batching is not whitelisted) on v* step 222 attempt 1/8; retrying in 1s
2026-09-21 08:53:08,460 DEBUG    edit  batch step 222/400  summed loss 1.2249
2026-09-21 08:53:12,258 WARNING  edit  transport failure (NNsightException: Traceback (most recent call last):  RemoteException: Module nnsight.intervention.batching is not whitelisted) on v* step 223 attempt 1/8; retrying in 1s
2026-09-21 08:53:20,029 DEBUG    edit  batch step 223/400  summed loss 1.2286
2026-09-21 08:53:23,710 WARNING  edit  transport failure (NNsightException: Traceback (most recent call last):  RemoteException: Module nnsight.intervention.batching is not whitelisted) on v* step 224 attempt 1/8; retrying in 1s
2026-09-21 08:53:31,169 DEBUG    edit  batch step 224/400  summed loss 1.2283
2026-09-21 08:53:35,339 WARNING  edit  transport failure (NNsightException: Traceback (most recent call last):  RemoteException: Module nnsight.intervention.batching is not whitelisted) on v* step 225 attempt 1/8; retrying in 1s
2026-09-21 08:53:43,074 DEBUG    edit  batch step 225/400  summed loss 1.2266
2026-09-21 08:53:47,300 WARNING  edit  transport failure (NNsightException: Traceback (most recent call last):  RemoteException: Module nnsight.intervention.batching is not whitelisted) on v* step 226 attempt 1/8; retrying in 1s
2026-09-21 08:53:56,998 DEBUG    edit  batch step 226/400  summed loss 1.2257
2026-09-21 08:54:01,545 WARNING  edit  transport failure (NNsightException: Traceback (most recent call last):  RemoteException: Module nnsight.intervention.batching is not whitelisted) on v* step 227 attempt 1/8; retrying in 1s
2026-09-21 08:54:10,928 DEBUG    edit  batch step 227/400  summed loss 1.2314
2026-09-21 08:54:14,844 WARNING  edit  transport failure (NNsightException: Traceback (most recent call last):  RemoteException: Module nnsight.intervention.batching is not whitelisted) on v* step 228 attempt 1/8; retrying in 1s
2026-09-21 08:54:22,075 DEBUG    edit  batch step 228/400  summed loss 1.2272
2026-09-21 08:54:25,946 WARNING  edit  transport failure (NNsightException: Traceback (most recent call last):  RemoteException: Module nnsight.intervention.batching is not whitelisted) on v* step 229 attempt 1/8; retrying in 1s
2026-09-21 08:54:33,539 DEBUG    edit  batch step 229/400  summed loss 1.2251
2026-09-21 08:54:37,370 WARNING  edit  transport failure (NNsightException: Traceback (most recent call last):  RemoteException: Module nnsight.intervention.batching is not whitelisted) on v* step 230 attempt 1/8; retrying in 1s
2026-09-21 08:54:44,936 DEBUG    edit  batch step 230/400  summed loss 1.2286
2026-09-21 08:54:49,305 WARNING  edit  transport failure (NNsightException: Traceback (most recent call last):  RemoteException: Module nnsight.intervention.batching is not whitelisted) on v* step 231 attempt 1/8; retrying in 1s
2026-09-21 08:55:00,299 DEBUG    edit  batch step 231/400  summed loss 1.2278
2026-09-21 08:55:04,262 WARNING  edit  transport failure (NNsightException: Traceback (most recent call last):  RemoteException: Module nnsight.intervention.batching is not whitelisted) on v* step 232 attempt 1/8; retrying in 1s
2026-09-21 08:55:13,290 DEBUG    edit  batch step 232/400  summed loss 1.2343
2026-09-21 08:55:18,130 WARNING  edit  transport failure (NNsightException: Traceback (most recent call last):  RemoteException: Module nnsight.intervention.batching is not whitelisted) on v* step 233 attempt 1/8; retrying in 1s
2026-09-21 08:55:25,641 DEBUG    edit  batch step 233/400  summed loss 1.2297
2026-09-21 08:55:29,934 WARNING  edit  transport failure (NNsightException: Traceback (most recent call last):  RemoteException: Module nnsight.intervention.batching is not whitelisted) on v* step 234 attempt 1/8; retrying in 1s
2026-09-21 08:55:37,938 DEBUG    edit  batch step 234/400  summed loss 1.2343
2026-09-21 08:55:41,592 WARNING  edit  transport failure (NNsightException: Traceback (most recent call last):  RemoteException: Module nnsight.intervention.batching is not whitelisted) on v* step 235 attempt 1/8; retrying in 1s
2026-09-21 08:55:49,469 DEBUG    edit  batch step 235/400  summed loss 1.2346
2026-09-21 08:55:53,430 WARNING  edit  transport failure (NNsightException: Traceback (most recent call last):  RemoteException: Module nnsight.intervention.batching is not whitelisted) on v* step 236 attempt 1/8; retrying in 1s
2026-09-21 08:56:00,570 DEBUG    edit  batch step 236/400  summed loss 1.2358
2026-09-21 08:56:04,482 WARNING  edit  transport failure (NNsightException: Traceback (most recent call last):  RemoteException: Module nnsight.intervention.batching is not whitelisted) on v* step 237 attempt 1/8; retrying in 1s
2026-09-21 08:56:12,336 DEBUG    edit  batch step 237/400  summed loss 1.2332
2026-09-21 08:56:16,149 WARNING  edit  transport failure (NNsightException: Traceback (most recent call last):  RemoteException: Module nnsight.intervention.batching is not whitelisted) on v* step 238 attempt 1/8; retrying in 1s
2026-09-21 08:56:24,296 DEBUG    edit  batch step 238/400  summed loss 1.2335
2026-09-21 08:56:28,115 WARNING  edit  transport failure (NNsightException: Traceback (most recent call last):  RemoteException: Module nnsight.intervention.batching is not whitelisted) on v* step 239 attempt 1/8; retrying in 1s
2026-09-21 08:56:36,279 DEBUG    edit  batch step 239/400  summed loss 1.2362
2026-09-21 08:56:40,045 WARNING  edit  transport failure (NNsightException: Traceback (most recent call last):  RemoteException: Module nnsight.intervention.batching is not whitelisted) on v* step 240 attempt 1/8; retrying in 1s
2026-09-21 08:56:47,366 DEBUG    edit  batch step 240/400  summed loss 1.2337
2026-09-21 08:56:51,285 WARNING  edit  transport failure (NNsightException: Traceback (most recent call last):  RemoteException: Module nnsight.intervention.batching is not whitelisted) on v* step 241 attempt 1/8; retrying in 1s
2026-09-21 08:56:59,479 DEBUG    edit  batch step 241/400  summed loss 1.2315
2026-09-21 08:57:03,280 WARNING  edit  transport failure (NNsightException: Traceback (most recent call last):  RemoteException: Module nnsight.intervention.batching is not whitelisted) on v* step 242 attempt 1/8; retrying in 1s
2026-09-21 08:57:10,993 DEBUG    edit  batch step 242/400  summed loss 1.2312
2026-09-21 08:57:15,199 WARNING  edit  transport failure (NNsightException: Traceback (most recent call last):  RemoteException: Module nnsight.intervention.batching is not whitelisted) on v* step 243 attempt 1/8; retrying in 1s
2026-09-21 08:57:22,242 DEBUG    edit  batch step 243/400  summed loss 1.2383
2026-09-21 08:57:26,032 WARNING  edit  transport failure (NNsightException: Traceback (most recent call last):  RemoteException: Module nnsight.intervention.batching is not whitelisted) on v* step 244 attempt 1/8; retrying in 1s
2026-09-21 08:57:33,841 DEBUG    edit  batch step 244/400  summed loss 1.2381
2026-09-21 08:57:37,852 WARNING  edit  transport failure (NNsightException: Traceback (most recent call last):  RemoteException: Module nnsight.intervention.batching is not whitelisted) on v* step 245 attempt 1/8; retrying in 1s
2026-09-21 08:57:45,868 DEBUG    edit  batch step 245/400  summed loss 1.2356
2026-09-21 08:57:49,673 WARNING  edit  transport failure (NNsightException: Traceback (most recent call last):  RemoteException: Module nnsight.intervention.batching is not whitelisted) on v* step 246 attempt 1/8; retrying in 1s
2026-09-21 08:57:57,304 DEBUG    edit  batch step 246/400  summed loss 1.2392
2026-09-21 08:58:01,088 WARNING  edit  transport failure (NNsightException: Traceback (most recent call last):  RemoteException: Module nnsight.intervention.batching is not whitelisted) on v* step 247 attempt 1/8; retrying in 1s
2026-09-21 08:58:08,764 DEBUG    edit  batch step 247/400  summed loss 1.2429
2026-09-21 08:58:12,555 WARNING  edit  transport failure (NNsightException: Traceback (most recent call last):  RemoteException: Module nnsight.intervention.batching is not whitelisted) on v* step 248 attempt 1/8; retrying in 1s
2026-09-21 08:58:20,065 DEBUG    edit  batch step 248/400  summed loss 1.2460
2026-09-21 08:58:24,268 WARNING  edit  transport failure (NNsightException: Traceback (most recent call last):  RemoteException: Module nnsight.intervention.batching is not whitelisted) on v* step 249 attempt 1/8; retrying in 1s
2026-09-21 08:58:31,460 DEBUG    edit  batch step 249/400  summed loss 1.2412
2026-09-21 08:58:35,099 WARNING  edit  transport failure (NNsightException: Traceback (most recent call last):  RemoteException: Module nnsight.intervention.batching is not whitelisted) on v* step 250 attempt 1/8; retrying in 1s
2026-09-21 08:58:42,405 DEBUG    edit  batch step 250/400  summed loss 1.2420
2026-09-21 08:58:46,187 WARNING  edit  transport failure (NNsightException: Traceback (most recent call last):  RemoteException: Module nnsight.intervention.batching is not whitelisted) on v* step 251 attempt 1/8; retrying in 1s
2026-09-21 08:58:53,696 DEBUG    edit  batch step 251/400  summed loss 1.2420
2026-09-21 08:58:57,719 WARNING  edit  transport failure (NNsightException: Traceback (most recent call last):  RemoteException: Module nnsight.intervention.batching is not whitelisted) on v* step 252 attempt 1/8; retrying in 1s
2026-09-21 08:59:05,664 DEBUG    edit  batch step 252/400  summed loss 1.2462
2026-09-21 08:59:09,301 WARNING  edit  transport failure (NNsightException: Traceback (most recent call last):  RemoteException: Module nnsight.intervention.batching is not whitelisted) on v* step 253 attempt 1/8; retrying in 1s
2026-09-21 08:59:16,493 DEBUG    edit  batch step 253/400  summed loss 1.2414
2026-09-21 08:59:20,741 WARNING  edit  transport failure (NNsightException: Traceback (most recent call last):  RemoteException: Module nnsight.intervention.batching is not whitelisted) on v* step 254 attempt 1/8; retrying in 1s
2026-09-21 08:59:27,986 DEBUG    edit  batch step 254/400  summed loss 1.2417
2026-09-21 08:59:31,944 WARNING  edit  transport failure (NNsightException: Traceback (most recent call last):  RemoteException: Module nnsight.intervention.batching is not whitelisted) on v* step 255 attempt 1/8; retrying in 1s
2026-09-21 08:59:47,011 DEBUG    edit  batch step 255/400  summed loss 1.2447
2026-09-21 08:59:50,808 WARNING  edit  transport failure (NNsightException: Traceback (most recent call last):  RemoteException: Module nnsight.intervention.batching is not whitelisted) on v* step 256 attempt 1/8; retrying in 1s
2026-09-21 09:00:00,606 DEBUG    edit  batch step 256/400  summed loss 1.2465
2026-09-21 09:00:04,389 WARNING  edit  transport failure (NNsightException: Traceback (most recent call last):  RemoteException: Module nnsight.intervention.batching is not whitelisted) on v* step 257 attempt 1/8; retrying in 1s
2026-09-21 09:00:11,632 DEBUG    edit  batch step 257/400  summed loss 1.2489
2026-09-21 09:00:16,171 WARNING  edit  transport failure (NNsightException: Traceback (most recent call last):  RemoteException: Module nnsight.intervention.batching is not whitelisted) on v* step 258 attempt 1/8; retrying in 1s
2026-09-21 09:00:23,898 DEBUG    edit  batch step 258/400  summed loss 1.2439
2026-09-21 09:00:27,474 WARNING  edit  transport failure (NNsightException: Traceback (most recent call last):  RemoteException: Module nnsight.intervention.batching is not whitelisted) on v* step 259 attempt 1/8; retrying in 1s
2026-09-21 09:00:33,103 WARNING  edit  transport failure (ConnectError: [Errno 54] Connection reset by peer) on v* step 259 attempt 2/8; retrying in 10s
2026-09-21 09:00:48,054 WARNING  edit  transport failure (NNsightException: Traceback (most recent call last):  RemoteException: Module nnsight.intervention.batching is not whitelisted) on v* step 259 attempt 3/8; retrying in 3s
2026-09-21 09:00:57,480 DEBUG    edit  batch step 259/400  summed loss 1.2466
2026-09-21 09:01:01,340 WARNING  edit  transport failure (NNsightException: Traceback (most recent call last):  RemoteException: Module nnsight.intervention.batching is not whitelisted) on v* step 260 attempt 1/8; retrying in 1s
2026-09-21 09:01:09,493 DEBUG    edit  batch step 260/400  summed loss 1.2420
2026-09-21 09:01:13,247 WARNING  edit  transport failure (NNsightException: Traceback (most recent call last):  RemoteException: Module nnsight.intervention.batching is not whitelisted) on v* step 261 attempt 1/8; retrying in 1s
2026-09-21 09:01:20,912 DEBUG    edit  batch step 261/400  summed loss 1.2436
2026-09-21 09:01:24,803 WARNING  edit  transport failure (NNsightException: Traceback (most recent call last):  RemoteException: Module nnsight.intervention.batching is not whitelisted) on v* step 262 attempt 1/8; retrying in 1s
2026-09-21 09:01:32,683 DEBUG    edit  batch step 262/400  summed loss 1.2460
2026-09-21 09:01:36,923 WARNING  edit  transport failure (NNsightException: Traceback (most recent call last):  RemoteException: Module nnsight.intervention.batching is not whitelisted) on v* step 263 attempt 1/8; retrying in 1s
2026-09-21 09:01:44,847 DEBUG    edit  batch step 263/400  summed loss 1.2482
2026-09-21 09:01:49,025 WARNING  edit  transport failure (NNsightException: Traceback (most recent call last):  RemoteException: Module nnsight.intervention.batching is not whitelisted) on v* step 264 attempt 1/8; retrying in 1s
2026-09-21 09:01:57,789 DEBUG    edit  batch step 264/400  summed loss 1.2495
2026-09-21 09:02:01,366 WARNING  edit  transport failure (NNsightException: Traceback (most recent call last):  RemoteException: Module nnsight.intervention.batching is not whitelisted) on v* step 265 attempt 1/8; retrying in 1s
2026-09-21 09:02:09,391 DEBUG    edit  batch step 265/400  summed loss 1.2499
2026-09-21 09:02:13,319 WARNING  edit  transport failure (NNsightException: Traceback (most recent call last):  RemoteException: Module nnsight.intervention.batching is not whitelisted) on v* step 266 attempt 1/8; retrying in 1s
2026-09-21 09:02:20,972 DEBUG    edit  batch step 266/400  summed loss 1.2543
2026-09-21 09:02:24,594 WARNING  edit  transport failure (NNsightException: Traceback (most recent call last):  RemoteException: Module nnsight.intervention.batching is not whitelisted) on v* step 267 attempt 1/8; retrying in 1s
2026-09-21 09:02:31,912 DEBUG    edit  batch step 267/400  summed loss 1.2494
2026-09-21 09:02:35,627 WARNING  edit  transport failure (NNsightException: Traceback (most recent call last):  RemoteException: Module nnsight.intervention.batching is not whitelisted) on v* step 268 attempt 1/8; retrying in 1s
2026-09-21 09:02:42,979 DEBUG    edit  batch step 268/400  summed loss 1.2551
2026-09-21 09:02:46,717 WARNING  edit  transport failure (NNsightException: Traceback (most recent call last):  RemoteException: Module nnsight.intervention.batching is not whitelisted) on v* step 269 attempt 1/8; retrying in 1s
2026-09-21 09:02:54,864 DEBUG    edit  batch step 269/400  summed loss 1.2569
2026-09-21 09:02:59,121 WARNING  edit  transport failure (NNsightException: Traceback (most recent call last):  RemoteException: Module nnsight.intervention.batching is not whitelisted) on v* step 270 attempt 1/8; retrying in 1s
2026-09-21 09:03:06,102 DEBUG    edit  batch step 270/400  summed loss 1.2525
2026-09-21 09:03:10,233 WARNING  edit  transport failure (NNsightException: Traceback (most recent call last):  RemoteException: Module nnsight.intervention.batching is not whitelisted) on v* step 271 attempt 1/8; retrying in 1s
2026-09-21 09:03:18,621 DEBUG    edit  batch step 271/400  summed loss 1.2510
2026-09-21 09:03:22,947 WARNING  edit  transport failure (NNsightException: Traceback (most recent call last):  RemoteException: Module nnsight.intervention.batching is not whitelisted) on v* step 272 attempt 1/8; retrying in 1s
2026-09-21 09:03:30,967 DEBUG    edit  batch step 272/400  summed loss 1.2499
2026-09-21 09:03:35,723 WARNING  edit  transport failure (NNsightException: Traceback (most recent call last):  RemoteException: Module nnsight.intervention.batching is not whitelisted) on v* step 273 attempt 1/8; retrying in 1s
2026-09-21 09:03:43,617 DEBUG    edit  batch step 273/400  summed loss 1.2511
2026-09-21 09:03:47,521 WARNING  edit  transport failure (NNsightException: Traceback (most recent call last):  RemoteException: Module nnsight.intervention.batching is not whitelisted) on v* step 274 attempt 1/8; retrying in 1s
2026-09-21 09:03:55,554 DEBUG    edit  batch step 274/400  summed loss 1.2539
2026-09-21 09:03:59,470 WARNING  edit  transport failure (NNsightException: Traceback (most recent call last):  RemoteException: Module nnsight.intervention.batching is not whitelisted) on v* step 275 attempt 1/8; retrying in 1s
2026-09-21 09:04:07,141 DEBUG    edit  batch step 275/400  summed loss 1.2507
2026-09-21 09:04:11,324 WARNING  edit  transport failure (NNsightException: Traceback (most recent call last):  RemoteException: Module nnsight.intervention.batching is not whitelisted) on v* step 276 attempt 1/8; retrying in 1s
2026-09-21 09:04:18,771 DEBUG    edit  batch step 276/400  summed loss 1.2575
2026-09-21 09:04:22,656 WARNING  edit  transport failure (NNsightException: Traceback (most recent call last):  RemoteException: Module nnsight.intervention.batching is not whitelisted) on v* step 277 attempt 1/8; retrying in 1s
2026-09-21 09:04:30,091 DEBUG    edit  batch step 277/400  summed loss 1.2588
2026-09-21 09:04:34,210 WARNING  edit  transport failure (NNsightException: Traceback (most recent call last):  RemoteException: Module nnsight.intervention.batching is not whitelisted) on v* step 278 attempt 1/8; retrying in 1s
2026-09-21 09:04:44,478 DEBUG    edit  batch step 278/400  summed loss 1.2555
2026-09-21 09:04:48,064 WARNING  edit  transport failure (NNsightException: Traceback (most recent call last):  RemoteException: Module nnsight.intervention.batching is not whitelisted) on v* step 279 attempt 1/8; retrying in 1s
2026-09-21 09:04:55,636 DEBUG    edit  batch step 279/400  summed loss 1.2587
2026-09-21 09:04:59,233 WARNING  edit  transport failure (NNsightException: Traceback (most recent call last):  RemoteException: Module nnsight.intervention.batching is not whitelisted) on v* step 280 attempt 1/8; retrying in 1s
2026-09-21 09:05:06,906 DEBUG    edit  batch step 280/400  summed loss 1.2546
2026-09-21 09:05:10,826 WARNING  edit  transport failure (NNsightException: Traceback (most recent call last):  RemoteException: Module nnsight.intervention.batching is not whitelisted) on v* step 281 attempt 1/8; retrying in 1s
2026-09-21 09:05:18,706 DEBUG    edit  batch step 281/400  summed loss 1.2598
2026-09-21 09:05:23,211 WARNING  edit  transport failure (NNsightException: Traceback (most recent call last):  RemoteException: Module nnsight.intervention.batching is not whitelisted) on v* step 282 attempt 1/8; retrying in 1s
2026-09-21 09:05:30,886 DEBUG    edit  batch step 282/400  summed loss 1.2579
2026-09-21 09:05:34,678 WARNING  edit  transport failure (NNsightException: Traceback (most recent call last):  RemoteException: Module nnsight.intervention.batching is not whitelisted) on v* step 283 attempt 1/8; retrying in 1s
2026-09-21 09:05:46,713 DEBUG    edit  batch step 283/400  summed loss 1.2597
2026-09-21 09:05:50,395 WARNING  edit  transport failure (NNsightException: Traceback (most recent call last):  RemoteException: Module nnsight.intervention.batching is not whitelisted) on v* step 284 attempt 1/8; retrying in 1s
2026-09-21 09:05:58,601 DEBUG    edit  batch step 284/400  summed loss 1.2612
2026-09-21 09:06:02,862 WARNING  edit  transport failure (NNsightException: Traceback (most recent call last):  RemoteException: Module nnsight.intervention.batching is not whitelisted) on v* step 285 attempt 1/8; retrying in 1s
2026-09-21 09:06:10,002 DEBUG    edit  batch step 285/400  summed loss 1.2628
2026-09-21 09:06:15,107 WARNING  edit  transport failure (NNsightException: Traceback (most recent call last):  RemoteException: Module nnsight.intervention.batching is not whitelisted) on v* step 286 attempt 1/8; retrying in 1s
2026-09-21 09:06:23,552 DEBUG    edit  batch step 286/400  summed loss 1.2646
2026-09-21 09:06:27,050 WARNING  edit  transport failure (NNsightException: Traceback (most recent call last):  RemoteException: Module nnsight.intervention.batching is not whitelisted) on v* step 287 attempt 1/8; retrying in 1s
2026-09-21 09:06:34,648 DEBUG    edit  batch step 287/400  summed loss 1.2603
2026-09-21 09:06:38,387 WARNING  edit  transport failure (NNsightException: Traceback (most recent call last):  RemoteException: Module nnsight.intervention.batching is not whitelisted) on v* step 288 attempt 1/8; retrying in 1s
2026-09-21 09:06:47,001 DEBUG    edit  batch step 288/400  summed loss 1.2627
2026-09-21 09:06:51,406 WARNING  edit  transport failure (NNsightException: Traceback (most recent call last):  RemoteException: Module nnsight.intervention.batching is not whitelisted) on v* step 289 attempt 1/8; retrying in 1s
2026-09-21 09:06:59,303 DEBUG    edit  batch step 289/400  summed loss 1.2597
2026-09-21 09:07:03,183 WARNING  edit  transport failure (NNsightException: Traceback (most recent call last):  RemoteException: Module nnsight.intervention.batching is not whitelisted) on v* step 290 attempt 1/8; retrying in 1s
2026-09-21 09:07:10,893 DEBUG    edit  batch step 290/400  summed loss 1.2626
2026-09-21 09:07:15,120 WARNING  edit  transport failure (NNsightException: Traceback (most recent call last):  RemoteException: Module nnsight.intervention.batching is not whitelisted) on v* step 291 attempt 1/8; retrying in 1s
2026-09-21 09:07:22,307 DEBUG    edit  batch step 291/400  summed loss 1.2646
2026-09-21 09:07:26,058 WARNING  edit  transport failure (NNsightException: Traceback (most recent call last):  RemoteException: Module nnsight.intervention.batching is not whitelisted) on v* step 292 attempt 1/8; retrying in 1s
2026-09-21 09:07:34,813 DEBUG    edit  batch step 292/400  summed loss 1.2659
2026-09-21 09:07:38,768 WARNING  edit  transport failure (NNsightException: Traceback (most recent call last):  RemoteException: Module nnsight.intervention.batching is not whitelisted) on v* step 293 attempt 1/8; retrying in 1s
2026-09-21 09:07:46,269 DEBUG    edit  batch step 293/400  summed loss 1.2651
2026-09-21 09:07:50,201 WARNING  edit  transport failure (NNsightException: Traceback (most recent call last):  RemoteException: Module nnsight.intervention.batching is not whitelisted) on v* step 294 attempt 1/8; retrying in 1s
2026-09-21 09:07:57,880 DEBUG    edit  batch step 294/400  summed loss 1.2609
2026-09-21 09:08:02,385 WARNING  edit  transport failure (NNsightException: Traceback (most recent call last):  RemoteException: Module nnsight.intervention.batching is not whitelisted) on v* step 295 attempt 1/8; retrying in 1s
2026-09-21 09:08:09,673 DEBUG    edit  batch step 295/400  summed loss 1.2633
2026-09-21 09:08:14,125 WARNING  edit  transport failure (NNsightException: Traceback (most recent call last):  RemoteException: Module nnsight.intervention.batching is not whitelisted) on v* step 296 attempt 1/8; retrying in 1s
2026-09-21 09:08:22,205 DEBUG    edit  batch step 296/400  summed loss 1.2625
2026-09-21 09:08:26,211 WARNING  edit  transport failure (NNsightException: Traceback (most recent call last):  RemoteException: Module nnsight.intervention.batching is not whitelisted) on v* step 297 attempt 1/8; retrying in 1s
2026-09-21 09:08:37,405 DEBUG    edit  batch step 297/400  summed loss 1.2655
2026-09-21 09:08:41,994 WARNING  edit  transport failure (NNsightException: Traceback (most recent call last):  RemoteException: Module nnsight.intervention.batching is not whitelisted) on v* step 298 attempt 1/8; retrying in 1s
2026-09-21 09:08:49,784 DEBUG    edit  batch step 298/400  summed loss 1.2621
2026-09-21 09:08:53,604 WARNING  edit  transport failure (NNsightException: Traceback (most recent call last):  RemoteException: Module nnsight.intervention.batching is not whitelisted) on v* step 299 attempt 1/8; retrying in 1s
2026-09-21 09:09:00,764 DEBUG    edit  batch step 299/400  summed loss 1.2656
2026-09-21 09:09:04,613 WARNING  edit  transport failure (NNsightException: Traceback (most recent call last):  RemoteException: Module nnsight.intervention.batching is not whitelisted) on v* step 300 attempt 1/8; retrying in 1s
2026-09-21 09:09:12,074 DEBUG    edit  batch step 300/400  summed loss 1.2663
2026-09-21 09:09:16,521 WARNING  edit  transport failure (NNsightException: Traceback (most recent call last):  RemoteException: Module nnsight.intervention.batching is not whitelisted) on v* step 301 attempt 1/8; retrying in 1s
2026-09-21 09:09:24,360 DEBUG    edit  batch step 301/400  summed loss 1.2656
2026-09-21 09:09:28,069 WARNING  edit  transport failure (NNsightException: Traceback (most recent call last):  RemoteException: Module nnsight.intervention.batching is not whitelisted) on v* step 302 attempt 1/8; retrying in 1s
2026-09-21 09:09:35,496 DEBUG    edit  batch step 302/400  summed loss 1.2656
2026-09-21 09:09:39,109 WARNING  edit  transport failure (NNsightException: Traceback (most recent call last):  RemoteException: Module nnsight.intervention.batching is not whitelisted) on v* step 303 attempt 1/8; retrying in 1s
2026-09-21 09:09:46,779 DEBUG    edit  batch step 303/400  summed loss 1.2649
2026-09-21 09:09:50,704 WARNING  edit  transport failure (NNsightException: Traceback (most recent call last):  RemoteException: Module nnsight.intervention.batching is not whitelisted) on v* step 304 attempt 1/8; retrying in 1s
2026-09-21 09:09:58,886 DEBUG    edit  batch step 304/400  summed loss 1.2657
2026-09-21 09:10:02,606 WARNING  edit  transport failure (NNsightException: Traceback (most recent call last):  RemoteException: Module nnsight.intervention.batching is not whitelisted) on v* step 305 attempt 1/8; retrying in 1s
2026-09-21 09:10:09,842 DEBUG    edit  batch step 305/400  summed loss 1.2712
2026-09-21 09:10:13,426 WARNING  edit  transport failure (NNsightException: Traceback (most recent call last):  RemoteException: Module nnsight.intervention.batching is not whitelisted) on v* step 306 attempt 1/8; retrying in 1s
2026-09-21 09:10:22,536 DEBUG    edit  batch step 306/400  summed loss 1.2714
2026-09-21 09:10:26,327 WARNING  edit  transport failure (NNsightException: Traceback (most recent call last):  RemoteException: Module nnsight.intervention.batching is not whitelisted) on v* step 307 attempt 1/8; retrying in 1s
2026-09-21 09:10:33,729 DEBUG    edit  batch step 307/400  summed loss 1.2654
2026-09-21 09:10:37,719 WARNING  edit  transport failure (NNsightException: Traceback (most recent call last):  RemoteException: Module nnsight.intervention.batching is not whitelisted) on v* step 308 attempt 1/8; retrying in 1s
2026-09-21 09:10:45,109 DEBUG    edit  batch step 308/400  summed loss 1.2697
2026-09-21 09:10:49,551 WARNING  edit  transport failure (NNsightException: Traceback (most recent call last):  RemoteException: Module nnsight.intervention.batching is not whitelisted) on v* step 309 attempt 1/8; retrying in 1s
2026-09-21 09:10:57,246 DEBUG    edit  batch step 309/400  summed loss 1.2671
2026-09-21 09:11:00,923 WARNING  edit  transport failure (NNsightException: Traceback (most recent call last):  RemoteException: Module nnsight.intervention.batching is not whitelisted) on v* step 310 attempt 1/8; retrying in 1s
2026-09-21 09:11:08,302 DEBUG    edit  batch step 310/400  summed loss 1.2744
2026-09-21 09:11:13,502 WARNING  edit  transport failure (NNsightException: Traceback (most recent call last):  RemoteException: Module nnsight.intervention.batching is not whitelisted) on v* step 311 attempt 1/8; retrying in 1s
2026-09-21 09:11:21,255 DEBUG    edit  batch step 311/400  summed loss 1.2749
2026-09-21 09:11:24,987 WARNING  edit  transport failure (NNsightException: Traceback (most recent call last):  RemoteException: Module nnsight.intervention.batching is not whitelisted) on v* step 312 attempt 1/8; retrying in 1s
2026-09-21 09:11:33,011 DEBUG    edit  batch step 312/400  summed loss 1.2717
2026-09-21 09:11:36,586 WARNING  edit  transport failure (NNsightException: Traceback (most recent call last):  RemoteException: Module nnsight.intervention.batching is not whitelisted) on v* step 313 attempt 1/8; retrying in 1s
2026-09-21 09:11:46,288 DEBUG    edit  batch step 313/400  summed loss 1.2734
2026-09-21 09:11:50,241 WARNING  edit  transport failure (NNsightException: Traceback (most recent call last):  RemoteException: Module nnsight.intervention.batching is not whitelisted) on v* step 314 attempt 1/8; retrying in 1s
2026-09-21 09:11:57,818 DEBUG    edit  batch step 314/400  summed loss 1.2749
2026-09-21 09:12:01,509 WARNING  edit  transport failure (NNsightException: Traceback (most recent call last):  RemoteException: Module nnsight.intervention.batching is not whitelisted) on v* step 315 attempt 1/8; retrying in 1s
2026-09-21 09:12:08,633 DEBUG    edit  batch step 315/400  summed loss 1.2725
2026-09-21 09:12:12,426 WARNING  edit  transport failure (NNsightException: Traceback (most recent call last):  RemoteException: Module nnsight.intervention.batching is not whitelisted) on v* step 316 attempt 1/8; retrying in 1s
2026-09-21 09:12:19,719 DEBUG    edit  batch step 316/400  summed loss 1.2769
2026-09-21 09:12:24,412 WARNING  edit  transport failure (NNsightException: Traceback (most recent call last):  RemoteException: Module nnsight.intervention.batching is not whitelisted) on v* step 317 attempt 1/8; retrying in 1s
2026-09-21 09:12:32,113 DEBUG    edit  batch step 317/400  summed loss 1.2724
2026-09-21 09:12:36,075 WARNING  edit  transport failure (NNsightException: Traceback (most recent call last):  RemoteException: Module nnsight.intervention.batching is not whitelisted) on v* step 318 attempt 1/8; retrying in 1s
2026-09-21 09:12:43,385 DEBUG    edit  batch step 318/400  summed loss 1.2739
2026-09-21 09:12:47,203 WARNING  edit  transport failure (NNsightException: Traceback (most recent call last):  RemoteException: Module nnsight.intervention.batching is not whitelisted) on v* step 319 attempt 1/8; retrying in 1s
2026-09-21 09:12:56,196 DEBUG    edit  batch step 319/400  summed loss 1.2768
2026-09-21 09:13:00,073 WARNING  edit  transport failure (NNsightException: Traceback (most recent call last):  RemoteException: Module nnsight.intervention.batching is not whitelisted) on v* step 320 attempt 1/8; retrying in 1s
2026-09-21 09:13:08,449 DEBUG    edit  batch step 320/400  summed loss 1.2763
2026-09-21 09:13:12,366 WARNING  edit  transport failure (NNsightException: Traceback (most recent call last):  RemoteException: Module nnsight.intervention.batching is not whitelisted) on v* step 321 attempt 1/8; retrying in 1s
2026-09-21 09:13:23,423 DEBUG    edit  batch step 321/400  summed loss 1.2756
2026-09-21 09:13:27,310 WARNING  edit  transport failure (NNsightException: Traceback (most recent call last):  RemoteException: Module nnsight.intervention.batching is not whitelisted) on v* step 322 attempt 1/8; retrying in 1s
2026-09-21 09:13:34,401 DEBUG    edit  batch step 322/400  summed loss 1.2780
2026-09-21 09:13:38,307 WARNING  edit  transport failure (NNsightException: Traceback (most recent call last):  RemoteException: Module nnsight.intervention.batching is not whitelisted) on v* step 323 attempt 1/8; retrying in 1s
2026-09-21 09:13:47,659 DEBUG    edit  batch step 323/400  summed loss 1.2762
2026-09-21 09:13:51,551 WARNING  edit  transport failure (NNsightException: Traceback (most recent call last):  RemoteException: Module nnsight.intervention.batching is not whitelisted) on v* step 324 attempt 1/8; retrying in 1s
2026-09-21 09:13:58,838 DEBUG    edit  batch step 324/400  summed loss 1.2759
2026-09-21 09:14:03,019 WARNING  edit  transport failure (NNsightException: Traceback (most recent call last):  RemoteException: Module nnsight.intervention.batching is not whitelisted) on v* step 325 attempt 1/8; retrying in 1s
2026-09-21 09:14:10,193 DEBUG    edit  batch step 325/400  summed loss 1.2814
2026-09-21 09:14:13,942 WARNING  edit  transport failure (NNsightException: Traceback (most recent call last):  RemoteException: Module nnsight.intervention.batching is not whitelisted) on v* step 326 attempt 1/8; retrying in 1s
2026-09-21 09:14:25,426 DEBUG    edit  batch step 326/400  summed loss 1.2804
2026-09-21 09:14:29,129 WARNING  edit  transport failure (NNsightException: Traceback (most recent call last):  RemoteException: Module nnsight.intervention.batching is not whitelisted) on v* step 327 attempt 1/8; retrying in 1s
2026-09-21 09:14:36,867 DEBUG    edit  batch step 327/400  summed loss 1.2807
2026-09-21 09:14:40,994 WARNING  edit  transport failure (NNsightException: Traceback (most recent call last):  RemoteException: Module nnsight.intervention.batching is not whitelisted) on v* step 328 attempt 1/8; retrying in 1s
2026-09-21 09:14:48,476 DEBUG    edit  batch step 328/400  summed loss 1.2768
2026-09-21 09:14:52,428 WARNING  edit  transport failure (NNsightException: Traceback (most recent call last):  RemoteException: Module nnsight.intervention.batching is not whitelisted) on v* step 329 attempt 1/8; retrying in 1s
2026-09-21 09:15:02,338 DEBUG    edit  batch step 329/400  summed loss 1.2834
2026-09-21 09:15:06,256 WARNING  edit  transport failure (NNsightException: Traceback (most recent call last):  RemoteException: Module nnsight.intervention.batching is not whitelisted) on v* step 330 attempt 1/8; retrying in 1s
2026-09-21 09:15:13,763 DEBUG    edit  batch step 330/400  summed loss 1.2828
2026-09-21 09:15:17,471 WARNING  edit  transport failure (NNsightException: Traceback (most recent call last):  RemoteException: Module nnsight.intervention.batching is not whitelisted) on v* step 331 attempt 1/8; retrying in 1s
2026-09-21 09:15:25,027 DEBUG    edit  batch step 331/400  summed loss 1.2795
2026-09-21 09:15:28,790 WARNING  edit  transport failure (NNsightException: Traceback (most recent call last):  RemoteException: Module nnsight.intervention.batching is not whitelisted) on v* step 332 attempt 1/8; retrying in 1s
2026-09-21 09:15:36,212 DEBUG    edit  batch step 332/400  summed loss 1.2830
2026-09-21 09:15:39,993 WARNING  edit  transport failure (NNsightException: Traceback (most recent call last):  RemoteException: Module nnsight.intervention.batching is not whitelisted) on v* step 333 attempt 1/8; retrying in 1s
2026-09-21 09:15:47,825 DEBUG    edit  batch step 333/400  summed loss 1.2848
2026-09-21 09:15:51,630 WARNING  edit  transport failure (NNsightException: Traceback (most recent call last):  RemoteException: Module nnsight.intervention.batching is not whitelisted) on v* step 334 attempt 1/8; retrying in 1s
2026-09-21 09:15:58,885 DEBUG    edit  batch step 334/400  summed loss 1.2859
2026-09-21 09:16:02,828 WARNING  edit  transport failure (NNsightException: Traceback (most recent call last):  RemoteException: Module nnsight.intervention.batching is not whitelisted) on v* step 335 attempt 1/8; retrying in 1s
2026-09-21 09:16:10,012 DEBUG    edit  batch step 335/400  summed loss 1.2845
2026-09-21 09:16:13,726 WARNING  edit  transport failure (NNsightException: Traceback (most recent call last):  RemoteException: Module nnsight.intervention.batching is not whitelisted) on v* step 336 attempt 1/8; retrying in 1s
2026-09-21 09:16:21,512 DEBUG    edit  batch step 336/400  summed loss 1.2847
2026-09-21 09:16:25,501 WARNING  edit  transport failure (NNsightException: Traceback (most recent call last):  RemoteException: Module nnsight.intervention.batching is not whitelisted) on v* step 337 attempt 1/8; retrying in 1s
2026-09-21 09:16:32,761 DEBUG    edit  batch step 337/400  summed loss 1.2873
2026-09-21 09:16:36,411 WARNING  edit  transport failure (NNsightException: Traceback (most recent call last):  RemoteException: Module nnsight.intervention.batching is not whitelisted) on v* step 338 attempt 1/8; retrying in 1s
2026-09-21 09:16:44,336 DEBUG    edit  batch step 338/400  summed loss 1.2846
2026-09-21 09:16:47,970 WARNING  edit  transport failure (NNsightException: Traceback (most recent call last):  RemoteException: Module nnsight.intervention.batching is not whitelisted) on v* step 339 attempt 1/8; retrying in 1s
2026-09-21 09:16:55,104 DEBUG    edit  batch step 339/400  summed loss 1.2901
2026-09-21 09:16:58,981 WARNING  edit  transport failure (NNsightException: Traceback (most recent call last):  RemoteException: Module nnsight.intervention.batching is not whitelisted) on v* step 340 attempt 1/8; retrying in 1s
2026-09-21 09:17:06,231 DEBUG    edit  batch step 340/400  summed loss 1.2884
2026-09-21 09:17:09,991 WARNING  edit  transport failure (NNsightException: Traceback (most recent call last):  RemoteException: Module nnsight.intervention.batching is not whitelisted) on v* step 341 attempt 1/8; retrying in 1s
2026-09-21 09:17:17,032 DEBUG    edit  batch step 341/400  summed loss 1.2887
2026-09-21 09:17:20,732 WARNING  edit  transport failure (NNsightException: Traceback (most recent call last):  RemoteException: Module nnsight.intervention.batching is not whitelisted) on v* step 342 attempt 1/8; retrying in 1s
2026-09-21 09:17:28,165 DEBUG    edit  batch step 342/400  summed loss 1.2899
2026-09-21 09:17:32,057 WARNING  edit  transport failure (NNsightException: Traceback (most recent call last):  RemoteException: Module nnsight.intervention.batching is not whitelisted) on v* step 343 attempt 1/8; retrying in 1s
2026-09-21 09:17:40,198 DEBUG    edit  batch step 343/400  summed loss 1.2871
2026-09-21 09:17:44,200 WARNING  edit  transport failure (NNsightException: Traceback (most recent call last):  RemoteException: Module nnsight.intervention.batching is not whitelisted) on v* step 344 attempt 1/8; retrying in 1s
2026-09-21 09:17:54,420 DEBUG    edit  batch step 344/400  summed loss 1.2861
2026-09-21 09:17:58,319 WARNING  edit  transport failure (NNsightException: Traceback (most recent call last):  RemoteException: Module nnsight.intervention.batching is not whitelisted) on v* step 345 attempt 1/8; retrying in 1s
2026-09-21 09:18:10,345 DEBUG    edit  batch step 345/400  summed loss 1.2858
2026-09-21 09:18:13,978 WARNING  edit  transport failure (NNsightException: Traceback (most recent call last):  RemoteException: Module nnsight.intervention.batching is not whitelisted) on v* step 346 attempt 1/8; retrying in 1s
2026-09-21 09:18:21,695 DEBUG    edit  batch step 346/400  summed loss 1.2879
2026-09-21 09:18:25,881 WARNING  edit  transport failure (NNsightException: Traceback (most recent call last):  RemoteException: Module nnsight.intervention.batching is not whitelisted) on v* step 347 attempt 1/8; retrying in 1s
2026-09-21 09:18:33,061 DEBUG    edit  batch step 347/400  summed loss 1.2859
2026-09-21 09:18:36,910 WARNING  edit  transport failure (NNsightException: Traceback (most recent call last):  RemoteException: Module nnsight.intervention.batching is not whitelisted) on v* step 348 attempt 1/8; retrying in 1s
2026-09-21 09:18:44,032 DEBUG    edit  batch step 348/400  summed loss 1.2912
2026-09-21 09:18:47,708 WARNING  edit  transport failure (NNsightException: Traceback (most recent call last):  RemoteException: Module nnsight.intervention.batching is not whitelisted) on v* step 349 attempt 1/8; retrying in 1s
2026-09-21 09:18:55,398 DEBUG    edit  batch step 349/400  summed loss 1.2899
2026-09-21 09:18:59,462 WARNING  edit  transport failure (NNsightException: Traceback (most recent call last):  RemoteException: Module nnsight.intervention.batching is not whitelisted) on v* step 350 attempt 1/8; retrying in 1s
2026-09-21 09:19:07,668 DEBUG    edit  batch step 350/400  summed loss 1.2879
2026-09-21 09:19:11,379 WARNING  edit  transport failure (NNsightException: Traceback (most recent call last):  RemoteException: Module nnsight.intervention.batching is not whitelisted) on v* step 351 attempt 1/8; retrying in 1s
2026-09-21 09:19:19,844 DEBUG    edit  batch step 351/400  summed loss 1.2885
2026-09-21 09:19:23,736 WARNING  edit  transport failure (NNsightException: Traceback (most recent call last):  RemoteException: Module nnsight.intervention.batching is not whitelisted) on v* step 352 attempt 1/8; retrying in 1s
2026-09-21 09:19:34,836 DEBUG    edit  batch step 352/400  summed loss 1.2872
2026-09-21 09:19:38,996 WARNING  edit  transport failure (NNsightException: Traceback (most recent call last):  RemoteException: Module nnsight.intervention.batching is not whitelisted) on v* step 353 attempt 1/8; retrying in 1s
2026-09-21 09:19:46,496 DEBUG    edit  batch step 353/400  summed loss 1.2875
2026-09-21 09:19:50,718 WARNING  edit  transport failure (NNsightException: Traceback (most recent call last):  RemoteException: Module nnsight.intervention.batching is not whitelisted) on v* step 354 attempt 1/8; retrying in 1s
2026-09-21 09:19:58,431 DEBUG    edit  batch step 354/400  summed loss 1.2909
2026-09-21 09:20:01,931 WARNING  edit  transport failure (NNsightException: Traceback (most recent call last):  RemoteException: Module nnsight.intervention.batching is not whitelisted) on v* step 355 attempt 1/8; retrying in 1s
2026-09-21 09:20:12,596 DEBUG    edit  batch step 355/400  summed loss 1.2912
2026-09-21 09:20:16,213 WARNING  edit  transport failure (NNsightException: Traceback (most recent call last):  RemoteException: Module nnsight.intervention.batching is not whitelisted) on v* step 356 attempt 1/8; retrying in 1s
2026-09-21 09:20:24,791 DEBUG    edit  batch step 356/400  summed loss 1.2943
2026-09-21 09:20:28,605 WARNING  edit  transport failure (NNsightException: Traceback (most recent call last):  RemoteException: Module nnsight.intervention.batching is not whitelisted) on v* step 357 attempt 1/8; retrying in 1s
2026-09-21 09:20:35,636 DEBUG    edit  batch step 357/400  summed loss 1.3005
2026-09-21 09:20:40,069 WARNING  edit  transport failure (NNsightException: Traceback (most recent call last):  RemoteException: Module nnsight.intervention.batching is not whitelisted) on v* step 358 attempt 1/8; retrying in 1s
2026-09-21 09:20:47,539 DEBUG    edit  batch step 358/400  summed loss 1.2893
2026-09-21 09:20:54,270 DEBUG    edit  batch step 359/400  summed loss 1.2914
2026-09-21 09:20:58,114 WARNING  edit  transport failure (NNsightException: Traceback (most recent call last):  RemoteException: Module nnsight.intervention.batching is not whitelisted) on v* step 360 attempt 1/8; retrying in 1s
2026-09-21 09:21:07,064 DEBUG    edit  batch step 360/400  summed loss 1.2899
2026-09-21 09:21:10,806 WARNING  edit  transport failure (NNsightException: Traceback (most recent call last):  RemoteException: Module nnsight.intervention.batching is not whitelisted) on v* step 361 attempt 1/8; retrying in 1s
2026-09-21 09:21:18,088 DEBUG    edit  batch step 361/400  summed loss 1.2998
2026-09-21 09:21:21,819 WARNING  edit  transport failure (NNsightException: Traceback (most recent call last):  RemoteException: Module nnsight.intervention.batching is not whitelisted) on v* step 362 attempt 1/8; retrying in 1s
2026-09-21 09:21:30,068 DEBUG    edit  batch step 362/400  summed loss 1.2949
2026-09-21 09:21:34,051 WARNING  edit  transport failure (NNsightException: Traceback (most recent call last):  RemoteException: Module nnsight.intervention.batching is not whitelisted) on v* step 363 attempt 1/8; retrying in 1s
2026-09-21 09:21:41,795 DEBUG    edit  batch step 363/400  summed loss 1.2994
2026-09-21 09:21:48,217 DEBUG    edit  batch step 364/400  summed loss 1.2967
2026-09-21 09:21:52,321 WARNING  edit  transport failure (NNsightException: Traceback (most recent call last):  RemoteException: Module nnsight.intervention.batching is not whitelisted) on v* step 365 attempt 1/8; retrying in 1s
2026-09-21 09:21:59,781 DEBUG    edit  batch step 365/400  summed loss 1.3008
2026-09-21 09:22:04,013 WARNING  edit  transport failure (NNsightException: Traceback (most recent call last):  RemoteException: Module nnsight.intervention.batching is not whitelisted) on v* step 366 attempt 1/8; retrying in 1s
2026-09-21 09:22:12,441 DEBUG    edit  batch step 366/400  summed loss 1.2990
2026-09-21 09:22:16,511 WARNING  edit  transport failure (NNsightException: Traceback (most recent call last):  RemoteException: Module nnsight.intervention.batching is not whitelisted) on v* step 367 attempt 1/8; retrying in 1s
2026-09-21 09:22:24,087 DEBUG    edit  batch step 367/400  summed loss 1.3015
2026-09-21 09:22:27,957 WARNING  edit  transport failure (NNsightException: Traceback (most recent call last):  RemoteException: Module nnsight.intervention.batching is not whitelisted) on v* step 368 attempt 1/8; retrying in 1s
2026-09-21 09:22:35,324 DEBUG    edit  batch step 368/400  summed loss 1.2991
2026-09-21 09:22:39,333 WARNING  edit  transport failure (NNsightException: Traceback (most recent call last):  RemoteException: Module nnsight.intervention.batching is not whitelisted) on v* step 369 attempt 1/8; retrying in 1s
2026-09-21 09:22:46,856 DEBUG    edit  batch step 369/400  summed loss 1.3017
2026-09-21 09:22:50,862 WARNING  edit  transport failure (NNsightException: Traceback (most recent call last):  RemoteException: Module nnsight.intervention.batching is not whitelisted) on v* step 370 attempt 1/8; retrying in 1s
2026-09-21 09:23:15,810 DEBUG    edit  batch step 370/400  summed loss 1.3011
2026-09-21 09:23:20,512 WARNING  edit  transport failure (NNsightException: Traceback (most recent call last):  RemoteException: Module nnsight.intervention.batching is not whitelisted) on v* step 371 attempt 1/8; retrying in 1s
2026-09-21 09:23:28,857 DEBUG    edit  batch step 371/400  summed loss 1.3049
2026-09-21 09:23:33,006 WARNING  edit  transport failure (NNsightException: Traceback (most recent call last):  RemoteException: Module nnsight.intervention.batching is not whitelisted) on v* step 372 attempt 1/8; retrying in 1s
2026-09-21 09:23:40,452 DEBUG    edit  batch step 372/400  summed loss 1.3012
2026-09-21 09:23:44,264 WARNING  edit  transport failure (NNsightException: Traceback (most recent call last):  RemoteException: Module nnsight.intervention.batching is not whitelisted) on v* step 373 attempt 1/8; retrying in 1s
2026-09-21 09:23:51,638 DEBUG    edit  batch step 373/400  summed loss 1.3012
2026-09-21 09:23:55,498 WARNING  edit  transport failure (NNsightException: Traceback (most recent call last):  RemoteException: Module nnsight.intervention.batching is not whitelisted) on v* step 374 attempt 1/8; retrying in 1s
2026-09-21 09:24:04,037 DEBUG    edit  batch step 374/400  summed loss 1.3030
2026-09-21 09:24:08,075 WARNING  edit  transport failure (NNsightException: Traceback (most recent call last):  RemoteException: Module nnsight.intervention.batching is not whitelisted) on v* step 375 attempt 1/8; retrying in 1s
2026-09-21 09:24:16,032 DEBUG    edit  batch step 375/400  summed loss 1.3021
2026-09-21 09:24:19,834 WARNING  edit  transport failure (NNsightException: Traceback (most recent call last):  RemoteException: Module nnsight.intervention.batching is not whitelisted) on v* step 376 attempt 1/8; retrying in 1s
2026-09-21 09:24:27,167 DEBUG    edit  batch step 376/400  summed loss 1.3017
2026-09-21 09:24:30,718 WARNING  edit  transport failure (NNsightException: Traceback (most recent call last):  RemoteException: Module nnsight.intervention.batching is not whitelisted) on v* step 377 attempt 1/8; retrying in 1s
2026-09-21 09:24:38,361 DEBUG    edit  batch step 377/400  summed loss 1.3052
2026-09-21 09:24:42,199 WARNING  edit  transport failure (NNsightException: Traceback (most recent call last):  RemoteException: Module nnsight.intervention.batching is not whitelisted) on v* step 378 attempt 1/8; retrying in 1s
2026-09-21 09:24:49,432 DEBUG    edit  batch step 378/400  summed loss 1.3052
2026-09-21 09:24:53,553 WARNING  edit  transport failure (NNsightException: Traceback (most recent call last):  RemoteException: Module nnsight.intervention.batching is not whitelisted) on v* step 379 attempt 1/8; retrying in 1s
2026-09-21 09:25:03,540 DEBUG    edit  batch step 379/400  summed loss 1.3027
2026-09-21 09:25:07,209 WARNING  edit  transport failure (NNsightException: Traceback (most recent call last):  RemoteException: Module nnsight.intervention.batching is not whitelisted) on v* step 380 attempt 1/8; retrying in 1s
2026-09-21 09:25:14,546 DEBUG    edit  batch step 380/400  summed loss 1.3035
2026-09-21 09:25:18,247 WARNING  edit  transport failure (NNsightException: Traceback (most recent call last):  RemoteException: Module nnsight.intervention.batching is not whitelisted) on v* step 381 attempt 1/8; retrying in 1s
2026-09-21 09:25:25,823 DEBUG    edit  batch step 381/400  summed loss 1.3061
2026-09-21 09:25:29,488 WARNING  edit  transport failure (NNsightException: Traceback (most recent call last):  RemoteException: Module nnsight.intervention.batching is not whitelisted) on v* step 382 attempt 1/8; retrying in 1s
2026-09-21 09:25:37,054 DEBUG    edit  batch step 382/400  summed loss 1.3064
2026-09-21 09:25:42,251 WARNING  edit  transport failure (NNsightException: Traceback (most recent call last):  RemoteException: Module nnsight.intervention.batching is not whitelisted) on v* step 383 attempt 1/8; retrying in 1s
2026-09-21 09:25:50,468 DEBUG    edit  batch step 383/400  summed loss 1.3038
2026-09-21 09:25:54,815 WARNING  edit  transport failure (NNsightException: Traceback (most recent call last):  RemoteException: Module nnsight.intervention.batching is not whitelisted) on v* step 384 attempt 1/8; retrying in 1s
2026-09-21 09:26:08,400 DEBUG    edit  batch step 384/400  summed loss 1.3029
2026-09-21 09:26:11,954 WARNING  edit  transport failure (NNsightException: Traceback (most recent call last):  RemoteException: Module nnsight.intervention.batching is not whitelisted) on v* step 385 attempt 1/8; retrying in 1s
2026-09-21 09:26:19,292 DEBUG    edit  batch step 385/400  summed loss 1.3037
2026-09-21 09:26:23,092 WARNING  edit  transport failure (NNsightException: Traceback (most recent call last):  RemoteException: Module nnsight.intervention.batching is not whitelisted) on v* step 386 attempt 1/8; retrying in 1s
2026-09-21 09:26:30,705 DEBUG    edit  batch step 386/400  summed loss 1.3045
2026-09-21 09:26:34,335 WARNING  edit  transport failure (NNsightException: Traceback (most recent call last):  RemoteException: Module nnsight.intervention.batching is not whitelisted) on v* step 387 attempt 1/8; retrying in 1s
2026-09-21 09:26:41,732 DEBUG    edit  batch step 387/400  summed loss 1.3104
2026-09-21 09:26:45,667 WARNING  edit  transport failure (NNsightException: Traceback (most recent call last):  RemoteException: Module nnsight.intervention.batching is not whitelisted) on v* step 388 attempt 1/8; retrying in 1s
2026-09-21 09:26:52,939 DEBUG    edit  batch step 388/400  summed loss 1.3043
2026-09-21 09:26:56,980 WARNING  edit  transport failure (NNsightException: Traceback (most recent call last):  RemoteException: Module nnsight.intervention.batching is not whitelisted) on v* step 389 attempt 1/8; retrying in 1s
2026-09-21 09:27:04,528 DEBUG    edit  batch step 389/400  summed loss 1.3050
2026-09-21 09:27:08,399 WARNING  edit  transport failure (NNsightException: Traceback (most recent call last):  RemoteException: Module nnsight.intervention.batching is not whitelisted) on v* step 390 attempt 1/8; retrying in 1s
2026-09-21 09:27:16,040 DEBUG    edit  batch step 390/400  summed loss 1.3106
2026-09-21 09:27:19,842 WARNING  edit  transport failure (NNsightException: Traceback (most recent call last):  RemoteException: Module nnsight.intervention.batching is not whitelisted) on v* step 391 attempt 1/8; retrying in 1s
2026-09-21 09:27:27,303 DEBUG    edit  batch step 391/400  summed loss 1.3033
2026-09-21 09:27:31,041 WARNING  edit  transport failure (NNsightException: Traceback (most recent call last):  RemoteException: Module nnsight.intervention.batching is not whitelisted) on v* step 392 attempt 1/8; retrying in 1s
2026-09-21 09:27:39,137 DEBUG    edit  batch step 392/400  summed loss 1.3080
2026-09-21 09:27:43,062 WARNING  edit  transport failure (NNsightException: Traceback (most recent call last):  RemoteException: Module nnsight.intervention.batching is not whitelisted) on v* step 393 attempt 1/8; retrying in 1s
2026-09-21 09:27:51,133 DEBUG    edit  batch step 393/400  summed loss 1.3070
2026-09-21 09:27:55,006 WARNING  edit  transport failure (NNsightException: Traceback (most recent call last):  RemoteException: Module nnsight.intervention.batching is not whitelisted) on v* step 394 attempt 1/8; retrying in 1s
2026-09-21 09:28:02,811 DEBUG    edit  batch step 394/400  summed loss 1.3110
2026-09-21 09:28:06,518 WARNING  edit  transport failure (NNsightException: Traceback (most recent call last):  RemoteException: Module nnsight.intervention.batching is not whitelisted) on v* step 395 attempt 1/8; retrying in 1s
2026-09-21 09:28:13,845 DEBUG    edit  batch step 395/400  summed loss 1.3096
2026-09-21 09:28:17,861 WARNING  edit  transport failure (NNsightException: Traceback (most recent call last):  RemoteException: Module nnsight.intervention.batching is not whitelisted) on v* step 396 attempt 1/8; retrying in 1s
2026-09-21 09:28:25,383 DEBUG    edit  batch step 396/400  summed loss 1.3084
2026-09-21 09:28:29,224 WARNING  edit  transport failure (NNsightException: Traceback (most recent call last):  RemoteException: Module nnsight.intervention.batching is not whitelisted) on v* step 397 attempt 1/8; retrying in 1s
2026-09-21 09:28:38,172 DEBUG    edit  batch step 397/400  summed loss 1.3080
2026-09-21 09:28:41,850 WARNING  edit  transport failure (NNsightException: Traceback (most recent call last):  RemoteException: Module nnsight.intervention.batching is not whitelisted) on v* step 398 attempt 1/8; retrying in 1s
2026-09-21 09:28:49,289 DEBUG    edit  batch step 398/400  summed loss 1.3066
2026-09-21 09:28:53,011 WARNING  edit  transport failure (NNsightException: Traceback (most recent call last):  RemoteException: Module nnsight.intervention.batching is not whitelisted) on v* step 399 attempt 1/8; retrying in 1s
2026-09-21 09:29:00,892 DEBUG    edit  batch step 399/400  summed loss 1.3068
2026-09-21 09:29:05,642 WARNING  edit  transport failure (NNsightException: Traceback (most recent call last):  RemoteException: Module nnsight.intervention.batching is not whitelisted) on v* step 400 attempt 1/8; retrying in 1s
2026-09-21 09:29:13,265 DEBUG    edit  batch step 400/400  summed loss 1.3110
2026-09-21 09:29:13,266 INFO     run_e028b    optimisation took 84 min
2026-09-21 09:29:15,221 WARNING  remote  transport failure (NNsightException) on attempt 1/8; retrying in 5s
2026-09-21 09:29:22,848 DEBUG    remote  trace ok: 1 rows, 3 tok, 2.6s
2026-09-21 09:29:24,945 WARNING  remote  transport failure (NNsightException) on attempt 1/8; retrying in 5s
2026-09-21 09:29:33,073 DEBUG    remote  trace ok: 1 rows, 3 tok, 3.1s
2026-09-21 09:29:34,888 WARNING  remote  transport failure (NNsightException) on attempt 1/8; retrying in 5s
2026-09-21 09:29:42,468 DEBUG    remote  trace ok: 1 rows, 1 tok, 2.6s
2026-09-21 09:29:44,704 WARNING  remote  transport failure (NNsightException) on attempt 1/8; retrying in 5s
2026-09-21 09:29:52,834 DEBUG    remote  trace ok: 1 rows, 1 tok, 3.1s
2026-09-21 09:29:54,569 WARNING  remote  transport failure (NNsightException) on attempt 1/8; retrying in 5s
2026-09-21 09:30:02,245 DEBUG    remote  trace ok: 1 rows, 1 tok, 2.7s
2026-09-21 09:30:04,568 WARNING  remote  transport failure (NNsightException) on attempt 1/8; retrying in 5s
2026-09-21 09:30:12,495 DEBUG    remote  trace ok: 1 rows, 1 tok, 2.9s
2026-09-21 09:30:14,346 WARNING  remote  transport failure (NNsightException) on attempt 1/8; retrying in 5s
2026-09-21 09:30:21,921 DEBUG    remote  trace ok: 1 rows, 1 tok, 2.6s
2026-09-21 09:30:24,087 WARNING  remote  transport failure (NNsightException) on attempt 1/8; retrying in 5s
2026-09-21 09:30:32,086 DEBUG    remote  trace ok: 1 rows, 1 tok, 3.0s
2026-09-21 09:30:33,934 WARNING  remote  transport failure (NNsightException) on attempt 1/8; retrying in 5s
2026-09-21 09:30:41,784 DEBUG    remote  trace ok: 1 rows, 1 tok, 2.8s
2026-09-21 09:30:46,914 WARNING  remote  transport failure (NNsightException) on attempt 1/8; retrying in 5s
2026-09-21 09:30:55,153 DEBUG    remote  trace ok: 1 rows, 1 tok, 3.2s
2026-09-21 09:30:56,822 WARNING  remote  transport failure (NNsightException) on attempt 1/8; retrying in 5s
2026-09-21 09:31:04,614 DEBUG    remote  trace ok: 1 rows, 3 tok, 2.8s
2026-09-21 09:31:06,773 WARNING  remote  transport failure (NNsightException) on attempt 1/8; retrying in 5s
2026-09-21 09:31:14,727 DEBUG    remote  trace ok: 1 rows, 3 tok, 2.9s
2026-09-21 09:31:16,487 WARNING  remote  transport failure (NNsightException) on attempt 1/8; retrying in 5s
2026-09-21 09:31:24,102 DEBUG    remote  trace ok: 1 rows, 1 tok, 2.6s
2026-09-21 09:31:26,320 WARNING  remote  transport failure (NNsightException) on attempt 1/8; retrying in 5s
2026-09-21 09:31:34,445 DEBUG    remote  trace ok: 1 rows, 1 tok, 3.1s
2026-09-21 09:31:39,266 WARNING  remote  transport failure (NNsightException) on attempt 1/8; retrying in 5s
2026-09-21 09:31:46,949 DEBUG    remote  trace ok: 1 rows, 1 tok, 2.7s
2026-09-21 09:31:49,189 WARNING  remote  transport failure (NNsightException) on attempt 1/8; retrying in 5s
2026-09-21 09:31:57,317 DEBUG    remote  trace ok: 1 rows, 1 tok, 3.1s
2026-09-21 09:31:59,009 WARNING  remote  transport failure (NNsightException) on attempt 1/8; retrying in 5s
2026-09-21 09:32:06,800 DEBUG    remote  trace ok: 1 rows, 1 tok, 2.8s
2026-09-21 09:32:09,105 WARNING  remote  transport failure (NNsightException) on attempt 1/8; retrying in 5s
2026-09-21 09:32:17,278 DEBUG    remote  trace ok: 1 rows, 1 tok, 3.2s
2026-09-21 09:32:19,049 WARNING  remote  transport failure (NNsightException) on attempt 1/8; retrying in 5s
2026-09-21 09:32:26,702 DEBUG    remote  trace ok: 1 rows, 1 tok, 2.7s
2026-09-21 09:32:28,887 WARNING  remote  transport failure (NNsightException) on attempt 1/8; retrying in 5s
2026-09-21 09:32:36,848 DEBUG    remote  trace ok: 1 rows, 1 tok, 3.0s
2026-09-21 09:32:38,717 WARNING  remote  transport failure (NNsightException) on attempt 1/8; retrying in 5s
2026-09-21 09:32:46,381 DEBUG    remote  trace ok: 1 rows, 3 tok, 2.7s
2026-09-21 09:32:48,493 WARNING  remote  transport failure (NNsightException) on attempt 1/8; retrying in 5s
2026-09-21 09:32:56,662 DEBUG    remote  trace ok: 1 rows, 3 tok, 3.2s
2026-09-21 09:32:58,397 WARNING  remote  transport failure (NNsightException) on attempt 1/8; retrying in 5s
2026-09-21 09:33:05,974 DEBUG    remote  trace ok: 1 rows, 3 tok, 2.6s
2026-09-21 09:33:08,143 WARNING  remote  transport failure (NNsightException) on attempt 1/8; retrying in 5s
2026-09-21 09:33:16,422 DEBUG    remote  trace ok: 1 rows, 3 tok, 3.3s
2026-09-21 09:33:16,431 INFO     run_e028b    L20|s400  calibration 6.50 nats   held out 7.43 nats   ||dv|| 7.52
2026-09-21 09:33:16,432 INFO     run_e028b  
2026-09-21 09:33:16,432 INFO     run_e028b  E-028b — layer 20 belief displacement against step budget
2026-09-21 09:33:16,432 INFO     run_e028b  match target: 6.26 nats (ROME/EasyEdit L5, 25 steps, calibration six)
2026-09-21 09:33:16,432 INFO     run_e028b  
2026-09-21 09:33:16,432 INFO     run_e028b  steps        calibration      held out
2026-09-21 09:33:16,432 INFO     run_e028b  25                  2.61    — [E-028a]
2026-09-21 09:33:16,432 INFO     run_e028b  50                  3.51    — [E-028a]
2026-09-21 09:33:16,433 INFO     run_e028b  100                 4.47    — [E-028a]
2026-09-21 09:33:16,433 INFO     run_e028b  200                 5.46          6.23
2026-09-21 09:33:16,433 INFO     run_e028b  400                 6.50          7.43
2026-09-21 09:33:16,433 INFO     run_e028b  
2026-09-21 09:33:16,433 INFO     run_e028b  MATCHED: layer 20 reaches 6.50 nats at 400 steps; the crossing interpolates to ~353 steps. Run step 2 at 400.
2026-09-21 09:33:16,433 INFO     run_e028b  held-out check passes: 7.43 vs 6.50 calibration (gap 0.93)
2026-09-21 09:33:16,434 INFO     run_e028b  written: results/E-028b-budget-match.json
