{
  "train_accuracy": 0.6625,
  "val_accuracy": 0.5878787878787879,
  "test_accuracy": 0.5515151515151515,
  "num_train_nodes": 80,
  "num_val_nodes": 495,
  "num_test_nodes": 990,
  "num_layers": 2
}