{
  "train_accuracy": 0.2857142857142857,
  "val_accuracy": 0.29,
  "test_accuracy": 0.316247582205029,
  "num_train_nodes": 140,
  "num_val_nodes": 500,
  "num_test_nodes": 2068,
  "num_layers": 2
}