delivery_id,lot_id,carrier_id,dispatch_date,transit_days,arrival_date,ship_cutoff_day,on_time,missed_ship,on_time_flag,missed_ship_flag,value_retained
DLV-00001,LOT-00001,CAR-A,2026-07-30,4.56,2026-08-03,16,True,False,1,0,0.9316
DLV-00002,LOT-00002,CAR-B,2026-06-08,13.97,2026-06-21,16,True,False,1,0,0.7904
DLV-00003,LOT-00003,CAR-B,2026-07-07,14.37,2026-07-21,16,True,False,1,0,0.7844
DLV-00004,LOT-00004,CAR-A,2026-07-10,38.89,2026-08-17,16,False,True,0,1,0.0
DLV-00005,LOT-00005,CAR-B,2026-07-18,12.61,2026-07-30,16,True,False,1,0,0.8109
DLV-00006,LOT-00006,CAR-B,2026-05-09,15.05,2026-05-24,16,True,False,1,0,0.7742
DLV-00007,LOT-00007,CAR-A,2026-06-02,5.45,2026-06-07,16,True,False,1,0,0.9182
DLV-00008,LOT-00008,CAR-B,2026-07-02,14.98,2026-07-16,16,True,False,1,0,0.7753
DLV-00009,LOT-00009,CAR-B,2026-06-09,14.75,2026-06-23,16,True,False,1,0,0.7788
DLV-00010,LOT-00010,CAR-A,2026-05-21,24.3,2026-06-14,16,False,True,0,1,0.0
DLV-00011,LOT-00011,CAR-B,2026-07-12,15.45,2026-07-27,16,True,False,1,0,0.7682
DLV-00012,LOT-00012,CAR-B,2026-07-15,12.72,2026-07-27,16,True,False,1,0,0.8092
DLV-00013,LOT-00013,CAR-A,2026-08-04,5.62,2026-08-09,16,True,False,1,0,0.9157
DLV-00014,LOT-00014,CAR-A,2026-05-29,14.16,2026-06-12,16,True,False,1,0,0.7876
DLV-00015,LOT-00015,CAR-B,2026-07-22,12.85,2026-08-03,16,True,False,1,0,0.8072
DLV-00016,LOT-00016,CAR-B,2026-06-04,13.95,2026-06-17,16,True,False,1,0,0.7908
DLV-00017,LOT-00017,CAR-A,2026-06-01,19.27,2026-06-20,16,False,True,0,1,0.0
DLV-00018,LOT-00018,CAR-B,2026-08-07,14.44,2026-08-21,16,True,False,1,0,0.7834
DLV-00019,LOT-00019,CAR-B,2026-07-09,14.34,2026-07-23,16,True,False,1,0,0.7849
DLV-00020,LOT-00020,CAR-A,2026-05-10,8.37,2026-05-18,16,True,False,1,0,0.8744
DLV-00021,LOT-00021,CAR-A,2026-05-31,5.59,2026-06-05,16,True,False,1,0,0.9162
DLV-00022,LOT-00022,CAR-A,2026-05-02,7.49,2026-05-09,16,True,False,1,0,0.8876
DLV-00023,LOT-00023,CAR-B,2026-06-28,12.04,2026-07-10,16,True,False,1,0,0.8194
DLV-00024,LOT-00024,CAR-B,2026-05-23,14.75,2026-06-06,16,True,False,1,0,0.7788
DLV-00025,LOT-00025,CAR-A,2026-07-08,3.22,2026-07-11,16,True,False,1,0,0.9517
DLV-00026,LOT-00026,CAR-B,2026-05-29,13.93,2026-06-11,16,True,False,1,0,0.791
DLV-00027,LOT-00027,CAR-A,2026-05-13,4.03,2026-05-17,16,True,False,1,0,0.9396
DLV-00028,LOT-00028,CAR-B,2026-07-07,14.7,2026-07-21,16,True,False,1,0,0.7795
DLV-00029,LOT-00029,CAR-A,2026-05-19,19.94,2026-06-07,16,False,True,0,1,0.0
DLV-00030,LOT-00030,CAR-B,2026-07-15,12.98,2026-07-27,16,True,False,1,0,0.8053
DLV-00031,LOT-00031,CAR-A,2026-06-03,5.43,2026-06-08,16,True,False,1,0,0.9186
DLV-00032,LOT-00032,CAR-B,2026-07-04,13.67,2026-07-17,16,True,False,1,0,0.795
DLV-00033,LOT-00033,CAR-A,2026-06-02,15.97,2026-06-17,16,True,False,1,0,0.7604
DLV-00034,LOT-00034,CAR-A,2026-07-28,3.22,2026-07-31,16,True,False,1,0,0.9517
DLV-00035,LOT-00035,CAR-B,2026-05-21,13.39,2026-06-03,16,True,False,1,0,0.7992
DLV-00036,LOT-00036,CAR-A,2026-06-09,9.88,2026-06-18,16,True,False,1,0,0.8518
DLV-00037,LOT-00037,CAR-B,2026-08-06,12.71,2026-08-18,16,True,False,1,0,0.8094
DLV-00038,LOT-00038,CAR-A,2026-05-13,4.94,2026-05-17,16,True,False,1,0,0.9259
DLV-00039,LOT-00039,CAR-A,2026-06-06,3.0,2026-06-09,16,True,False,1,0,0.955
DLV-00040,LOT-00040,CAR-A,2026-05-19,3.31,2026-05-22,16,True,False,1,0,0.9504
DLV-00041,LOT-00041,CAR-B,2026-05-10,13.74,2026-05-23,16,True,False,1,0,0.7939
DLV-00042,LOT-00042,CAR-B,2026-07-04,14.81,2026-07-18,16,True,False,1,0,0.7778
DLV-00043,LOT-00043,CAR-B,2026-06-16,13.89,2026-06-29,16,True,False,1,0,0.7916
DLV-00044,LOT-00044,CAR-A,2026-07-25,3.04,2026-07-28,16,True,False,1,0,0.9544
DLV-00045,LOT-00045,CAR-B,2026-07-18,15.77,2026-08-02,16,True,False,1,0,0.7634
DLV-00046,LOT-00046,CAR-B,2026-08-08,15.44,2026-08-23,16,True,False,1,0,0.7684
DLV-00047,LOT-00047,CAR-A,2026-05-11,22.31,2026-06-02,16,False,True,0,1,0.0
DLV-00048,LOT-00048,CAR-B,2026-06-16,13.17,2026-06-29,16,True,False,1,0,0.8024
DLV-00049,LOT-00049,CAR-A,2026-08-02,4.94,2026-08-06,16,True,False,1,0,0.9259
DLV-00050,LOT-00050,CAR-A,2026-08-06,17.06,2026-08-23,16,False,True,0,1,0.0
DLV-00051,LOT-00051,CAR-B,2026-06-08,13.06,2026-06-21,16,True,False,1,0,0.8041
DLV-00052,LOT-00052,CAR-A,2026-06-24,3.7,2026-06-27,16,True,False,1,0,0.9445
DLV-00053,LOT-00053,CAR-A,2026-05-08,3.62,2026-05-11,16,True,False,1,0,0.9457
DLV-00054,LOT-00054,CAR-A,2026-07-20,3.08,2026-07-23,16,True,False,1,0,0.9538
DLV-00055,LOT-00055,CAR-B,2026-05-31,13.29,2026-06-13,16,True,False,1,0,0.8007
DLV-00056,LOT-00056,CAR-A,2026-06-07,4.93,2026-06-11,16,True,False,1,0,0.926
DLV-00057,LOT-00057,CAR-A,2026-05-23,16.71,2026-06-08,16,False,True,0,1,0.0
DLV-00058,LOT-00058,CAR-A,2026-05-23,6.27,2026-05-29,16,True,False,1,0,0.906
DLV-00059,LOT-00059,CAR-A,2026-05-25,3.0,2026-05-28,16,True,False,1,0,0.955
DLV-00060,LOT-00060,CAR-A,2026-06-08,7.17,2026-06-15,16,True,False,1,0,0.8924
DLV-00061,LOT-00061,CAR-A,2026-07-02,24.61,2026-07-26,16,False,True,0,1,0.0
DLV-00062,LOT-00062,CAR-A,2026-06-14,4.98,2026-06-18,16,True,False,1,0,0.9253
DLV-00063,LOT-00063,CAR-A,2026-05-20,5.36,2026-05-25,16,True,False,1,0,0.9196
DLV-00064,LOT-00064,CAR-B,2026-05-04,13.88,2026-05-17,16,True,False,1,0,0.7918
DLV-00065,LOT-00065,CAR-A,2026-06-15,5.57,2026-06-20,16,True,False,1,0,0.9164
DLV-00066,LOT-00066,CAR-A,2026-07-23,19.09,2026-08-11,16,False,True,0,1,0.0
DLV-00067,LOT-00067,CAR-A,2026-07-28,6.43,2026-08-03,16,True,False,1,0,0.9036
DLV-00068,LOT-00068,CAR-A,2026-05-07,23.74,2026-05-30,16,False,True,0,1,0.0
DLV-00069,LOT-00069,CAR-A,2026-06-13,26.7,2026-07-09,16,False,True,0,1,0.0
DLV-00070,LOT-00070,CAR-A,2026-06-04,3.68,2026-06-07,16,True,False,1,0,0.9448
DLV-00071,LOT-00071,CAR-B,2026-07-03,13.93,2026-07-16,16,True,False,1,0,0.791
DLV-00072,LOT-00072,CAR-B,2026-07-28,13.59,2026-08-10,16,True,False,1,0,0.7962
DLV-00073,LOT-00073,CAR-A,2026-05-05,5.19,2026-05-10,16,True,False,1,0,0.9222
DLV-00074,LOT-00074,CAR-A,2026-07-29,5.09,2026-08-03,16,True,False,1,0,0.9236
DLV-00075,LOT-00075,CAR-B,2026-05-30,13.39,2026-06-12,16,True,False,1,0,0.7992
DLV-00076,LOT-00076,CAR-A,2026-05-28,25.73,2026-06-22,16,False,True,0,1,0.0
DLV-00077,LOT-00077,CAR-A,2026-07-04,14.89,2026-07-18,16,True,False,1,0,0.7767
DLV-00078,LOT-00078,CAR-A,2026-07-22,6.18,2026-07-28,16,True,False,1,0,0.9073
DLV-00079,LOT-00079,CAR-A,2026-05-21,19.43,2026-06-09,16,False,True,0,1,0.0
DLV-00080,LOT-00080,CAR-A,2026-05-29,3.0,2026-06-01,16,True,False,1,0,0.955
DLV-00081,LOT-00081,CAR-A,2026-07-10,5.41,2026-07-15,16,True,False,1,0,0.9188
DLV-00082,LOT-00082,CAR-A,2026-05-08,3.22,2026-05-11,16,True,False,1,0,0.9517
DLV-00083,LOT-00083,CAR-A,2026-05-04,4.47,2026-05-08,16,True,False,1,0,0.933
DLV-00084,LOT-00084,CAR-B,2026-08-07,14.68,2026-08-21,16,True,False,1,0,0.7798
DLV-00085,LOT-00085,CAR-B,2026-05-22,13.66,2026-06-04,16,True,False,1,0,0.7951
DLV-00086,LOT-00086,CAR-A,2026-05-29,23.68,2026-06-21,16,False,True,0,1,0.0
DLV-00087,LOT-00087,CAR-A,2026-06-12,3.0,2026-06-15,16,True,False,1,0,0.955
DLV-00088,LOT-00088,CAR-B,2026-07-02,12.75,2026-07-14,16,True,False,1,0,0.8088
DLV-00089,LOT-00089,CAR-A,2026-05-02,23.97,2026-05-25,16,False,True,0,1,0.0
DLV-00090,LOT-00090,CAR-B,2026-07-05,14.95,2026-07-19,16,True,False,1,0,0.7758
DLV-00091,LOT-00091,CAR-A,2026-07-10,4.05,2026-07-14,16,True,False,1,0,0.9392
DLV-00092,LOT-00092,CAR-B,2026-07-26,14.43,2026-08-09,16,True,False,1,0,0.7836
DLV-00093,LOT-00093,CAR-A,2026-06-14,10.39,2026-06-24,16,True,False,1,0,0.8442
DLV-00094,LOT-00094,CAR-A,2026-06-10,5.75,2026-06-15,16,True,False,1,0,0.9138
DLV-00095,LOT-00095,CAR-B,2026-06-16,14.36,2026-06-30,16,True,False,1,0,0.7846
DLV-00096,LOT-00096,CAR-A,2026-06-18,11.39,2026-06-29,16,True,False,1,0,0.8292
DLV-00097,LOT-00097,CAR-A,2026-05-09,5.02,2026-05-14,16,True,False,1,0,0.9247
DLV-00098,LOT-00098,CAR-B,2026-06-23,13.98,2026-07-06,16,True,False,1,0,0.7903
DLV-00099,LOT-00099,CAR-B,2026-06-29,13.42,2026-07-12,16,True,False,1,0,0.7987
DLV-00100,LOT-00100,CAR-B,2026-07-10,13.37,2026-07-23,16,True,False,1,0,0.7994
DLV-00101,LOT-00101,CAR-B,2026-06-12,13.9,2026-06-25,16,True,False,1,0,0.7915
DLV-00102,LOT-00102,CAR-B,2026-07-04,14.68,2026-07-18,16,True,False,1,0,0.7798
DLV-00103,LOT-00103,CAR-A,2026-08-03,10.04,2026-08-13,16,True,False,1,0,0.8494
DLV-00104,LOT-00104,CAR-A,2026-06-12,12.25,2026-06-24,16,True,False,1,0,0.8162
DLV-00105,LOT-00105,CAR-A,2026-06-05,20.65,2026-06-25,16,False,True,0,1,0.0
DLV-00106,LOT-00106,CAR-A,2026-07-15,5.68,2026-07-20,16,True,False,1,0,0.9148
DLV-00107,LOT-00107,CAR-B,2026-07-08,13.34,2026-07-21,16,True,False,1,0,0.7999
DLV-00108,LOT-00108,CAR-A,2026-06-28,19.25,2026-07-17,16,False,True,0,1,0.0
DLV-00109,LOT-00109,CAR-B,2026-06-08,12.81,2026-06-20,16,True,False,1,0,0.8078
DLV-00110,LOT-00110,CAR-B,2026-05-01,13.64,2026-05-14,16,True,False,1,0,0.7954
DLV-00111,LOT-00111,CAR-A,2026-06-23,21.41,2026-07-14,16,False,True,0,1,0.0
DLV-00112,LOT-00112,CAR-B,2026-06-18,13.62,2026-07-01,16,True,False,1,0,0.7957
DLV-00113,LOT-00113,CAR-B,2026-08-06,13.48,2026-08-19,16,True,False,1,0,0.7978
DLV-00114,LOT-00114,CAR-B,2026-06-18,14.57,2026-07-02,16,True,False,1,0,0.7814
DLV-00115,LOT-00115,CAR-B,2026-07-12,12.94,2026-07-24,16,True,False,1,0,0.8059
DLV-00116,LOT-00116,CAR-A,2026-06-04,5.66,2026-06-09,16,True,False,1,0,0.9151
DLV-00117,LOT-00117,CAR-A,2026-07-23,21.83,2026-08-13,16,False,True,0,1,0.0
DLV-00118,LOT-00118,CAR-A,2026-07-30,13.56,2026-08-12,16,True,False,1,0,0.7966
DLV-00119,LOT-00119,CAR-A,2026-07-23,15.98,2026-08-07,16,True,False,1,0,0.7603
DLV-00120,LOT-00120,CAR-B,2026-07-24,14.74,2026-08-07,16,True,False,1,0,0.7789
DLV-00121,LOT-00121,CAR-B,2026-06-11,13.63,2026-06-24,16,True,False,1,0,0.7956
DLV-00122,LOT-00122,CAR-B,2026-05-11,14.57,2026-05-25,16,True,False,1,0,0.7814
DLV-00123,LOT-00123,CAR-B,2026-07-28,12.11,2026-08-09,16,True,False,1,0,0.8184
DLV-00124,LOT-00124,CAR-A,2026-07-07,17.67,2026-07-24,16,False,True,0,1,0.0
DLV-00125,LOT-00125,CAR-A,2026-07-18,5.87,2026-07-23,16,True,False,1,0,0.912
DLV-00126,LOT-00126,CAR-B,2026-06-03,13.58,2026-06-16,16,True,False,1,0,0.7963
DLV-00127,LOT-00127,CAR-A,2026-08-03,13.78,2026-08-16,16,True,False,1,0,0.7933
DLV-00128,LOT-00128,CAR-B,2026-06-26,15.72,2026-07-11,16,True,False,1,0,0.7642
DLV-00129,LOT-00129,CAR-B,2026-05-23,14.72,2026-06-06,16,True,False,1,0,0.7792
DLV-00130,LOT-00130,CAR-A,2026-05-12,17.49,2026-05-29,16,False,True,0,1,0.0
DLV-00131,LOT-00131,CAR-B,2026-06-03,13.57,2026-06-16,16,True,False,1,0,0.7964
DLV-00132,LOT-00132,CAR-B,2026-06-15,16.07,2026-07-01,16,False,True,0,1,0.0
DLV-00133,LOT-00133,CAR-A,2026-05-02,15.71,2026-05-17,16,True,False,1,0,0.7644
DLV-00134,LOT-00134,CAR-A,2026-07-28,8.64,2026-08-05,16,True,False,1,0,0.8704
DLV-00135,LOT-00135,CAR-A,2026-05-16,15.53,2026-05-31,16,True,False,1,0,0.767
DLV-00136,LOT-00136,CAR-A,2026-06-27,3.55,2026-06-30,16,True,False,1,0,0.9468
DLV-00137,LOT-00137,CAR-B,2026-07-16,14.77,2026-07-30,16,True,False,1,0,0.7784
DLV-00138,LOT-00138,CAR-A,2026-05-11,3.96,2026-05-14,16,True,False,1,0,0.9406
DLV-00139,LOT-00139,CAR-A,2026-05-19,5.41,2026-05-24,16,True,False,1,0,0.9188
DLV-00140,LOT-00140,CAR-A,2026-06-18,14.81,2026-07-02,16,True,False,1,0,0.7778
DLV-00141,LOT-00141,CAR-A,2026-06-20,4.71,2026-06-24,16,True,False,1,0,0.9294
DLV-00142,LOT-00142,CAR-A,2026-05-14,3.0,2026-05-17,16,True,False,1,0,0.955
DLV-00143,LOT-00143,CAR-A,2026-05-13,27.6,2026-06-09,16,False,True,0,1,0.0
DLV-00144,LOT-00144,CAR-B,2026-05-12,14.09,2026-05-26,16,True,False,1,0,0.7887
DLV-00145,LOT-00145,CAR-A,2026-07-13,4.35,2026-07-17,16,True,False,1,0,0.9348
DLV-00146,LOT-00146,CAR-A,2026-07-30,6.35,2026-08-05,16,True,False,1,0,0.9048
DLV-00147,LOT-00147,CAR-A,2026-07-24,11.87,2026-08-04,16,True,False,1,0,0.822
DLV-00148,LOT-00148,CAR-B,2026-05-08,14.75,2026-05-22,16,True,False,1,0,0.7788
DLV-00149,LOT-00149,CAR-A,2026-05-02,5.14,2026-05-07,16,True,False,1,0,0.9229
DLV-00150,LOT-00150,CAR-B,2026-07-23,14.01,2026-08-06,16,True,False,1,0,0.7899
DLV-00151,LOT-00151,CAR-B,2026-06-10,13.89,2026-06-23,16,True,False,1,0,0.7916
DLV-00152,LOT-00152,CAR-B,2026-06-10,14.58,2026-06-24,16,True,False,1,0,0.7813
DLV-00153,LOT-00153,CAR-A,2026-07-17,22.38,2026-08-08,16,False,True,0,1,0.0
DLV-00154,LOT-00154,CAR-B,2026-07-31,15.08,2026-08-15,16,True,False,1,0,0.7738
DLV-00155,LOT-00155,CAR-B,2026-06-28,13.88,2026-07-11,16,True,False,1,0,0.7918
DLV-00156,LOT-00156,CAR-A,2026-07-28,5.43,2026-08-02,16,True,False,1,0,0.9186
DLV-00157,LOT-00157,CAR-B,2026-06-24,14.13,2026-07-08,16,True,False,1,0,0.788
DLV-00158,LOT-00158,CAR-A,2026-05-24,5.06,2026-05-29,16,True,False,1,0,0.9241
DLV-00159,LOT-00159,CAR-A,2026-07-09,10.38,2026-07-19,16,True,False,1,0,0.8443
DLV-00160,LOT-00160,CAR-B,2026-07-22,14.94,2026-08-05,16,True,False,1,0,0.7759
DLV-00161,LOT-00161,CAR-B,2026-06-06,13.66,2026-06-19,16,True,False,1,0,0.7951
DLV-00162,LOT-00162,CAR-B,2026-06-01,14.66,2026-06-15,16,True,False,1,0,0.7801
DLV-00163,LOT-00163,CAR-B,2026-07-13,12.78,2026-07-25,16,True,False,1,0,0.8083
DLV-00164,LOT-00164,CAR-A,2026-06-08,5.58,2026-06-13,16,True,False,1,0,0.9163
DLV-00165,LOT-00165,CAR-B,2026-07-01,14.31,2026-07-15,16,True,False,1,0,0.7854
DLV-00166,LOT-00166,CAR-B,2026-05-18,10.96,2026-05-28,16,True,False,1,0,0.8356
DLV-00167,LOT-00167,CAR-B,2026-05-07,12.07,2026-05-19,16,True,False,1,0,0.819
DLV-00168,LOT-00168,CAR-B,2026-06-22,14.06,2026-07-06,16,True,False,1,0,0.7891
DLV-00169,LOT-00169,CAR-A,2026-07-10,5.77,2026-07-15,16,True,False,1,0,0.9134
DLV-00170,LOT-00170,CAR-B,2026-07-09,15.54,2026-07-24,16,True,False,1,0,0.7669
DLV-00171,LOT-00171,CAR-A,2026-06-06,24.75,2026-06-30,16,False,True,0,1,0.0
DLV-00172,LOT-00172,CAR-A,2026-06-03,3.27,2026-06-06,16,True,False,1,0,0.951
DLV-00173,LOT-00173,CAR-B,2026-05-11,15.55,2026-05-26,16,True,False,1,0,0.7668
DLV-00174,LOT-00174,CAR-B,2026-05-04,14.64,2026-05-18,16,True,False,1,0,0.7804
DLV-00175,LOT-00175,CAR-B,2026-07-11,12.81,2026-07-23,16,True,False,1,0,0.8078
DLV-00176,LOT-00176,CAR-B,2026-06-30,13.64,2026-07-13,16,True,False,1,0,0.7954
DLV-00177,LOT-00177,CAR-A,2026-06-06,3.97,2026-06-09,16,True,False,1,0,0.9404
DLV-00178,LOT-00178,CAR-A,2026-06-15,4.8,2026-06-19,16,True,False,1,0,0.928
DLV-00179,LOT-00179,CAR-B,2026-06-27,12.72,2026-07-09,16,True,False,1,0,0.8092
DLV-00180,LOT-00180,CAR-A,2026-05-11,4.87,2026-05-15,16,True,False,1,0,0.927
DLV-00181,LOT-00181,CAR-A,2026-05-09,17.43,2026-05-26,16,False,True,0,1,0.0
DLV-00182,LOT-00182,CAR-A,2026-07-25,21.16,2026-08-15,16,False,True,0,1,0.0
DLV-00183,LOT-00183,CAR-B,2026-06-14,14.22,2026-06-28,16,True,False,1,0,0.7867
DLV-00184,LOT-00184,CAR-A,2026-06-04,7.73,2026-06-11,16,True,False,1,0,0.884
DLV-00185,LOT-00185,CAR-A,2026-07-23,6.74,2026-07-29,16,True,False,1,0,0.8989
DLV-00186,LOT-00186,CAR-A,2026-07-02,4.97,2026-07-06,16,True,False,1,0,0.9254
DLV-00187,LOT-00187,CAR-A,2026-06-05,3.44,2026-06-08,16,True,False,1,0,0.9484
DLV-00188,LOT-00188,CAR-A,2026-08-02,19.45,2026-08-21,16,False,True,0,1,0.0
DLV-00189,LOT-00189,CAR-A,2026-05-06,6.6,2026-05-12,16,True,False,1,0,0.901
DLV-00190,LOT-00190,CAR-A,2026-08-08,5.66,2026-08-13,16,True,False,1,0,0.9151
DLV-00191,LOT-00191,CAR-A,2026-07-03,21.02,2026-07-24,16,False,True,0,1,0.0
DLV-00192,LOT-00192,CAR-B,2026-07-23,14.1,2026-08-06,16,True,False,1,0,0.7885
DLV-00193,LOT-00193,CAR-A,2026-06-20,25.79,2026-07-15,16,False,True,0,1,0.0
DLV-00194,LOT-00194,CAR-B,2026-07-04,15.39,2026-07-19,16,True,False,1,0,0.7692
DLV-00195,LOT-00195,CAR-B,2026-07-22,13.63,2026-08-04,16,True,False,1,0,0.7956
DLV-00196,LOT-00196,CAR-B,2026-05-26,14.17,2026-06-09,16,True,False,1,0,0.7874
DLV-00197,LOT-00197,CAR-A,2026-07-31,6.02,2026-08-06,16,True,False,1,0,0.9097
DLV-00198,LOT-00198,CAR-A,2026-07-24,14.37,2026-08-07,16,True,False,1,0,0.7844
DLV-00199,LOT-00199,CAR-A,2026-07-01,13.06,2026-07-14,16,True,False,1,0,0.8041
DLV-00200,LOT-00200,CAR-A,2026-06-10,3.97,2026-06-13,16,True,False,1,0,0.9404
DLV-00201,LOT-00201,CAR-A,2026-06-11,19.88,2026-06-30,16,False,True,0,1,0.0
DLV-00202,LOT-00202,CAR-A,2026-08-01,13.73,2026-08-14,16,True,False,1,0,0.794
DLV-00203,LOT-00203,CAR-A,2026-06-09,24.09,2026-07-03,16,False,True,0,1,0.0
DLV-00204,LOT-00204,CAR-B,2026-07-03,12.64,2026-07-15,16,True,False,1,0,0.8104
DLV-00205,LOT-00205,CAR-A,2026-05-24,5.66,2026-05-29,16,True,False,1,0,0.9151
DLV-00206,LOT-00206,CAR-A,2026-05-21,3.88,2026-05-24,16,True,False,1,0,0.9418
DLV-00207,LOT-00207,CAR-B,2026-05-06,14.95,2026-05-20,16,True,False,1,0,0.7758
DLV-00208,LOT-00208,CAR-A,2026-06-13,10.77,2026-06-23,16,True,False,1,0,0.8384
DLV-00209,LOT-00209,CAR-A,2026-06-02,6.91,2026-06-08,16,True,False,1,0,0.8964
DLV-00210,LOT-00210,CAR-A,2026-05-12,3.74,2026-05-15,16,True,False,1,0,0.9439
DLV-00211,LOT-00211,CAR-B,2026-08-07,15.46,2026-08-22,16,True,False,1,0,0.7681
DLV-00212,LOT-00212,CAR-A,2026-06-14,3.83,2026-06-17,16,True,False,1,0,0.9426
DLV-00213,LOT-00213,CAR-A,2026-07-15,5.09,2026-07-20,16,True,False,1,0,0.9236
DLV-00214,LOT-00214,CAR-A,2026-06-21,3.16,2026-06-24,16,True,False,1,0,0.9526
DLV-00215,LOT-00215,CAR-A,2026-05-09,20.3,2026-05-29,16,False,True,0,1,0.0
DLV-00216,LOT-00216,CAR-B,2026-07-31,15.05,2026-08-15,16,True,False,1,0,0.7742
DLV-00217,LOT-00217,CAR-A,2026-06-27,17.08,2026-07-14,16,False,True,0,1,0.0
DLV-00218,LOT-00218,CAR-B,2026-05-04,13.66,2026-05-17,16,True,False,1,0,0.7951
DLV-00219,LOT-00219,CAR-B,2026-05-10,13.38,2026-05-23,16,True,False,1,0,0.7993
DLV-00220,LOT-00220,CAR-A,2026-08-03,5.99,2026-08-08,16,True,False,1,0,0.9102
DLV-00221,LOT-00221,CAR-A,2026-06-17,4.32,2026-06-21,16,True,False,1,0,0.9352
DLV-00222,LOT-00222,CAR-A,2026-07-02,22.36,2026-07-24,16,False,True,0,1,0.0
DLV-00223,LOT-00223,CAR-A,2026-07-05,20.61,2026-07-25,16,False,True,0,1,0.0
DLV-00224,LOT-00224,CAR-A,2026-05-14,8.32,2026-05-22,16,True,False,1,0,0.8752
DLV-00225,LOT-00225,CAR-B,2026-05-22,14.59,2026-06-05,16,True,False,1,0,0.7812
DLV-00226,LOT-00226,CAR-A,2026-08-01,20.75,2026-08-21,16,False,True,0,1,0.0
DLV-00227,LOT-00227,CAR-A,2026-05-18,9.7,2026-05-27,16,True,False,1,0,0.8545
DLV-00228,LOT-00228,CAR-A,2026-06-06,4.05,2026-06-10,16,True,False,1,0,0.9392
DLV-00229,LOT-00229,CAR-A,2026-05-19,13.19,2026-06-01,16,True,False,1,0,0.8022
DLV-00230,LOT-00230,CAR-A,2026-06-15,4.29,2026-06-19,16,True,False,1,0,0.9356
DLV-00231,LOT-00231,CAR-B,2026-05-28,13.92,2026-06-10,16,True,False,1,0,0.7912
DLV-00232,LOT-00232,CAR-B,2026-07-08,13.52,2026-07-21,16,True,False,1,0,0.7972
DLV-00233,LOT-00233,CAR-A,2026-06-30,16.38,2026-07-16,16,False,True,0,1,0.0
DLV-00234,LOT-00234,CAR-B,2026-07-03,15.0,2026-07-18,16,True,False,1,0,0.775
DLV-00235,LOT-00235,CAR-A,2026-05-09,16.27,2026-05-25,16,False,True,0,1,0.0
DLV-00236,LOT-00236,CAR-A,2026-08-08,4.46,2026-08-12,16,True,False,1,0,0.9331
DLV-00237,LOT-00237,CAR-B,2026-07-09,13.92,2026-07-22,16,True,False,1,0,0.7912
DLV-00238,LOT-00238,CAR-A,2026-07-30,3.5,2026-08-02,16,True,False,1,0,0.9475
DLV-00239,LOT-00239,CAR-A,2026-08-04,14.99,2026-08-18,16,True,False,1,0,0.7752
DLV-00240,LOT-00240,CAR-B,2026-06-03,13.29,2026-06-16,16,True,False,1,0,0.8007
DLV-00241,LOT-00241,CAR-A,2026-05-18,23.01,2026-06-10,16,False,True,0,1,0.0
DLV-00242,LOT-00242,CAR-A,2026-06-13,5.61,2026-06-18,16,True,False,1,0,0.9158
DLV-00243,LOT-00243,CAR-B,2026-07-20,15.29,2026-08-04,16,True,False,1,0,0.7707
DLV-00244,LOT-00244,CAR-A,2026-08-01,3.16,2026-08-04,16,True,False,1,0,0.9526
DLV-00245,LOT-00245,CAR-B,2026-07-15,13.6,2026-07-28,16,True,False,1,0,0.796
DLV-00246,LOT-00246,CAR-B,2026-07-17,13.24,2026-07-30,16,True,False,1,0,0.8014
DLV-00247,LOT-00247,CAR-A,2026-06-03,11.44,2026-06-14,16,True,False,1,0,0.8284
DLV-00248,LOT-00248,CAR-B,2026-06-09,15.1,2026-06-24,16,True,False,1,0,0.7735
DLV-00249,LOT-00249,CAR-A,2026-05-23,4.05,2026-05-27,16,True,False,1,0,0.9392
DLV-00250,LOT-00250,CAR-A,2026-05-20,3.65,2026-05-23,16,True,False,1,0,0.9452
DLV-00251,LOT-00251,CAR-A,2026-07-16,22.63,2026-08-07,16,False,True,0,1,0.0
DLV-00252,LOT-00252,CAR-B,2026-06-21,14.74,2026-07-05,16,True,False,1,0,0.7789
DLV-00253,LOT-00253,CAR-A,2026-07-09,5.04,2026-07-14,16,True,False,1,0,0.9244
DLV-00254,LOT-00254,CAR-A,2026-06-19,4.76,2026-06-23,16,True,False,1,0,0.9286
DLV-00255,LOT-00255,CAR-B,2026-05-13,13.76,2026-05-26,16,True,False,1,0,0.7936
DLV-00256,LOT-00256,CAR-A,2026-06-15,6.03,2026-06-21,16,True,False,1,0,0.9096
DLV-00257,LOT-00257,CAR-A,2026-05-04,3.37,2026-05-07,16,True,False,1,0,0.9494
DLV-00258,LOT-00258,CAR-A,2026-05-10,11.66,2026-05-21,16,True,False,1,0,0.8251
DLV-00259,LOT-00259,CAR-B,2026-07-22,15.34,2026-08-06,16,True,False,1,0,0.7699
DLV-00260,LOT-00260,CAR-A,2026-07-14,3.91,2026-07-17,16,True,False,1,0,0.9414
DLV-00261,LOT-00261,CAR-A,2026-07-05,3.54,2026-07-08,16,True,False,1,0,0.9469
DLV-00262,LOT-00262,CAR-B,2026-06-22,12.97,2026-07-04,16,True,False,1,0,0.8054
DLV-00263,LOT-00263,CAR-B,2026-05-25,13.98,2026-06-07,16,True,False,1,0,0.7903
DLV-00264,LOT-00264,CAR-B,2026-06-02,14.94,2026-06-16,16,True,False,1,0,0.7759
DLV-00265,LOT-00265,CAR-A,2026-07-04,6.55,2026-07-10,16,True,False,1,0,0.9018
DLV-00266,LOT-00266,CAR-A,2026-05-05,19.19,2026-05-24,16,False,True,0,1,0.0
DLV-00267,LOT-00267,CAR-B,2026-05-03,12.94,2026-05-15,16,True,False,1,0,0.8059
DLV-00268,LOT-00268,CAR-B,2026-07-14,13.08,2026-07-27,16,True,False,1,0,0.8038
DLV-00269,LOT-00269,CAR-B,2026-06-29,16.72,2026-07-15,16,False,True,0,1,0.0
DLV-00270,LOT-00270,CAR-A,2026-06-19,5.13,2026-06-24,16,True,False,1,0,0.923
DLV-00271,LOT-00271,CAR-A,2026-08-02,14.57,2026-08-16,16,True,False,1,0,0.7814
DLV-00272,LOT-00272,CAR-B,2026-07-06,13.25,2026-07-19,16,True,False,1,0,0.8012
DLV-00273,LOT-00273,CAR-A,2026-07-06,3.21,2026-07-09,16,True,False,1,0,0.9518
DLV-00274,LOT-00274,CAR-A,2026-05-02,3.0,2026-05-05,16,True,False,1,0,0.955
DLV-00275,LOT-00275,CAR-A,2026-06-17,10.76,2026-06-27,16,True,False,1,0,0.8386
DLV-00276,LOT-00276,CAR-B,2026-06-01,15.05,2026-06-16,16,True,False,1,0,0.7742
DLV-00277,LOT-00277,CAR-A,2026-05-25,6.87,2026-05-31,16,True,False,1,0,0.897
DLV-00278,LOT-00278,CAR-B,2026-07-11,15.84,2026-07-26,16,True,False,1,0,0.7624
DLV-00279,LOT-00279,CAR-B,2026-07-08,14.87,2026-07-22,16,True,False,1,0,0.777
DLV-00280,LOT-00280,CAR-A,2026-05-21,16.22,2026-06-06,16,False,True,0,1,0.0
DLV-00281,LOT-00281,CAR-B,2026-07-05,15.24,2026-07-20,16,True,False,1,0,0.7714
DLV-00282,LOT-00282,CAR-A,2026-06-29,4.04,2026-07-03,16,True,False,1,0,0.9394
DLV-00283,LOT-00283,CAR-B,2026-05-14,13.9,2026-05-27,16,True,False,1,0,0.7915
DLV-00284,LOT-00284,CAR-B,2026-06-08,15.22,2026-06-23,16,True,False,1,0,0.7717
DLV-00285,LOT-00285,CAR-A,2026-06-18,5.91,2026-06-23,16,True,False,1,0,0.9114
DLV-00286,LOT-00286,CAR-A,2026-06-18,25.83,2026-07-13,16,False,True,0,1,0.0
DLV-00287,LOT-00287,CAR-A,2026-05-14,3.43,2026-05-17,16,True,False,1,0,0.9486
DLV-00288,LOT-00288,CAR-B,2026-08-08,12.78,2026-08-20,16,True,False,1,0,0.8083
DLV-00289,LOT-00289,CAR-B,2026-05-18,14.77,2026-06-01,16,True,False,1,0,0.7784
DLV-00290,LOT-00290,CAR-A,2026-07-21,6.44,2026-07-27,16,True,False,1,0,0.9034
DLV-00291,LOT-00291,CAR-A,2026-05-29,18.31,2026-06-16,16,False,True,0,1,0.0
DLV-00292,LOT-00292,CAR-B,2026-05-27,15.81,2026-06-11,16,True,False,1,0,0.7628
DLV-00293,LOT-00293,CAR-B,2026-06-19,15.31,2026-07-04,16,True,False,1,0,0.7704
DLV-00294,LOT-00294,CAR-A,2026-06-27,19.12,2026-07-16,16,False,True,0,1,0.0
DLV-00295,LOT-00295,CAR-A,2026-07-26,5.01,2026-07-31,16,True,False,1,0,0.9248
DLV-00296,LOT-00296,CAR-B,2026-06-06,15.51,2026-06-21,16,True,False,1,0,0.7674
DLV-00297,LOT-00297,CAR-B,2026-06-01,15.71,2026-06-16,16,True,False,1,0,0.7644
DLV-00298,LOT-00298,CAR-A,2026-06-16,6.45,2026-06-22,16,True,False,1,0,0.9032
DLV-00299,LOT-00299,CAR-A,2026-07-24,3.0,2026-07-27,16,True,False,1,0,0.955
DLV-00300,LOT-00300,CAR-A,2026-06-29,3.36,2026-07-02,16,True,False,1,0,0.9496
DLV-00301,LOT-00301,CAR-A,2026-06-20,16.3,2026-07-06,16,False,True,0,1,0.0
DLV-00302,LOT-00302,CAR-B,2026-06-04,14.29,2026-06-18,16,True,False,1,0,0.7856
DLV-00303,LOT-00303,CAR-B,2026-07-02,13.31,2026-07-15,16,True,False,1,0,0.8004
DLV-00304,LOT-00304,CAR-B,2026-07-01,13.29,2026-07-14,16,True,False,1,0,0.8007
DLV-00305,LOT-00305,CAR-A,2026-06-13,11.5,2026-06-24,16,True,False,1,0,0.8275
DLV-00306,LOT-00306,CAR-A,2026-05-09,18.85,2026-05-27,16,False,True,0,1,0.0
DLV-00307,LOT-00307,CAR-B,2026-05-04,14.09,2026-05-18,16,True,False,1,0,0.7887
DLV-00308,LOT-00308,CAR-B,2026-08-06,13.58,2026-08-19,16,True,False,1,0,0.7963
DLV-00309,LOT-00309,CAR-B,2026-07-29,13.9,2026-08-11,16,True,False,1,0,0.7915
DLV-00310,LOT-00310,CAR-B,2026-08-01,12.58,2026-08-13,16,True,False,1,0,0.8113
DLV-00311,LOT-00311,CAR-A,2026-06-14,3.84,2026-06-17,16,True,False,1,0,0.9424
DLV-00312,LOT-00312,CAR-A,2026-05-04,5.01,2026-05-09,16,True,False,1,0,0.9248
DLV-00313,LOT-00313,CAR-A,2026-07-07,5.85,2026-07-12,16,True,False,1,0,0.9122
DLV-00314,LOT-00314,CAR-A,2026-06-14,5.39,2026-06-19,16,True,False,1,0,0.9192
DLV-00315,LOT-00315,CAR-A,2026-06-29,16.33,2026-07-15,16,False,True,0,1,0.0
DLV-00316,LOT-00316,CAR-A,2026-06-30,4.81,2026-07-04,16,True,False,1,0,0.9278
DLV-00317,LOT-00317,CAR-A,2026-07-15,21.44,2026-08-05,16,False,True,0,1,0.0
DLV-00318,LOT-00318,CAR-B,2026-05-06,14.11,2026-05-20,16,True,False,1,0,0.7884
DLV-00319,LOT-00319,CAR-A,2026-06-05,8.25,2026-06-13,16,True,False,1,0,0.8762
DLV-00320,LOT-00320,CAR-B,2026-06-17,15.48,2026-07-02,16,True,False,1,0,0.7678
DLV-00321,LOT-00321,CAR-A,2026-06-01,23.0,2026-06-24,16,False,True,0,1,0.0
DLV-00322,LOT-00322,CAR-B,2026-05-31,14.28,2026-06-14,16,True,False,1,0,0.7858
DLV-00323,LOT-00323,CAR-B,2026-06-10,12.56,2026-06-22,16,True,False,1,0,0.8116
DLV-00324,LOT-00324,CAR-B,2026-06-12,14.38,2026-06-26,16,True,False,1,0,0.7843
DLV-00325,LOT-00325,CAR-B,2026-06-19,15.05,2026-07-04,16,True,False,1,0,0.7742
DLV-00326,LOT-00326,CAR-B,2026-05-15,15.04,2026-05-30,16,True,False,1,0,0.7744
DLV-00327,LOT-00327,CAR-B,2026-06-21,14.69,2026-07-05,16,True,False,1,0,0.7796
DLV-00328,LOT-00328,CAR-A,2026-07-04,5.47,2026-07-09,16,True,False,1,0,0.918
DLV-00329,LOT-00329,CAR-B,2026-06-12,13.64,2026-06-25,16,True,False,1,0,0.7954
DLV-00330,LOT-00330,CAR-A,2026-06-27,6.47,2026-07-03,16,True,False,1,0,0.903
DLV-00331,LOT-00331,CAR-B,2026-06-21,14.97,2026-07-05,16,True,False,1,0,0.7754
DLV-00332,LOT-00332,CAR-A,2026-05-22,5.4,2026-05-27,16,True,False,1,0,0.919
DLV-00333,LOT-00333,CAR-A,2026-06-22,5.6,2026-06-27,16,True,False,1,0,0.916
DLV-00334,LOT-00334,CAR-A,2026-07-16,29.66,2026-08-14,16,False,True,0,1,0.0
DLV-00335,LOT-00335,CAR-B,2026-05-23,14.26,2026-06-06,16,True,False,1,0,0.7861
DLV-00336,LOT-00336,CAR-A,2026-05-26,5.41,2026-05-31,16,True,False,1,0,0.9188
DLV-00337,LOT-00337,CAR-A,2026-05-04,18.27,2026-05-22,16,False,True,0,1,0.0
DLV-00338,LOT-00338,CAR-A,2026-07-31,4.86,2026-08-04,16,True,False,1,0,0.9271
DLV-00339,LOT-00339,CAR-B,2026-07-16,14.21,2026-07-30,16,True,False,1,0,0.7869
DLV-00340,LOT-00340,CAR-A,2026-07-16,4.64,2026-07-20,16,True,False,1,0,0.9304
DLV-00341,LOT-00341,CAR-A,2026-06-24,26.34,2026-07-20,16,False,True,0,1,0.0
DLV-00342,LOT-00342,CAR-A,2026-05-07,24.17,2026-05-31,16,False,True,0,1,0.0
DLV-00343,LOT-00343,CAR-B,2026-08-05,13.18,2026-08-18,16,True,False,1,0,0.8023
DLV-00344,LOT-00344,CAR-B,2026-05-18,13.57,2026-05-31,16,True,False,1,0,0.7964
DLV-00345,LOT-00345,CAR-B,2026-06-29,13.24,2026-07-12,16,True,False,1,0,0.8014
DLV-00346,LOT-00346,CAR-A,2026-06-08,5.23,2026-06-13,16,True,False,1,0,0.9216
DLV-00347,LOT-00347,CAR-B,2026-05-06,13.89,2026-05-19,16,True,False,1,0,0.7916
DLV-00348,LOT-00348,CAR-B,2026-07-10,15.41,2026-07-25,16,True,False,1,0,0.7688
DLV-00349,LOT-00349,CAR-B,2026-07-16,13.12,2026-07-29,16,True,False,1,0,0.8032
DLV-00350,LOT-00350,CAR-B,2026-08-06,15.6,2026-08-21,16,True,False,1,0,0.766
DLV-00351,LOT-00351,CAR-B,2026-05-09,13.42,2026-05-22,16,True,False,1,0,0.7987
DLV-00352,LOT-00352,CAR-A,2026-05-13,4.44,2026-05-17,16,True,False,1,0,0.9334
DLV-00353,LOT-00353,CAR-A,2026-07-06,23.56,2026-07-29,16,False,True,0,1,0.0
DLV-00354,LOT-00354,CAR-B,2026-07-15,12.77,2026-07-27,16,True,False,1,0,0.8084
DLV-00355,LOT-00355,CAR-A,2026-06-27,17.76,2026-07-14,16,False,True,0,1,0.0
DLV-00356,LOT-00356,CAR-A,2026-05-10,6.17,2026-05-16,16,True,False,1,0,0.9074
DLV-00357,LOT-00357,CAR-B,2026-07-20,12.57,2026-08-01,16,True,False,1,0,0.8114
DLV-00358,LOT-00358,CAR-B,2026-07-05,14.22,2026-07-19,16,True,False,1,0,0.7867
DLV-00359,LOT-00359,CAR-A,2026-08-01,4.62,2026-08-05,16,True,False,1,0,0.9307
DLV-00360,LOT-00360,CAR-A,2026-07-12,4.29,2026-07-16,16,True,False,1,0,0.9356
DLV-00361,LOT-00361,CAR-A,2026-05-01,6.84,2026-05-07,16,True,False,1,0,0.8974
DLV-00362,LOT-00362,CAR-A,2026-08-05,19.75,2026-08-24,16,False,True,0,1,0.0
DLV-00363,LOT-00363,CAR-B,2026-07-27,14.28,2026-08-10,16,True,False,1,0,0.7858
DLV-00364,LOT-00364,CAR-A,2026-08-03,19.63,2026-08-22,16,False,True,0,1,0.0
DLV-00365,LOT-00365,CAR-B,2026-05-11,12.23,2026-05-23,16,True,False,1,0,0.8166
DLV-00366,LOT-00366,CAR-B,2026-06-23,16.42,2026-07-09,16,False,True,0,1,0.0
DLV-00367,LOT-00367,CAR-B,2026-06-19,14.0,2026-07-03,16,True,False,1,0,0.79
DLV-00368,LOT-00368,CAR-B,2026-07-09,12.71,2026-07-21,16,True,False,1,0,0.8094
DLV-00369,LOT-00369,CAR-B,2026-07-29,14.68,2026-08-12,16,True,False,1,0,0.7798
DLV-00370,LOT-00370,CAR-A,2026-06-04,6.79,2026-06-10,16,True,False,1,0,0.8982
DLV-00371,LOT-00371,CAR-A,2026-05-05,10.94,2026-05-15,16,True,False,1,0,0.8359
DLV-00372,LOT-00372,CAR-B,2026-06-04,14.02,2026-06-18,16,True,False,1,0,0.7897
DLV-00373,LOT-00373,CAR-B,2026-07-23,14.77,2026-08-06,16,True,False,1,0,0.7784
DLV-00374,LOT-00374,CAR-A,2026-05-13,13.62,2026-05-26,16,True,False,1,0,0.7957
DLV-00375,LOT-00375,CAR-A,2026-05-29,13.28,2026-06-11,16,True,False,1,0,0.8008
DLV-00376,LOT-00376,CAR-A,2026-06-11,29.46,2026-07-10,16,False,True,0,1,0.0
DLV-00377,LOT-00377,CAR-B,2026-05-01,13.93,2026-05-14,16,True,False,1,0,0.791
DLV-00378,LOT-00378,CAR-A,2026-07-29,5.76,2026-08-03,16,True,False,1,0,0.9136
DLV-00379,LOT-00379,CAR-A,2026-07-30,4.99,2026-08-03,16,True,False,1,0,0.9252
DLV-00380,LOT-00380,CAR-A,2026-05-13,6.25,2026-05-19,16,True,False,1,0,0.9062
DLV-00381,LOT-00381,CAR-A,2026-07-31,11.22,2026-08-11,16,True,False,1,0,0.8317
DLV-00382,LOT-00382,CAR-B,2026-06-28,13.57,2026-07-11,16,True,False,1,0,0.7964
DLV-00383,LOT-00383,CAR-B,2026-07-24,14.53,2026-08-07,16,True,False,1,0,0.782
DLV-00384,LOT-00384,CAR-B,2026-05-15,12.44,2026-05-27,16,True,False,1,0,0.8134
DLV-00385,LOT-00385,CAR-A,2026-08-07,17.64,2026-08-24,16,False,True,0,1,0.0
DLV-00386,LOT-00386,CAR-A,2026-05-12,9.03,2026-05-21,16,True,False,1,0,0.8646
DLV-00387,LOT-00387,CAR-B,2026-07-13,14.9,2026-07-27,16,True,False,1,0,0.7765
DLV-00388,LOT-00388,CAR-A,2026-08-08,7.47,2026-08-15,16,True,False,1,0,0.888
DLV-00389,LOT-00389,CAR-A,2026-05-21,3.74,2026-05-24,16,True,False,1,0,0.9439
DLV-00390,LOT-00390,CAR-B,2026-07-04,14.2,2026-07-18,16,True,False,1,0,0.787
DLV-00391,LOT-00391,CAR-A,2026-08-07,21.39,2026-08-28,16,False,True,0,1,0.0
DLV-00392,LOT-00392,CAR-A,2026-05-12,5.19,2026-05-17,16,True,False,1,0,0.9222
DLV-00393,LOT-00393,CAR-A,2026-07-30,4.71,2026-08-03,16,True,False,1,0,0.9294
DLV-00394,LOT-00394,CAR-B,2026-07-23,12.56,2026-08-04,16,True,False,1,0,0.8116
DLV-00395,LOT-00395,CAR-B,2026-08-04,14.92,2026-08-18,16,True,False,1,0,0.7762
DLV-00396,LOT-00396,CAR-B,2026-05-09,14.49,2026-05-23,16,True,False,1,0,0.7827
DLV-00397,LOT-00397,CAR-B,2026-05-28,13.44,2026-06-10,16,True,False,1,0,0.7984
DLV-00398,LOT-00398,CAR-A,2026-05-21,4.57,2026-05-25,16,True,False,1,0,0.9314
DLV-00399,LOT-00399,CAR-A,2026-07-06,3.0,2026-07-09,16,True,False,1,0,0.955
DLV-00400,LOT-00400,CAR-B,2026-05-29,14.34,2026-06-12,16,True,False,1,0,0.7849
DLV-00401,LOT-00401,CAR-B,2026-07-18,13.7,2026-07-31,16,True,False,1,0,0.7945
DLV-00402,LOT-00402,CAR-A,2026-08-03,11.52,2026-08-14,16,True,False,1,0,0.8272
DLV-00403,LOT-00403,CAR-B,2026-05-25,15.17,2026-06-09,16,True,False,1,0,0.7724
DLV-00404,LOT-00404,CAR-A,2026-07-14,26.27,2026-08-09,16,False,True,0,1,0.0
DLV-00405,LOT-00405,CAR-A,2026-08-04,4.78,2026-08-08,16,True,False,1,0,0.9283
DLV-00406,LOT-00406,CAR-B,2026-06-20,13.94,2026-07-03,16,True,False,1,0,0.7909
DLV-00407,LOT-00407,CAR-B,2026-05-06,14.5,2026-05-20,16,True,False,1,0,0.7825
DLV-00408,LOT-00408,CAR-A,2026-05-19,23.12,2026-06-11,16,False,True,0,1,0.0
DLV-00409,LOT-00409,CAR-B,2026-06-18,12.98,2026-06-30,16,True,False,1,0,0.8053
DLV-00410,LOT-00410,CAR-A,2026-05-28,25.01,2026-06-22,16,False,True,0,1,0.0
DLV-00411,LOT-00411,CAR-A,2026-05-29,3.38,2026-06-01,16,True,False,1,0,0.9493
DLV-00412,LOT-00412,CAR-A,2026-05-11,17.92,2026-05-28,16,False,True,0,1,0.0
DLV-00413,LOT-00413,CAR-A,2026-05-23,4.39,2026-05-27,16,True,False,1,0,0.9342
DLV-00414,LOT-00414,CAR-A,2026-07-22,24.31,2026-08-15,16,False,True,0,1,0.0
DLV-00415,LOT-00415,CAR-B,2026-06-11,12.55,2026-06-23,16,True,False,1,0,0.8118
DLV-00416,LOT-00416,CAR-B,2026-05-06,12.47,2026-05-18,16,True,False,1,0,0.813
DLV-00417,LOT-00417,CAR-A,2026-08-05,3.0,2026-08-08,16,True,False,1,0,0.955
DLV-00418,LOT-00418,CAR-A,2026-06-29,24.16,2026-07-23,16,False,True,0,1,0.0
DLV-00419,LOT-00419,CAR-A,2026-05-06,6.43,2026-05-12,16,True,False,1,0,0.9036
DLV-00420,LOT-00420,CAR-A,2026-05-28,21.02,2026-06-18,16,False,True,0,1,0.0
DLV-00421,LOT-00421,CAR-B,2026-07-13,11.93,2026-07-24,16,True,False,1,0,0.821
DLV-00422,LOT-00422,CAR-A,2026-07-11,17.77,2026-07-28,16,False,True,0,1,0.0
DLV-00423,LOT-00423,CAR-A,2026-05-08,12.75,2026-05-20,16,True,False,1,0,0.8088
DLV-00424,LOT-00424,CAR-B,2026-07-02,13.78,2026-07-15,16,True,False,1,0,0.7933
DLV-00425,LOT-00425,CAR-B,2026-05-22,12.47,2026-06-03,16,True,False,1,0,0.813
DLV-00426,LOT-00426,CAR-A,2026-06-11,6.7,2026-06-17,16,True,False,1,0,0.8995
DLV-00427,LOT-00427,CAR-B,2026-06-02,13.27,2026-06-15,16,True,False,1,0,0.801
DLV-00428,LOT-00428,CAR-A,2026-06-11,14.74,2026-06-25,16,True,False,1,0,0.7789
DLV-00429,LOT-00429,CAR-A,2026-06-23,6.3,2026-06-29,16,True,False,1,0,0.9055
DLV-00430,LOT-00430,CAR-B,2026-05-25,13.45,2026-06-07,16,True,False,1,0,0.7982
DLV-00431,LOT-00431,CAR-A,2026-05-01,5.74,2026-05-06,16,True,False,1,0,0.9139
DLV-00432,LOT-00432,CAR-B,2026-05-18,14.31,2026-06-01,16,True,False,1,0,0.7854
DLV-00433,LOT-00433,CAR-B,2026-06-25,14.18,2026-07-09,16,True,False,1,0,0.7873
DLV-00434,LOT-00434,CAR-B,2026-05-20,13.67,2026-06-02,16,True,False,1,0,0.795
DLV-00435,LOT-00435,CAR-A,2026-05-05,19.82,2026-05-24,16,False,True,0,1,0.0
DLV-00436,LOT-00436,CAR-A,2026-06-26,4.77,2026-06-30,16,True,False,1,0,0.9284
DLV-00437,LOT-00437,CAR-A,2026-05-30,5.87,2026-06-04,16,True,False,1,0,0.912
DLV-00438,LOT-00438,CAR-A,2026-07-16,4.62,2026-07-20,16,True,False,1,0,0.9307
DLV-00439,LOT-00439,CAR-A,2026-07-21,5.9,2026-07-26,16,True,False,1,0,0.9115
DLV-00440,LOT-00440,CAR-B,2026-06-03,14.11,2026-06-17,16,True,False,1,0,0.7884
DLV-00441,LOT-00441,CAR-A,2026-07-27,20.24,2026-08-16,16,False,True,0,1,0.0
DLV-00442,LOT-00442,CAR-B,2026-06-17,13.69,2026-06-30,16,True,False,1,0,0.7947
DLV-00443,LOT-00443,CAR-B,2026-06-29,12.44,2026-07-11,16,True,False,1,0,0.8134
DLV-00444,LOT-00444,CAR-B,2026-08-07,13.59,2026-08-20,16,True,False,1,0,0.7962
DLV-00445,LOT-00445,CAR-A,2026-07-31,23.3,2026-08-23,16,False,True,0,1,0.0
DLV-00446,LOT-00446,CAR-A,2026-07-17,19.31,2026-08-05,16,False,True,0,1,0.0
DLV-00447,LOT-00447,CAR-B,2026-07-22,13.52,2026-08-04,16,True,False,1,0,0.7972
DLV-00448,LOT-00448,CAR-A,2026-05-09,5.25,2026-05-14,16,True,False,1,0,0.9212
DLV-00449,LOT-00449,CAR-B,2026-06-21,16.03,2026-07-07,16,False,True,0,1,0.0
DLV-00450,LOT-00450,CAR-B,2026-06-15,14.11,2026-06-29,16,True,False,1,0,0.7884
DLV-00451,LOT-00451,CAR-A,2026-08-04,5.69,2026-08-09,16,True,False,1,0,0.9146
DLV-00452,LOT-00452,CAR-B,2026-07-24,12.87,2026-08-05,16,True,False,1,0,0.807
DLV-00453,LOT-00453,CAR-B,2026-05-21,14.27,2026-06-04,16,True,False,1,0,0.786
DLV-00454,LOT-00454,CAR-A,2026-07-05,16.36,2026-07-21,16,False,True,0,1,0.0
DLV-00455,LOT-00455,CAR-A,2026-05-11,15.22,2026-05-26,16,True,False,1,0,0.7717
DLV-00456,LOT-00456,CAR-A,2026-05-05,4.97,2026-05-09,16,True,False,1,0,0.9254
DLV-00457,LOT-00457,CAR-A,2026-06-05,4.97,2026-06-09,16,True,False,1,0,0.9254
DLV-00458,LOT-00458,CAR-A,2026-06-01,4.43,2026-06-05,16,True,False,1,0,0.9336
DLV-00459,LOT-00459,CAR-A,2026-08-04,5.49,2026-08-09,16,True,False,1,0,0.9176
DLV-00460,LOT-00460,CAR-A,2026-06-12,5.73,2026-06-17,16,True,False,1,0,0.914
DLV-00461,LOT-00461,CAR-B,2026-05-01,13.64,2026-05-14,16,True,False,1,0,0.7954
DLV-00462,LOT-00462,CAR-A,2026-07-16,5.67,2026-07-21,16,True,False,1,0,0.915
DLV-00463,LOT-00463,CAR-B,2026-05-30,13.01,2026-06-12,16,True,False,1,0,0.8049
DLV-00464,LOT-00464,CAR-B,2026-06-17,14.55,2026-07-01,16,True,False,1,0,0.7817
DLV-00465,LOT-00465,CAR-B,2026-06-21,13.21,2026-07-04,16,True,False,1,0,0.8018
DLV-00466,LOT-00466,CAR-A,2026-05-09,5.54,2026-05-14,16,True,False,1,0,0.9169
DLV-00467,LOT-00467,CAR-B,2026-07-01,13.85,2026-07-14,16,True,False,1,0,0.7922
DLV-00468,LOT-00468,CAR-B,2026-08-07,13.4,2026-08-20,16,True,False,1,0,0.799
DLV-00469,LOT-00469,CAR-B,2026-05-13,13.52,2026-05-26,16,True,False,1,0,0.7972
DLV-00470,LOT-00470,CAR-B,2026-07-01,14.38,2026-07-15,16,True,False,1,0,0.7843
DLV-00471,LOT-00471,CAR-A,2026-07-16,6.31,2026-07-22,16,True,False,1,0,0.9054
DLV-00472,LOT-00472,CAR-A,2026-07-01,4.09,2026-07-05,16,True,False,1,0,0.9386
DLV-00473,LOT-00473,CAR-A,2026-07-11,6.19,2026-07-17,16,True,False,1,0,0.9072
DLV-00474,LOT-00474,CAR-B,2026-05-10,13.49,2026-05-23,16,True,False,1,0,0.7976
DLV-00475,LOT-00475,CAR-B,2026-05-27,11.66,2026-06-07,16,True,False,1,0,0.8251
DLV-00476,LOT-00476,CAR-B,2026-05-29,16.22,2026-06-14,16,False,True,0,1,0.0
DLV-00477,LOT-00477,CAR-B,2026-06-09,13.3,2026-06-22,16,True,False,1,0,0.8005
DLV-00478,LOT-00478,CAR-B,2026-05-25,16.11,2026-06-10,16,False,True,0,1,0.0
DLV-00479,LOT-00479,CAR-B,2026-05-19,14.97,2026-06-02,16,True,False,1,0,0.7754
DLV-00480,LOT-00480,CAR-B,2026-05-31,15.36,2026-06-15,16,True,False,1,0,0.7696
DLV-00481,LOT-00481,CAR-A,2026-05-15,3.76,2026-05-18,16,True,False,1,0,0.9436
DLV-00482,LOT-00482,CAR-A,2026-05-01,6.56,2026-05-07,16,True,False,1,0,0.9016
DLV-00483,LOT-00483,CAR-A,2026-06-24,17.33,2026-07-11,16,False,True,0,1,0.0
DLV-00484,LOT-00484,CAR-B,2026-07-21,14.58,2026-08-04,16,True,False,1,0,0.7813
DLV-00485,LOT-00485,CAR-A,2026-07-15,4.46,2026-07-19,16,True,False,1,0,0.9331
DLV-00486,LOT-00486,CAR-B,2026-07-28,13.32,2026-08-10,16,True,False,1,0,0.8002
DLV-00487,LOT-00487,CAR-B,2026-07-30,12.89,2026-08-11,16,True,False,1,0,0.8066
DLV-00488,LOT-00488,CAR-A,2026-08-05,4.26,2026-08-09,16,True,False,1,0,0.9361
DLV-00489,LOT-00489,CAR-A,2026-08-07,7.2,2026-08-14,16,True,False,1,0,0.892
DLV-00490,LOT-00490,CAR-A,2026-08-01,5.09,2026-08-06,16,True,False,1,0,0.9236
DLV-00491,LOT-00491,CAR-B,2026-05-05,13.64,2026-05-18,16,True,False,1,0,0.7954
DLV-00492,LOT-00492,CAR-B,2026-07-30,15.73,2026-08-14,16,True,False,1,0,0.764
DLV-00493,LOT-00493,CAR-B,2026-05-02,12.96,2026-05-14,16,True,False,1,0,0.8056
DLV-00494,LOT-00494,CAR-A,2026-06-07,27.87,2026-07-04,16,False,True,0,1,0.0
DLV-00495,LOT-00495,CAR-B,2026-07-11,13.79,2026-07-24,16,True,False,1,0,0.7932
DLV-00496,LOT-00496,CAR-B,2026-07-01,14.19,2026-07-15,16,True,False,1,0,0.7872
DLV-00497,LOT-00497,CAR-B,2026-05-22,15.82,2026-06-06,16,True,False,1,0,0.7627
DLV-00498,LOT-00498,CAR-A,2026-05-09,6.17,2026-05-15,16,True,False,1,0,0.9074
DLV-00499,LOT-00499,CAR-B,2026-05-08,14.2,2026-05-22,16,True,False,1,0,0.787
DLV-00500,LOT-00500,CAR-A,2026-06-01,30.96,2026-07-01,16,False,True,0,1,0.0
DLV-00501,LOT-00501,CAR-A,2026-05-07,15.27,2026-05-22,16,True,False,1,0,0.771
DLV-00502,LOT-00502,CAR-A,2026-06-21,6.84,2026-06-27,16,True,False,1,0,0.8974
DLV-00503,LOT-00503,CAR-A,2026-06-20,6.21,2026-06-26,16,True,False,1,0,0.9068
DLV-00504,LOT-00504,CAR-A,2026-06-12,4.17,2026-06-16,16,True,False,1,0,0.9374
DLV-00505,LOT-00505,CAR-A,2026-06-25,6.58,2026-07-01,16,True,False,1,0,0.9013
DLV-00506,LOT-00506,CAR-A,2026-08-04,4.31,2026-08-08,16,True,False,1,0,0.9354
DLV-00507,LOT-00507,CAR-A,2026-05-10,21.49,2026-05-31,16,False,True,0,1,0.0
DLV-00508,LOT-00508,CAR-B,2026-05-11,13.6,2026-05-24,16,True,False,1,0,0.796
DLV-00509,LOT-00509,CAR-B,2026-07-30,15.22,2026-08-14,16,True,False,1,0,0.7717
DLV-00510,LOT-00510,CAR-A,2026-05-31,28.27,2026-06-28,16,False,True,0,1,0.0
DLV-00511,LOT-00511,CAR-B,2026-07-16,14.98,2026-07-30,16,True,False,1,0,0.7753
DLV-00512,LOT-00512,CAR-B,2026-06-26,12.57,2026-07-08,16,True,False,1,0,0.8114
DLV-00513,LOT-00513,CAR-A,2026-05-26,3.0,2026-05-29,16,True,False,1,0,0.955
DLV-00514,LOT-00514,CAR-A,2026-05-23,4.02,2026-05-27,16,True,False,1,0,0.9397
DLV-00515,LOT-00515,CAR-B,2026-05-18,15.15,2026-06-02,16,True,False,1,0,0.7728
DLV-00516,LOT-00516,CAR-B,2026-06-28,12.61,2026-07-10,16,True,False,1,0,0.8109
DLV-00517,LOT-00517,CAR-A,2026-06-01,5.32,2026-06-06,16,True,False,1,0,0.9202
DLV-00518,LOT-00518,CAR-A,2026-05-30,26.09,2026-06-25,16,False,True,0,1,0.0
DLV-00519,LOT-00519,CAR-B,2026-07-25,13.54,2026-08-07,16,True,False,1,0,0.7969
DLV-00520,LOT-00520,CAR-A,2026-06-20,18.98,2026-07-08,16,False,True,0,1,0.0
DLV-00521,LOT-00521,CAR-B,2026-07-13,12.82,2026-07-25,16,True,False,1,0,0.8077
DLV-00522,LOT-00522,CAR-B,2026-05-26,14.56,2026-06-09,16,True,False,1,0,0.7816
DLV-00523,LOT-00523,CAR-A,2026-05-14,14.94,2026-05-28,16,True,False,1,0,0.7759
DLV-00524,LOT-00524,CAR-A,2026-07-21,13.11,2026-08-03,16,True,False,1,0,0.8034
DLV-00525,LOT-00525,CAR-B,2026-07-15,13.18,2026-07-28,16,True,False,1,0,0.8023
DLV-00526,LOT-00526,CAR-B,2026-07-08,12.98,2026-07-20,16,True,False,1,0,0.8053
DLV-00527,LOT-00527,CAR-B,2026-07-27,14.7,2026-08-10,16,True,False,1,0,0.7795
DLV-00528,LOT-00528,CAR-B,2026-07-20,13.79,2026-08-02,16,True,False,1,0,0.7932
DLV-00529,LOT-00529,CAR-A,2026-08-02,33.74,2026-09-04,16,False,True,0,1,0.0
DLV-00530,LOT-00530,CAR-A,2026-05-03,5.35,2026-05-08,16,True,False,1,0,0.9198
DLV-00531,LOT-00531,CAR-A,2026-07-17,7.73,2026-07-24,16,True,False,1,0,0.884
DLV-00532,LOT-00532,CAR-B,2026-05-15,13.32,2026-05-28,16,True,False,1,0,0.8002
DLV-00533,LOT-00533,CAR-A,2026-08-01,6.99,2026-08-07,16,True,False,1,0,0.8952
DLV-00534,LOT-00534,CAR-A,2026-05-12,6.92,2026-05-18,16,True,False,1,0,0.8962
DLV-00535,LOT-00535,CAR-A,2026-07-07,26.76,2026-08-02,16,False,True,0,1,0.0
DLV-00536,LOT-00536,CAR-A,2026-08-08,7.15,2026-08-15,16,True,False,1,0,0.8928
DLV-00537,LOT-00537,CAR-A,2026-05-27,23.14,2026-06-19,16,False,True,0,1,0.0
DLV-00538,LOT-00538,CAR-A,2026-07-01,12.91,2026-07-13,16,True,False,1,0,0.8064
DLV-00539,LOT-00539,CAR-A,2026-05-27,4.62,2026-05-31,16,True,False,1,0,0.9307
DLV-00540,LOT-00540,CAR-B,2026-05-22,14.55,2026-06-05,16,True,False,1,0,0.7817
DLV-00541,LOT-00541,CAR-A,2026-07-19,29.17,2026-08-17,16,False,True,0,1,0.0
DLV-00542,LOT-00542,CAR-B,2026-06-07,14.99,2026-06-21,16,True,False,1,0,0.7752
DLV-00543,LOT-00543,CAR-B,2026-06-05,15.23,2026-06-20,16,True,False,1,0,0.7716
DLV-00544,LOT-00544,CAR-B,2026-08-03,14.73,2026-08-17,16,True,False,1,0,0.779
DLV-00545,LOT-00545,CAR-A,2026-06-11,3.0,2026-06-14,16,True,False,1,0,0.955
DLV-00546,LOT-00546,CAR-B,2026-05-24,13.42,2026-06-06,16,True,False,1,0,0.7987
DLV-00547,LOT-00547,CAR-B,2026-05-15,15.98,2026-05-30,16,True,False,1,0,0.7603
DLV-00548,LOT-00548,CAR-B,2026-05-25,14.28,2026-06-08,16,True,False,1,0,0.7858
DLV-00549,LOT-00549,CAR-A,2026-05-31,4.81,2026-06-04,16,True,False,1,0,0.9278
DLV-00550,LOT-00550,CAR-B,2026-07-19,14.25,2026-08-02,16,True,False,1,0,0.7862
DLV-00551,LOT-00551,CAR-B,2026-06-21,13.99,2026-07-04,16,True,False,1,0,0.7902
DLV-00552,LOT-00552,CAR-A,2026-05-04,6.14,2026-05-10,16,True,False,1,0,0.9079
DLV-00553,LOT-00553,CAR-B,2026-07-31,15.5,2026-08-15,16,True,False,1,0,0.7675
DLV-00554,LOT-00554,CAR-B,2026-07-18,13.95,2026-07-31,16,True,False,1,0,0.7908
DLV-00555,LOT-00555,CAR-A,2026-05-13,5.8,2026-05-18,16,True,False,1,0,0.913
DLV-00556,LOT-00556,CAR-A,2026-06-09,4.56,2026-06-13,16,True,False,1,0,0.9316
DLV-00557,LOT-00557,CAR-B,2026-07-11,14.08,2026-07-25,16,True,False,1,0,0.7888
DLV-00558,LOT-00558,CAR-A,2026-05-04,19.96,2026-05-23,16,False,True,0,1,0.0
DLV-00559,LOT-00559,CAR-A,2026-08-07,4.57,2026-08-11,16,True,False,1,0,0.9314
DLV-00560,LOT-00560,CAR-A,2026-06-25,17.24,2026-07-12,16,False,True,0,1,0.0
DLV-00561,LOT-00561,CAR-B,2026-05-20,14.56,2026-06-03,16,True,False,1,0,0.7816
DLV-00562,LOT-00562,CAR-A,2026-06-17,18.99,2026-07-05,16,False,True,0,1,0.0
DLV-00563,LOT-00563,CAR-A,2026-07-10,14.14,2026-07-24,16,True,False,1,0,0.7879
DLV-00564,LOT-00564,CAR-B,2026-05-17,14.45,2026-05-31,16,True,False,1,0,0.7832
DLV-00565,LOT-00565,CAR-B,2026-07-09,14.1,2026-07-23,16,True,False,1,0,0.7885
DLV-00566,LOT-00566,CAR-B,2026-07-16,13.1,2026-07-29,16,True,False,1,0,0.8035
DLV-00567,LOT-00567,CAR-A,2026-07-15,11.29,2026-07-26,16,True,False,1,0,0.8306
DLV-00568,LOT-00568,CAR-A,2026-07-02,31.71,2026-08-02,16,False,True,0,1,0.0
DLV-00569,LOT-00569,CAR-B,2026-06-12,14.66,2026-06-26,16,True,False,1,0,0.7801
DLV-00570,LOT-00570,CAR-A,2026-05-07,16.22,2026-05-23,16,False,True,0,1,0.0
DLV-00571,LOT-00571,CAR-B,2026-06-29,13.86,2026-07-12,16,True,False,1,0,0.7921
DLV-00572,LOT-00572,CAR-A,2026-08-07,4.58,2026-08-11,16,True,False,1,0,0.9313
DLV-00573,LOT-00573,CAR-B,2026-07-11,13.96,2026-07-24,16,True,False,1,0,0.7906
DLV-00574,LOT-00574,CAR-A,2026-07-01,26.9,2026-07-27,16,False,True,0,1,0.0
DLV-00575,LOT-00575,CAR-A,2026-05-11,17.42,2026-05-28,16,False,True,0,1,0.0
DLV-00576,LOT-00576,CAR-B,2026-07-10,13.61,2026-07-23,16,True,False,1,0,0.7959
DLV-00577,LOT-00577,CAR-A,2026-06-09,22.65,2026-07-01,16,False,True,0,1,0.0
DLV-00578,LOT-00578,CAR-B,2026-05-04,14.78,2026-05-18,16,True,False,1,0,0.7783
DLV-00579,LOT-00579,CAR-B,2026-05-23,15.03,2026-06-07,16,True,False,1,0,0.7746
DLV-00580,LOT-00580,CAR-B,2026-07-26,14.33,2026-08-09,16,True,False,1,0,0.785
DLV-00581,LOT-00581,CAR-B,2026-05-18,12.56,2026-05-30,16,True,False,1,0,0.8116
DLV-00582,LOT-00582,CAR-B,2026-06-04,14.11,2026-06-18,16,True,False,1,0,0.7884
DLV-00583,LOT-00583,CAR-A,2026-05-27,19.42,2026-06-15,16,False,True,0,1,0.0
DLV-00584,LOT-00584,CAR-A,2026-08-06,21.01,2026-08-27,16,False,True,0,1,0.0
DLV-00585,LOT-00585,CAR-A,2026-06-25,6.17,2026-07-01,16,True,False,1,0,0.9074
DLV-00586,LOT-00586,CAR-A,2026-05-09,4.95,2026-05-13,16,True,False,1,0,0.9258
DLV-00587,LOT-00587,CAR-A,2026-07-16,17.46,2026-08-02,16,False,True,0,1,0.0
DLV-00588,LOT-00588,CAR-B,2026-07-08,14.54,2026-07-22,16,True,False,1,0,0.7819
DLV-00589,LOT-00589,CAR-B,2026-06-14,12.62,2026-06-26,16,True,False,1,0,0.8107
DLV-00590,LOT-00590,CAR-B,2026-06-22,12.82,2026-07-04,16,True,False,1,0,0.8077
DLV-00591,LOT-00591,CAR-B,2026-05-04,13.31,2026-05-17,16,True,False,1,0,0.8004
DLV-00592,LOT-00592,CAR-B,2026-06-22,13.35,2026-07-05,16,True,False,1,0,0.7998
DLV-00593,LOT-00593,CAR-B,2026-07-17,13.48,2026-07-30,16,True,False,1,0,0.7978
DLV-00594,LOT-00594,CAR-B,2026-08-07,13.38,2026-08-20,16,True,False,1,0,0.7993
DLV-00595,LOT-00595,CAR-A,2026-06-02,4.87,2026-06-06,16,True,False,1,0,0.927
DLV-00596,LOT-00596,CAR-B,2026-06-17,14.38,2026-07-01,16,True,False,1,0,0.7843
DLV-00597,LOT-00597,CAR-B,2026-07-29,15.83,2026-08-13,16,True,False,1,0,0.7626
DLV-00598,LOT-00598,CAR-B,2026-06-20,14.28,2026-07-04,16,True,False,1,0,0.7858
DLV-00599,LOT-00599,CAR-B,2026-08-01,14.78,2026-08-15,16,True,False,1,0,0.7783
DLV-00600,LOT-00600,CAR-B,2026-05-07,14.02,2026-05-21,16,True,False,1,0,0.7897
DLV-00601,LOT-00601,CAR-A,2026-06-23,16.26,2026-07-09,16,False,True,0,1,0.0
DLV-00602,LOT-00602,CAR-B,2026-07-05,13.8,2026-07-18,16,True,False,1,0,0.793
DLV-00603,LOT-00603,CAR-A,2026-06-12,6.74,2026-06-18,16,True,False,1,0,0.8989
DLV-00604,LOT-00604,CAR-A,2026-05-18,4.55,2026-05-22,16,True,False,1,0,0.9318
DLV-00605,LOT-00605,CAR-A,2026-06-16,16.54,2026-07-02,16,False,True,0,1,0.0
DLV-00606,LOT-00606,CAR-A,2026-05-14,5.23,2026-05-19,16,True,False,1,0,0.9216
DLV-00607,LOT-00607,CAR-B,2026-06-28,14.88,2026-07-12,16,True,False,1,0,0.7768
DLV-00608,LOT-00608,CAR-A,2026-06-28,5.03,2026-07-03,16,True,False,1,0,0.9246
DLV-00609,LOT-00609,CAR-A,2026-06-22,19.28,2026-07-11,16,False,True,0,1,0.0
DLV-00610,LOT-00610,CAR-A,2026-07-02,19.11,2026-07-21,16,False,True,0,1,0.0
DLV-00611,LOT-00611,CAR-A,2026-06-24,4.14,2026-06-28,16,True,False,1,0,0.9379
DLV-00612,LOT-00612,CAR-B,2026-07-23,13.9,2026-08-05,16,True,False,1,0,0.7915
DLV-00613,LOT-00613,CAR-B,2026-05-22,13.77,2026-06-04,16,True,False,1,0,0.7934
DLV-00614,LOT-00614,CAR-B,2026-07-24,14.75,2026-08-07,16,True,False,1,0,0.7788
DLV-00615,LOT-00615,CAR-B,2026-06-09,15.66,2026-06-24,16,True,False,1,0,0.7651
DLV-00616,LOT-00616,CAR-B,2026-06-06,14.3,2026-06-20,16,True,False,1,0,0.7855
DLV-00617,LOT-00617,CAR-A,2026-07-25,4.32,2026-07-29,16,True,False,1,0,0.9352
DLV-00618,LOT-00618,CAR-A,2026-06-24,12.59,2026-07-06,16,True,False,1,0,0.8112
DLV-00619,LOT-00619,CAR-B,2026-06-19,14.47,2026-07-03,16,True,False,1,0,0.783
DLV-00620,LOT-00620,CAR-B,2026-05-06,14.39,2026-05-20,16,True,False,1,0,0.7842
DLV-00621,LOT-00621,CAR-A,2026-07-29,24.15,2026-08-22,16,False,True,0,1,0.0
DLV-00622,LOT-00622,CAR-B,2026-07-15,13.76,2026-07-28,16,True,False,1,0,0.7936
DLV-00623,LOT-00623,CAR-A,2026-05-01,14.0,2026-05-15,16,True,False,1,0,0.79
DLV-00624,LOT-00624,CAR-B,2026-06-16,13.61,2026-06-29,16,True,False,1,0,0.7959
DLV-00625,LOT-00625,CAR-B,2026-06-10,13.53,2026-06-23,16,True,False,1,0,0.797
DLV-00626,LOT-00626,CAR-B,2026-05-25,14.57,2026-06-08,16,True,False,1,0,0.7814
DLV-00627,LOT-00627,CAR-A,2026-06-29,3.0,2026-07-02,16,True,False,1,0,0.955
DLV-00628,LOT-00628,CAR-B,2026-06-26,13.98,2026-07-09,16,True,False,1,0,0.7903
DLV-00629,LOT-00629,CAR-A,2026-07-18,4.89,2026-07-22,16,True,False,1,0,0.9266
DLV-00630,LOT-00630,CAR-A,2026-08-07,4.78,2026-08-11,16,True,False,1,0,0.9283
DLV-00631,LOT-00631,CAR-B,2026-07-30,13.64,2026-08-12,16,True,False,1,0,0.7954
DLV-00632,LOT-00632,CAR-B,2026-08-06,13.21,2026-08-19,16,True,False,1,0,0.8018
DLV-00633,LOT-00633,CAR-A,2026-07-18,4.04,2026-07-22,16,True,False,1,0,0.9394
DLV-00634,LOT-00634,CAR-B,2026-06-27,15.95,2026-07-12,16,True,False,1,0,0.7608
DLV-00635,LOT-00635,CAR-B,2026-06-05,13.66,2026-06-18,16,True,False,1,0,0.7951
DLV-00636,LOT-00636,CAR-B,2026-06-16,14.05,2026-06-30,16,True,False,1,0,0.7892
DLV-00637,LOT-00637,CAR-A,2026-07-14,5.01,2026-07-19,16,True,False,1,0,0.9248
DLV-00638,LOT-00638,CAR-B,2026-07-27,13.36,2026-08-09,16,True,False,1,0,0.7996
DLV-00639,LOT-00639,CAR-A,2026-07-10,3.27,2026-07-13,16,True,False,1,0,0.951
DLV-00640,LOT-00640,CAR-B,2026-07-20,13.66,2026-08-02,16,True,False,1,0,0.7951
DLV-00641,LOT-00641,CAR-A,2026-06-02,7.02,2026-06-09,16,True,False,1,0,0.8947
DLV-00642,LOT-00642,CAR-B,2026-07-02,14.51,2026-07-16,16,True,False,1,0,0.7824
DLV-00643,LOT-00643,CAR-A,2026-07-24,21.89,2026-08-14,16,False,True,0,1,0.0
DLV-00644,LOT-00644,CAR-A,2026-06-18,7.36,2026-06-25,16,True,False,1,0,0.8896
DLV-00645,LOT-00645,CAR-B,2026-06-15,14.64,2026-06-29,16,True,False,1,0,0.7804
DLV-00646,LOT-00646,CAR-B,2026-07-09,13.59,2026-07-22,16,True,False,1,0,0.7962
DLV-00647,LOT-00647,CAR-A,2026-07-23,21.91,2026-08-13,16,False,True,0,1,0.0
DLV-00648,LOT-00648,CAR-B,2026-07-30,12.81,2026-08-11,16,True,False,1,0,0.8078
DLV-00649,LOT-00649,CAR-B,2026-05-11,15.15,2026-05-26,16,True,False,1,0,0.7728
DLV-00650,LOT-00650,CAR-A,2026-07-26,3.0,2026-07-29,16,True,False,1,0,0.955
DLV-00651,LOT-00651,CAR-B,2026-07-20,13.53,2026-08-02,16,True,False,1,0,0.797
DLV-00652,LOT-00652,CAR-A,2026-08-02,18.33,2026-08-20,16,False,True,0,1,0.0
DLV-00653,LOT-00653,CAR-A,2026-07-25,5.31,2026-07-30,16,True,False,1,0,0.9204
DLV-00654,LOT-00654,CAR-A,2026-06-06,23.57,2026-06-29,16,False,True,0,1,0.0
DLV-00655,LOT-00655,CAR-A,2026-06-08,21.6,2026-06-29,16,False,True,0,1,0.0
DLV-00656,LOT-00656,CAR-A,2026-08-03,6.28,2026-08-09,16,True,False,1,0,0.9058
DLV-00657,LOT-00657,CAR-A,2026-05-19,18.46,2026-06-06,16,False,True,0,1,0.0
DLV-00658,LOT-00658,CAR-B,2026-06-07,15.12,2026-06-22,16,True,False,1,0,0.7732
DLV-00659,LOT-00659,CAR-A,2026-05-12,4.75,2026-05-16,16,True,False,1,0,0.9288
DLV-00660,LOT-00660,CAR-A,2026-06-17,6.66,2026-06-23,16,True,False,1,0,0.9001
DLV-00661,LOT-00661,CAR-B,2026-05-01,15.79,2026-05-16,16,True,False,1,0,0.7632
DLV-00662,LOT-00662,CAR-B,2026-06-21,13.14,2026-07-04,16,True,False,1,0,0.8029
DLV-00663,LOT-00663,CAR-A,2026-05-14,6.65,2026-05-20,16,True,False,1,0,0.9002
DLV-00664,LOT-00664,CAR-B,2026-07-23,13.85,2026-08-05,16,True,False,1,0,0.7922
DLV-00665,LOT-00665,CAR-B,2026-07-22,15.42,2026-08-06,16,True,False,1,0,0.7687
DLV-00666,LOT-00666,CAR-B,2026-05-02,14.26,2026-05-16,16,True,False,1,0,0.7861
DLV-00667,LOT-00667,CAR-B,2026-07-02,12.9,2026-07-14,16,True,False,1,0,0.8065
DLV-00668,LOT-00668,CAR-A,2026-07-27,4.43,2026-07-31,16,True,False,1,0,0.9336
DLV-00669,LOT-00669,CAR-A,2026-08-01,23.04,2026-08-24,16,False,True,0,1,0.0
DLV-00670,LOT-00670,CAR-A,2026-06-07,5.87,2026-06-12,16,True,False,1,0,0.912
DLV-00671,LOT-00671,CAR-B,2026-05-19,13.36,2026-06-01,16,True,False,1,0,0.7996
DLV-00672,LOT-00672,CAR-A,2026-05-07,4.16,2026-05-11,16,True,False,1,0,0.9376
DLV-00673,LOT-00673,CAR-B,2026-06-04,14.46,2026-06-18,16,True,False,1,0,0.7831
DLV-00674,LOT-00674,CAR-B,2026-07-20,13.3,2026-08-02,16,True,False,1,0,0.8005
DLV-00675,LOT-00675,CAR-A,2026-05-20,17.87,2026-06-06,16,False,True,0,1,0.0
DLV-00676,LOT-00676,CAR-B,2026-06-20,14.34,2026-07-04,16,True,False,1,0,0.7849
DLV-00677,LOT-00677,CAR-A,2026-07-08,5.22,2026-07-13,16,True,False,1,0,0.9217
DLV-00678,LOT-00678,CAR-B,2026-08-05,13.62,2026-08-18,16,True,False,1,0,0.7957
DLV-00679,LOT-00679,CAR-A,2026-07-19,22.95,2026-08-10,16,False,True,0,1,0.0
DLV-00680,LOT-00680,CAR-A,2026-05-31,15.36,2026-06-15,16,True,False,1,0,0.7696
DLV-00681,LOT-00681,CAR-A,2026-06-05,5.17,2026-06-10,16,True,False,1,0,0.9224
DLV-00682,LOT-00682,CAR-B,2026-05-29,13.13,2026-06-11,16,True,False,1,0,0.803
DLV-00683,LOT-00683,CAR-A,2026-05-26,4.39,2026-05-30,16,True,False,1,0,0.9342
DLV-00684,LOT-00684,CAR-A,2026-07-07,14.68,2026-07-21,16,True,False,1,0,0.7798
DLV-00685,LOT-00685,CAR-B,2026-07-13,15.77,2026-07-28,16,True,False,1,0,0.7634
DLV-00686,LOT-00686,CAR-B,2026-06-22,12.42,2026-07-04,16,True,False,1,0,0.8137
DLV-00687,LOT-00687,CAR-B,2026-05-13,14.41,2026-05-27,16,True,False,1,0,0.7839
DLV-00688,LOT-00688,CAR-A,2026-07-27,6.95,2026-08-02,16,True,False,1,0,0.8958
DLV-00689,LOT-00689,CAR-A,2026-05-11,4.28,2026-05-15,16,True,False,1,0,0.9358
DLV-00690,LOT-00690,CAR-A,2026-05-25,4.89,2026-05-29,16,True,False,1,0,0.9266
DLV-00691,LOT-00691,CAR-A,2026-05-04,20.03,2026-05-24,16,False,True,0,1,0.0
DLV-00692,LOT-00692,CAR-B,2026-07-01,12.62,2026-07-13,16,True,False,1,0,0.8107
DLV-00693,LOT-00693,CAR-A,2026-06-18,4.93,2026-06-22,16,True,False,1,0,0.926
DLV-00694,LOT-00694,CAR-A,2026-07-18,6.57,2026-07-24,16,True,False,1,0,0.9014
DLV-00695,LOT-00695,CAR-A,2026-05-12,6.93,2026-05-18,16,True,False,1,0,0.896
DLV-00696,LOT-00696,CAR-A,2026-06-01,27.92,2026-06-28,16,False,True,0,1,0.0
DLV-00697,LOT-00697,CAR-B,2026-07-15,12.77,2026-07-27,16,True,False,1,0,0.8084
DLV-00698,LOT-00698,CAR-A,2026-05-08,24.67,2026-06-01,16,False,True,0,1,0.0
DLV-00699,LOT-00699,CAR-B,2026-05-09,11.11,2026-05-20,16,True,False,1,0,0.8334
DLV-00700,LOT-00700,CAR-B,2026-06-29,14.33,2026-07-13,16,True,False,1,0,0.785
DLV-00701,LOT-00701,CAR-A,2026-05-08,4.72,2026-05-12,16,True,False,1,0,0.9292
DLV-00702,LOT-00702,CAR-B,2026-06-18,13.88,2026-07-01,16,True,False,1,0,0.7918
DLV-00703,LOT-00703,CAR-B,2026-07-23,13.07,2026-08-05,16,True,False,1,0,0.8039
DLV-00704,LOT-00704,CAR-B,2026-07-31,13.99,2026-08-13,16,True,False,1,0,0.7902
DLV-00705,LOT-00705,CAR-A,2026-06-07,36.37,2026-07-13,16,False,True,0,1,0.0
DLV-00706,LOT-00706,CAR-A,2026-05-05,24.88,2026-05-29,16,False,True,0,1,0.0
DLV-00707,LOT-00707,CAR-A,2026-05-05,18.36,2026-05-23,16,False,True,0,1,0.0
DLV-00708,LOT-00708,CAR-A,2026-06-06,10.16,2026-06-16,16,True,False,1,0,0.8476
DLV-00709,LOT-00709,CAR-A,2026-07-31,3.98,2026-08-03,16,True,False,1,0,0.9403
DLV-00710,LOT-00710,CAR-A,2026-06-03,6.35,2026-06-09,16,True,False,1,0,0.9048
DLV-00711,LOT-00711,CAR-B,2026-05-02,13.57,2026-05-15,16,True,False,1,0,0.7964
DLV-00712,LOT-00712,CAR-B,2026-06-06,14.3,2026-06-20,16,True,False,1,0,0.7855
DLV-00713,LOT-00713,CAR-A,2026-06-08,5.61,2026-06-13,16,True,False,1,0,0.9158
DLV-00714,LOT-00714,CAR-B,2026-06-18,14.18,2026-07-02,16,True,False,1,0,0.7873
DLV-00715,LOT-00715,CAR-A,2026-05-13,24.03,2026-06-06,16,False,True,0,1,0.0
DLV-00716,LOT-00716,CAR-B,2026-06-08,12.45,2026-06-20,16,True,False,1,0,0.8132
DLV-00717,LOT-00717,CAR-A,2026-06-28,26.86,2026-07-24,16,False,True,0,1,0.0
DLV-00718,LOT-00718,CAR-B,2026-06-29,15.02,2026-07-14,16,True,False,1,0,0.7747
DLV-00719,LOT-00719,CAR-A,2026-06-12,4.24,2026-06-16,16,True,False,1,0,0.9364
DLV-00720,LOT-00720,CAR-B,2026-07-30,12.95,2026-08-11,16,True,False,1,0,0.8058
DLV-00721,LOT-00721,CAR-B,2026-07-03,15.09,2026-07-18,16,True,False,1,0,0.7736
DLV-00722,LOT-00722,CAR-A,2026-06-15,5.6,2026-06-20,16,True,False,1,0,0.916
DLV-00723,LOT-00723,CAR-B,2026-05-23,14.42,2026-06-06,16,True,False,1,0,0.7837
DLV-00724,LOT-00724,CAR-A,2026-07-27,6.21,2026-08-02,16,True,False,1,0,0.9068
DLV-00725,LOT-00725,CAR-B,2026-07-05,15.15,2026-07-20,16,True,False,1,0,0.7728
DLV-00726,LOT-00726,CAR-A,2026-06-21,14.84,2026-07-05,16,True,False,1,0,0.7774
DLV-00727,LOT-00727,CAR-B,2026-06-06,13.56,2026-06-19,16,True,False,1,0,0.7966
DLV-00728,LOT-00728,CAR-B,2026-05-12,13.9,2026-05-25,16,True,False,1,0,0.7915
DLV-00729,LOT-00729,CAR-A,2026-05-30,6.23,2026-06-05,16,True,False,1,0,0.9066
DLV-00730,LOT-00730,CAR-A,2026-06-10,13.87,2026-06-23,16,True,False,1,0,0.792
DLV-00731,LOT-00731,CAR-A,2026-07-10,11.01,2026-07-21,16,True,False,1,0,0.8348
DLV-00732,LOT-00732,CAR-A,2026-06-16,4.73,2026-06-20,16,True,False,1,0,0.929
DLV-00733,LOT-00733,CAR-B,2026-06-23,13.53,2026-07-06,16,True,False,1,0,0.797
DLV-00734,LOT-00734,CAR-A,2026-05-16,6.81,2026-05-22,16,True,False,1,0,0.8978
DLV-00735,LOT-00735,CAR-A,2026-05-20,3.58,2026-05-23,16,True,False,1,0,0.9463
DLV-00736,LOT-00736,CAR-A,2026-05-28,10.89,2026-06-07,16,True,False,1,0,0.8366
DLV-00737,LOT-00737,CAR-A,2026-08-02,4.27,2026-08-06,16,True,False,1,0,0.936
DLV-00738,LOT-00738,CAR-B,2026-07-28,15.6,2026-08-12,16,True,False,1,0,0.766
DLV-00739,LOT-00739,CAR-A,2026-05-03,23.8,2026-05-26,16,False,True,0,1,0.0
DLV-00740,LOT-00740,CAR-B,2026-07-10,14.6,2026-07-24,16,True,False,1,0,0.781
DLV-00741,LOT-00741,CAR-A,2026-05-22,5.32,2026-05-27,16,True,False,1,0,0.9202
DLV-00742,LOT-00742,CAR-B,2026-07-03,12.87,2026-07-15,16,True,False,1,0,0.807
DLV-00743,LOT-00743,CAR-B,2026-07-28,14.79,2026-08-11,16,True,False,1,0,0.7782
DLV-00744,LOT-00744,CAR-B,2026-08-03,13.5,2026-08-16,16,True,False,1,0,0.7975
DLV-00745,LOT-00745,CAR-B,2026-07-29,12.37,2026-08-10,16,True,False,1,0,0.8144
DLV-00746,LOT-00746,CAR-B,2026-05-04,12.95,2026-05-16,16,True,False,1,0,0.8058
DLV-00747,LOT-00747,CAR-A,2026-07-24,27.18,2026-08-20,16,False,True,0,1,0.0
DLV-00748,LOT-00748,CAR-A,2026-07-19,19.25,2026-08-07,16,False,True,0,1,0.0
DLV-00749,LOT-00749,CAR-B,2026-05-14,12.79,2026-05-26,16,True,False,1,0,0.8082
DLV-00750,LOT-00750,CAR-A,2026-05-13,5.84,2026-05-18,16,True,False,1,0,0.9124
DLV-00751,LOT-00751,CAR-A,2026-07-19,4.66,2026-07-23,16,True,False,1,0,0.9301
DLV-00752,LOT-00752,CAR-B,2026-07-08,12.06,2026-07-20,16,True,False,1,0,0.8191
DLV-00753,LOT-00753,CAR-B,2026-06-22,15.07,2026-07-07,16,True,False,1,0,0.774
DLV-00754,LOT-00754,CAR-B,2026-08-04,13.27,2026-08-17,16,True,False,1,0,0.801
DLV-00755,LOT-00755,CAR-A,2026-07-13,15.41,2026-07-28,16,True,False,1,0,0.7688
DLV-00756,LOT-00756,CAR-B,2026-05-10,14.97,2026-05-24,16,True,False,1,0,0.7754
DLV-00757,LOT-00757,CAR-B,2026-06-13,14.97,2026-06-27,16,True,False,1,0,0.7754
DLV-00758,LOT-00758,CAR-A,2026-07-10,22.54,2026-08-01,16,False,True,0,1,0.0
DLV-00759,LOT-00759,CAR-B,2026-07-04,15.0,2026-07-19,16,True,False,1,0,0.775
DLV-00760,LOT-00760,CAR-A,2026-05-30,11.54,2026-06-10,16,True,False,1,0,0.8269
DLV-00761,LOT-00761,CAR-B,2026-07-07,14.9,2026-07-21,16,True,False,1,0,0.7765
DLV-00762,LOT-00762,CAR-A,2026-07-26,4.92,2026-07-30,16,True,False,1,0,0.9262
DLV-00763,LOT-00763,CAR-A,2026-06-21,28.36,2026-07-19,16,False,True,0,1,0.0
DLV-00764,LOT-00764,CAR-B,2026-06-07,14.26,2026-06-21,16,True,False,1,0,0.7861
DLV-00765,LOT-00765,CAR-B,2026-07-02,14.24,2026-07-16,16,True,False,1,0,0.7864
DLV-00766,LOT-00766,CAR-B,2026-05-26,14.98,2026-06-09,16,True,False,1,0,0.7753
DLV-00767,LOT-00767,CAR-B,2026-05-01,13.19,2026-05-14,16,True,False,1,0,0.8022
DLV-00768,LOT-00768,CAR-B,2026-07-11,14.17,2026-07-25,16,True,False,1,0,0.7874
DLV-00769,LOT-00769,CAR-B,2026-06-09,13.35,2026-06-22,16,True,False,1,0,0.7998
DLV-00770,LOT-00770,CAR-A,2026-07-19,5.3,2026-07-24,16,True,False,1,0,0.9205
DLV-00771,LOT-00771,CAR-A,2026-08-02,3.6,2026-08-05,16,True,False,1,0,0.946
DLV-00772,LOT-00772,CAR-A,2026-05-12,5.02,2026-05-17,16,True,False,1,0,0.9247
DLV-00773,LOT-00773,CAR-B,2026-06-03,13.93,2026-06-16,16,True,False,1,0,0.791
DLV-00774,LOT-00774,CAR-B,2026-06-04,13.6,2026-06-17,16,True,False,1,0,0.796
DLV-00775,LOT-00775,CAR-A,2026-06-07,4.42,2026-06-11,16,True,False,1,0,0.9337
DLV-00776,LOT-00776,CAR-B,2026-06-05,13.04,2026-06-18,16,True,False,1,0,0.8044
DLV-00777,LOT-00777,CAR-B,2026-07-10,13.4,2026-07-23,16,True,False,1,0,0.799
DLV-00778,LOT-00778,CAR-A,2026-06-20,4.93,2026-06-24,16,True,False,1,0,0.926
DLV-00779,LOT-00779,CAR-B,2026-05-04,15.37,2026-05-19,16,True,False,1,0,0.7694
DLV-00780,LOT-00780,CAR-A,2026-05-15,16.44,2026-05-31,16,False,True,0,1,0.0
DLV-00781,LOT-00781,CAR-A,2026-07-03,3.99,2026-07-06,16,True,False,1,0,0.9402
DLV-00782,LOT-00782,CAR-A,2026-07-16,7.4,2026-07-23,16,True,False,1,0,0.889
DLV-00783,LOT-00783,CAR-B,2026-07-04,15.92,2026-07-19,16,True,False,1,0,0.7612
DLV-00784,LOT-00784,CAR-A,2026-05-11,3.0,2026-05-14,16,True,False,1,0,0.955
DLV-00785,LOT-00785,CAR-B,2026-05-24,14.34,2026-06-07,16,True,False,1,0,0.7849
DLV-00786,LOT-00786,CAR-B,2026-06-30,13.27,2026-07-13,16,True,False,1,0,0.801
DLV-00787,LOT-00787,CAR-B,2026-07-07,13.43,2026-07-20,16,True,False,1,0,0.7986
DLV-00788,LOT-00788,CAR-A,2026-06-29,5.08,2026-07-04,16,True,False,1,0,0.9238
DLV-00789,LOT-00789,CAR-A,2026-06-06,3.52,2026-06-09,16,True,False,1,0,0.9472
DLV-00790,LOT-00790,CAR-B,2026-07-06,15.03,2026-07-21,16,True,False,1,0,0.7746
DLV-00791,LOT-00791,CAR-B,2026-08-08,13.91,2026-08-21,16,True,False,1,0,0.7914
DLV-00792,LOT-00792,CAR-B,2026-05-08,14.41,2026-05-22,16,True,False,1,0,0.7839
DLV-00793,LOT-00793,CAR-B,2026-05-03,13.42,2026-05-16,16,True,False,1,0,0.7987
DLV-00794,LOT-00794,CAR-A,2026-05-14,5.41,2026-05-19,16,True,False,1,0,0.9188
DLV-00795,LOT-00795,CAR-B,2026-05-01,15.37,2026-05-16,16,True,False,1,0,0.7694
DLV-00796,LOT-00796,CAR-A,2026-07-20,9.09,2026-07-29,16,True,False,1,0,0.8636
DLV-00797,LOT-00797,CAR-B,2026-07-09,13.48,2026-07-22,16,True,False,1,0,0.7978
DLV-00798,LOT-00798,CAR-A,2026-05-10,13.03,2026-05-23,16,True,False,1,0,0.8046
DLV-00799,LOT-00799,CAR-A,2026-06-06,6.55,2026-06-12,16,True,False,1,0,0.9018
DLV-00800,LOT-00800,CAR-A,2026-06-06,4.92,2026-06-10,16,True,False,1,0,0.9262
DLV-00801,LOT-00801,CAR-B,2026-07-31,15.0,2026-08-15,16,True,False,1,0,0.775
DLV-00802,LOT-00802,CAR-B,2026-08-05,14.01,2026-08-19,16,True,False,1,0,0.7899
DLV-00803,LOT-00803,CAR-A,2026-08-01,5.56,2026-08-06,16,True,False,1,0,0.9166
DLV-00804,LOT-00804,CAR-A,2026-05-03,3.6,2026-05-06,16,True,False,1,0,0.946
DLV-00805,LOT-00805,CAR-A,2026-08-01,5.27,2026-08-06,16,True,False,1,0,0.921
DLV-00806,LOT-00806,CAR-B,2026-05-01,14.59,2026-05-15,16,True,False,1,0,0.7812
DLV-00807,LOT-00807,CAR-B,2026-06-20,14.45,2026-07-04,16,True,False,1,0,0.7832
DLV-00808,LOT-00808,CAR-A,2026-05-03,4.63,2026-05-07,16,True,False,1,0,0.9306
DLV-00809,LOT-00809,CAR-A,2026-07-19,6.93,2026-07-25,16,True,False,1,0,0.896
DLV-00810,LOT-00810,CAR-A,2026-06-03,29.88,2026-07-02,16,False,True,0,1,0.0
DLV-00811,LOT-00811,CAR-B,2026-05-20,14.1,2026-06-03,16,True,False,1,0,0.7885
DLV-00812,LOT-00812,CAR-B,2026-06-27,13.24,2026-07-10,16,True,False,1,0,0.8014
DLV-00813,LOT-00813,CAR-B,2026-06-13,12.35,2026-06-25,16,True,False,1,0,0.8148
DLV-00814,LOT-00814,CAR-A,2026-07-11,31.42,2026-08-11,16,False,True,0,1,0.0
DLV-00815,LOT-00815,CAR-A,2026-06-14,5.48,2026-06-19,16,True,False,1,0,0.9178
DLV-00816,LOT-00816,CAR-B,2026-05-06,14.43,2026-05-20,16,True,False,1,0,0.7836
DLV-00817,LOT-00817,CAR-A,2026-05-10,4.1,2026-05-14,16,True,False,1,0,0.9385
DLV-00818,LOT-00818,CAR-B,2026-06-27,12.96,2026-07-09,16,True,False,1,0,0.8056
DLV-00819,LOT-00819,CAR-A,2026-06-12,10.1,2026-06-22,16,True,False,1,0,0.8485
DLV-00820,LOT-00820,CAR-B,2026-06-19,14.05,2026-07-03,16,True,False,1,0,0.7892
DLV-00821,LOT-00821,CAR-B,2026-05-03,13.3,2026-05-16,16,True,False,1,0,0.8005
DLV-00822,LOT-00822,CAR-B,2026-05-03,14.25,2026-05-17,16,True,False,1,0,0.7862
DLV-00823,LOT-00823,CAR-A,2026-06-09,4.01,2026-06-13,16,True,False,1,0,0.9398
DLV-00824,LOT-00824,CAR-B,2026-07-26,13.03,2026-08-08,16,True,False,1,0,0.8046
DLV-00825,LOT-00825,CAR-B,2026-07-17,13.84,2026-07-30,16,True,False,1,0,0.7924
DLV-00826,LOT-00826,CAR-A,2026-06-19,16.32,2026-07-05,16,False,True,0,1,0.0
DLV-00827,LOT-00827,CAR-A,2026-07-13,6.06,2026-07-19,16,True,False,1,0,0.9091
DLV-00828,LOT-00828,CAR-A,2026-05-22,27.06,2026-06-18,16,False,True,0,1,0.0
DLV-00829,LOT-00829,CAR-A,2026-07-31,18.73,2026-08-18,16,False,True,0,1,0.0
DLV-00830,LOT-00830,CAR-A,2026-07-07,26.55,2026-08-02,16,False,True,0,1,0.0
DLV-00831,LOT-00831,CAR-A,2026-06-24,5.48,2026-06-29,16,True,False,1,0,0.9178
DLV-00832,LOT-00832,CAR-A,2026-05-08,32.39,2026-06-09,16,False,True,0,1,0.0
DLV-00833,LOT-00833,CAR-B,2026-08-04,12.52,2026-08-16,16,True,False,1,0,0.8122
DLV-00834,LOT-00834,CAR-A,2026-05-13,16.49,2026-05-29,16,False,True,0,1,0.0
DLV-00835,LOT-00835,CAR-B,2026-07-12,14.08,2026-07-26,16,True,False,1,0,0.7888
DLV-00836,LOT-00836,CAR-B,2026-05-09,14.9,2026-05-23,16,True,False,1,0,0.7765
DLV-00837,LOT-00837,CAR-B,2026-05-17,13.5,2026-05-30,16,True,False,1,0,0.7975
DLV-00838,LOT-00838,CAR-B,2026-06-17,12.86,2026-06-29,16,True,False,1,0,0.8071
DLV-00839,LOT-00839,CAR-B,2026-06-17,13.71,2026-06-30,16,True,False,1,0,0.7944
DLV-00840,LOT-00840,CAR-A,2026-06-24,16.69,2026-07-10,16,False,True,0,1,0.0
DLV-00841,LOT-00841,CAR-B,2026-05-06,15.63,2026-05-21,16,True,False,1,0,0.7655
DLV-00842,LOT-00842,CAR-B,2026-07-02,13.05,2026-07-15,16,True,False,1,0,0.8042
DLV-00843,LOT-00843,CAR-A,2026-07-21,6.52,2026-07-27,16,True,False,1,0,0.9022
DLV-00844,LOT-00844,CAR-A,2026-06-09,5.1,2026-06-14,16,True,False,1,0,0.9235
DLV-00845,LOT-00845,CAR-B,2026-06-21,14.28,2026-07-05,16,True,False,1,0,0.7858
DLV-00846,LOT-00846,CAR-B,2026-06-24,15.66,2026-07-09,16,True,False,1,0,0.7651
DLV-00847,LOT-00847,CAR-A,2026-06-30,15.75,2026-07-15,16,True,False,1,0,0.7638
DLV-00848,LOT-00848,CAR-A,2026-06-20,5.98,2026-06-25,16,True,False,1,0,0.9103
DLV-00849,LOT-00849,CAR-A,2026-07-06,12.35,2026-07-18,16,True,False,1,0,0.8148
DLV-00850,LOT-00850,CAR-A,2026-07-14,3.52,2026-07-17,16,True,False,1,0,0.9472
DLV-00851,LOT-00851,CAR-B,2026-06-25,12.89,2026-07-07,16,True,False,1,0,0.8066
DLV-00852,LOT-00852,CAR-A,2026-05-31,4.89,2026-06-04,16,True,False,1,0,0.9266
DLV-00853,LOT-00853,CAR-A,2026-06-09,5.57,2026-06-14,16,True,False,1,0,0.9164
DLV-00854,LOT-00854,CAR-A,2026-07-03,4.81,2026-07-07,16,True,False,1,0,0.9278
DLV-00855,LOT-00855,CAR-B,2026-05-25,15.03,2026-06-09,16,True,False,1,0,0.7746
DLV-00856,LOT-00856,CAR-A,2026-06-01,4.38,2026-06-05,16,True,False,1,0,0.9343
DLV-00857,LOT-00857,CAR-A,2026-06-29,10.67,2026-07-09,16,True,False,1,0,0.84
DLV-00858,LOT-00858,CAR-A,2026-07-15,5.33,2026-07-20,16,True,False,1,0,0.92
DLV-00859,LOT-00859,CAR-A,2026-06-17,4.4,2026-06-21,16,True,False,1,0,0.934
DLV-00860,LOT-00860,CAR-B,2026-05-31,14.67,2026-06-14,16,True,False,1,0,0.78
DLV-00861,LOT-00861,CAR-B,2026-06-17,14.84,2026-07-01,16,True,False,1,0,0.7774
DLV-00862,LOT-00862,CAR-A,2026-06-24,25.07,2026-07-19,16,False,True,0,1,0.0
DLV-00863,LOT-00863,CAR-B,2026-07-28,13.56,2026-08-10,16,True,False,1,0,0.7966
DLV-00864,LOT-00864,CAR-A,2026-05-07,5.03,2026-05-12,16,True,False,1,0,0.9246
DLV-00865,LOT-00865,CAR-B,2026-06-16,14.88,2026-06-30,16,True,False,1,0,0.7768
DLV-00866,LOT-00866,CAR-A,2026-07-08,4.62,2026-07-12,16,True,False,1,0,0.9307
DLV-00867,LOT-00867,CAR-A,2026-07-29,4.09,2026-08-02,16,True,False,1,0,0.9386
DLV-00868,LOT-00868,CAR-A,2026-06-15,15.35,2026-06-30,16,True,False,1,0,0.7698
DLV-00869,LOT-00869,CAR-A,2026-07-05,4.52,2026-07-09,16,True,False,1,0,0.9322
DLV-00870,LOT-00870,CAR-A,2026-06-04,4.32,2026-06-08,16,True,False,1,0,0.9352
DLV-00871,LOT-00871,CAR-A,2026-08-02,5.91,2026-08-07,16,True,False,1,0,0.9114
DLV-00872,LOT-00872,CAR-B,2026-07-26,13.53,2026-08-08,16,True,False,1,0,0.797
DLV-00873,LOT-00873,CAR-A,2026-07-16,6.16,2026-07-22,16,True,False,1,0,0.9076
DLV-00874,LOT-00874,CAR-B,2026-05-13,13.54,2026-05-26,16,True,False,1,0,0.7969
DLV-00875,LOT-00875,CAR-B,2026-06-16,13.46,2026-06-29,16,True,False,1,0,0.7981
DLV-00876,LOT-00876,CAR-B,2026-05-30,14.47,2026-06-13,16,True,False,1,0,0.783
DLV-00877,LOT-00877,CAR-B,2026-08-01,12.71,2026-08-13,16,True,False,1,0,0.8094
DLV-00878,LOT-00878,CAR-B,2026-06-24,16.24,2026-07-10,16,False,True,0,1,0.0
DLV-00879,LOT-00879,CAR-A,2026-05-20,18.16,2026-06-07,16,False,True,0,1,0.0
DLV-00880,LOT-00880,CAR-B,2026-08-07,15.65,2026-08-22,16,True,False,1,0,0.7652
DLV-00881,LOT-00881,CAR-A,2026-06-28,25.92,2026-07-23,16,False,True,0,1,0.0
DLV-00882,LOT-00882,CAR-B,2026-05-01,15.33,2026-05-16,16,True,False,1,0,0.77
DLV-00883,LOT-00883,CAR-A,2026-05-08,23.36,2026-05-31,16,False,True,0,1,0.0
DLV-00884,LOT-00884,CAR-A,2026-05-30,4.62,2026-06-03,16,True,False,1,0,0.9307
DLV-00885,LOT-00885,CAR-B,2026-07-16,13.79,2026-07-29,16,True,False,1,0,0.7932
DLV-00886,LOT-00886,CAR-A,2026-07-23,15.62,2026-08-07,16,True,False,1,0,0.7657
DLV-00887,LOT-00887,CAR-A,2026-07-22,13.79,2026-08-04,16,True,False,1,0,0.7932
DLV-00888,LOT-00888,CAR-A,2026-05-17,19.86,2026-06-05,16,False,True,0,1,0.0
DLV-00889,LOT-00889,CAR-B,2026-05-22,12.97,2026-06-03,16,True,False,1,0,0.8054
DLV-00890,LOT-00890,CAR-B,2026-06-05,13.8,2026-06-18,16,True,False,1,0,0.793
DLV-00891,LOT-00891,CAR-A,2026-07-14,4.3,2026-07-18,16,True,False,1,0,0.9355
DLV-00892,LOT-00892,CAR-B,2026-07-01,13.15,2026-07-14,16,True,False,1,0,0.8028
DLV-00893,LOT-00893,CAR-B,2026-07-12,12.68,2026-07-24,16,True,False,1,0,0.8098
DLV-00894,LOT-00894,CAR-A,2026-05-18,5.94,2026-05-23,16,True,False,1,0,0.9109
DLV-00895,LOT-00895,CAR-A,2026-06-06,4.32,2026-06-10,16,True,False,1,0,0.9352
DLV-00896,LOT-00896,CAR-B,2026-06-12,14.34,2026-06-26,16,True,False,1,0,0.7849
DLV-00897,LOT-00897,CAR-B,2026-05-09,15.95,2026-05-24,16,True,False,1,0,0.7608
DLV-00898,LOT-00898,CAR-B,2026-07-04,14.33,2026-07-18,16,True,False,1,0,0.785
DLV-00899,LOT-00899,CAR-A,2026-05-10,3.24,2026-05-13,16,True,False,1,0,0.9514
DLV-00900,LOT-00900,CAR-A,2026-06-28,5.68,2026-07-03,16,True,False,1,0,0.9148
DLV-00901,LOT-00901,CAR-A,2026-08-08,4.22,2026-08-12,16,True,False,1,0,0.9367
DLV-00902,LOT-00902,CAR-B,2026-05-21,14.6,2026-06-04,16,True,False,1,0,0.781
DLV-00903,LOT-00903,CAR-A,2026-06-23,4.41,2026-06-27,16,True,False,1,0,0.9338
DLV-00904,LOT-00904,CAR-B,2026-05-25,13.36,2026-06-07,16,True,False,1,0,0.7996
DLV-00905,LOT-00905,CAR-B,2026-06-23,13.85,2026-07-06,16,True,False,1,0,0.7922
DLV-00906,LOT-00906,CAR-A,2026-07-09,5.04,2026-07-14,16,True,False,1,0,0.9244
DLV-00907,LOT-00907,CAR-B,2026-05-01,14.16,2026-05-15,16,True,False,1,0,0.7876
DLV-00908,LOT-00908,CAR-A,2026-07-19,5.73,2026-07-24,16,True,False,1,0,0.914
DLV-00909,LOT-00909,CAR-A,2026-06-07,4.66,2026-06-11,16,True,False,1,0,0.9301
DLV-00910,LOT-00910,CAR-A,2026-06-10,4.97,2026-06-14,16,True,False,1,0,0.9254
DLV-00911,LOT-00911,CAR-B,2026-05-20,13.43,2026-06-02,16,True,False,1,0,0.7986
DLV-00912,LOT-00912,CAR-B,2026-05-18,15.01,2026-06-02,16,True,False,1,0,0.7748
DLV-00913,LOT-00913,CAR-A,2026-06-24,15.94,2026-07-09,16,True,False,1,0,0.7609
DLV-00914,LOT-00914,CAR-B,2026-07-23,14.9,2026-08-06,16,True,False,1,0,0.7765
DLV-00915,LOT-00915,CAR-A,2026-08-07,16.14,2026-08-23,16,False,True,0,1,0.0
DLV-00916,LOT-00916,CAR-A,2026-08-02,7.97,2026-08-09,16,True,False,1,0,0.8804
DLV-00917,LOT-00917,CAR-B,2026-06-30,14.31,2026-07-14,16,True,False,1,0,0.7854
DLV-00918,LOT-00918,CAR-B,2026-07-15,13.64,2026-07-28,16,True,False,1,0,0.7954
DLV-00919,LOT-00919,CAR-A,2026-05-07,6.79,2026-05-13,16,True,False,1,0,0.8982
DLV-00920,LOT-00920,CAR-B,2026-06-23,13.89,2026-07-06,16,True,False,1,0,0.7916
DLV-00921,LOT-00921,CAR-B,2026-07-31,13.93,2026-08-13,16,True,False,1,0,0.791
DLV-00922,LOT-00922,CAR-B,2026-07-14,14.2,2026-07-28,16,True,False,1,0,0.787
DLV-00923,LOT-00923,CAR-A,2026-05-02,6.04,2026-05-08,16,True,False,1,0,0.9094
DLV-00924,LOT-00924,CAR-B,2026-08-04,15.24,2026-08-19,16,True,False,1,0,0.7714
DLV-00925,LOT-00925,CAR-A,2026-05-13,3.02,2026-05-16,16,True,False,1,0,0.9547
DLV-00926,LOT-00926,CAR-A,2026-05-05,5.49,2026-05-10,16,True,False,1,0,0.9176
DLV-00927,LOT-00927,CAR-B,2026-06-23,14.33,2026-07-07,16,True,False,1,0,0.785
DLV-00928,LOT-00928,CAR-B,2026-06-03,15.81,2026-06-18,16,True,False,1,0,0.7628
DLV-00929,LOT-00929,CAR-A,2026-05-28,19.73,2026-06-16,16,False,True,0,1,0.0
DLV-00930,LOT-00930,CAR-B,2026-07-31,14.88,2026-08-14,16,True,False,1,0,0.7768
DLV-00931,LOT-00931,CAR-B,2026-06-03,14.26,2026-06-17,16,True,False,1,0,0.7861
DLV-00932,LOT-00932,CAR-A,2026-05-27,20.47,2026-06-16,16,False,True,0,1,0.0
DLV-00933,LOT-00933,CAR-A,2026-06-16,17.31,2026-07-03,16,False,True,0,1,0.0
DLV-00934,LOT-00934,CAR-B,2026-07-23,14.4,2026-08-06,16,True,False,1,0,0.784
DLV-00935,LOT-00935,CAR-A,2026-05-12,20.1,2026-06-01,16,False,True,0,1,0.0
DLV-00936,LOT-00936,CAR-B,2026-06-27,14.9,2026-07-11,16,True,False,1,0,0.7765
DLV-00937,LOT-00937,CAR-A,2026-05-24,6.48,2026-05-30,16,True,False,1,0,0.9028
DLV-00938,LOT-00938,CAR-B,2026-07-02,15.02,2026-07-17,16,True,False,1,0,0.7747
DLV-00939,LOT-00939,CAR-A,2026-08-07,7.44,2026-08-14,16,True,False,1,0,0.8884
DLV-00940,LOT-00940,CAR-B,2026-05-12,13.38,2026-05-25,16,True,False,1,0,0.7993
DLV-00941,LOT-00941,CAR-A,2026-05-17,15.58,2026-06-01,16,True,False,1,0,0.7663
DLV-00942,LOT-00942,CAR-A,2026-08-05,22.87,2026-08-27,16,False,True,0,1,0.0
DLV-00943,LOT-00943,CAR-A,2026-08-06,20.8,2026-08-26,16,False,True,0,1,0.0
DLV-00944,LOT-00944,CAR-B,2026-08-01,12.49,2026-08-13,16,True,False,1,0,0.8126
DLV-00945,LOT-00945,CAR-A,2026-05-24,4.91,2026-05-28,16,True,False,1,0,0.9264
DLV-00946,LOT-00946,CAR-B,2026-05-04,14.24,2026-05-18,16,True,False,1,0,0.7864
DLV-00947,LOT-00947,CAR-A,2026-05-23,21.86,2026-06-13,16,False,True,0,1,0.0
DLV-00948,LOT-00948,CAR-B,2026-07-08,13.23,2026-07-21,16,True,False,1,0,0.8016
DLV-00949,LOT-00949,CAR-A,2026-06-22,24.58,2026-07-16,16,False,True,0,1,0.0
DLV-00950,LOT-00950,CAR-A,2026-05-14,3.66,2026-05-17,16,True,False,1,0,0.9451
DLV-00951,LOT-00951,CAR-A,2026-07-07,16.8,2026-07-23,16,False,True,0,1,0.0
DLV-00952,LOT-00952,CAR-A,2026-05-07,15.43,2026-05-22,16,True,False,1,0,0.7686
DLV-00953,LOT-00953,CAR-A,2026-06-12,21.37,2026-07-03,16,False,True,0,1,0.0
DLV-00954,LOT-00954,CAR-B,2026-05-08,14.03,2026-05-22,16,True,False,1,0,0.7896
DLV-00955,LOT-00955,CAR-A,2026-06-10,3.56,2026-06-13,16,True,False,1,0,0.9466
DLV-00956,LOT-00956,CAR-A,2026-05-22,20.82,2026-06-11,16,False,True,0,1,0.0
DLV-00957,LOT-00957,CAR-A,2026-05-09,5.74,2026-05-14,16,True,False,1,0,0.9139
DLV-00958,LOT-00958,CAR-A,2026-06-23,4.85,2026-06-27,16,True,False,1,0,0.9272
DLV-00959,LOT-00959,CAR-B,2026-06-10,13.77,2026-06-23,16,True,False,1,0,0.7934
DLV-00960,LOT-00960,CAR-A,2026-07-02,3.15,2026-07-05,16,True,False,1,0,0.9528
DLV-00961,LOT-00961,CAR-B,2026-05-05,14.43,2026-05-19,16,True,False,1,0,0.7836
DLV-00962,LOT-00962,CAR-A,2026-06-28,10.56,2026-07-08,16,True,False,1,0,0.8416
DLV-00963,LOT-00963,CAR-A,2026-07-24,6.32,2026-07-30,16,True,False,1,0,0.9052
DLV-00964,LOT-00964,CAR-A,2026-07-26,17.28,2026-08-12,16,False,True,0,1,0.0
DLV-00965,LOT-00965,CAR-B,2026-07-18,13.14,2026-07-31,16,True,False,1,0,0.8029
DLV-00966,LOT-00966,CAR-A,2026-05-14,26.31,2026-06-09,16,False,True,0,1,0.0
DLV-00967,LOT-00967,CAR-B,2026-07-10,12.84,2026-07-22,16,True,False,1,0,0.8074
DLV-00968,LOT-00968,CAR-A,2026-06-26,15.71,2026-07-11,16,True,False,1,0,0.7644
DLV-00969,LOT-00969,CAR-B,2026-05-05,13.36,2026-05-18,16,True,False,1,0,0.7996
DLV-00970,LOT-00970,CAR-B,2026-06-30,12.91,2026-07-12,16,True,False,1,0,0.8064
DLV-00971,LOT-00971,CAR-A,2026-05-16,3.68,2026-05-19,16,True,False,1,0,0.9448
DLV-00972,LOT-00972,CAR-A,2026-07-06,6.27,2026-07-12,16,True,False,1,0,0.906
DLV-00973,LOT-00973,CAR-A,2026-06-20,5.54,2026-06-25,16,True,False,1,0,0.9169
DLV-00974,LOT-00974,CAR-A,2026-05-29,4.42,2026-06-02,16,True,False,1,0,0.9337
DLV-00975,LOT-00975,CAR-A,2026-05-06,6.28,2026-05-12,16,True,False,1,0,0.9058
DLV-00976,LOT-00976,CAR-A,2026-05-05,11.71,2026-05-16,16,True,False,1,0,0.8244
DLV-00977,LOT-00977,CAR-A,2026-05-28,5.59,2026-06-02,16,True,False,1,0,0.9162
DLV-00978,LOT-00978,CAR-A,2026-06-25,3.16,2026-06-28,16,True,False,1,0,0.9526
DLV-00979,LOT-00979,CAR-A,2026-06-16,3.77,2026-06-19,16,True,False,1,0,0.9434
DLV-00980,LOT-00980,CAR-A,2026-05-11,13.82,2026-05-24,16,True,False,1,0,0.7927
DLV-00981,LOT-00981,CAR-A,2026-05-29,3.7,2026-06-01,16,True,False,1,0,0.9445
DLV-00982,LOT-00982,CAR-B,2026-08-04,14.98,2026-08-18,16,True,False,1,0,0.7753
DLV-00983,LOT-00983,CAR-B,2026-06-25,15.21,2026-07-10,16,True,False,1,0,0.7718
DLV-00984,LOT-00984,CAR-A,2026-07-13,5.27,2026-07-18,16,True,False,1,0,0.921
DLV-00985,LOT-00985,CAR-A,2026-06-13,4.25,2026-06-17,16,True,False,1,0,0.9362
DLV-00986,LOT-00986,CAR-B,2026-07-26,12.98,2026-08-07,16,True,False,1,0,0.8053
DLV-00987,LOT-00987,CAR-A,2026-06-10,22.86,2026-07-02,16,False,True,0,1,0.0
DLV-00988,LOT-00988,CAR-A,2026-07-17,13.31,2026-07-30,16,True,False,1,0,0.8004
DLV-00989,LOT-00989,CAR-A,2026-07-16,5.67,2026-07-21,16,True,False,1,0,0.915
DLV-00990,LOT-00990,CAR-B,2026-06-26,14.09,2026-07-10,16,True,False,1,0,0.7887
DLV-00991,LOT-00991,CAR-A,2026-05-10,3.3,2026-05-13,16,True,False,1,0,0.9505
DLV-00992,LOT-00992,CAR-A,2026-06-03,3.0,2026-06-06,16,True,False,1,0,0.955
DLV-00993,LOT-00993,CAR-A,2026-05-20,3.0,2026-05-23,16,True,False,1,0,0.955
DLV-00994,LOT-00994,CAR-A,2026-07-03,14.14,2026-07-17,16,True,False,1,0,0.7879
DLV-00995,LOT-00995,CAR-B,2026-08-08,14.11,2026-08-22,16,True,False,1,0,0.7884
DLV-00996,LOT-00996,CAR-A,2026-05-08,12.31,2026-05-20,16,True,False,1,0,0.8154
DLV-00997,LOT-00997,CAR-B,2026-08-06,13.82,2026-08-19,16,True,False,1,0,0.7927
DLV-00998,LOT-00998,CAR-B,2026-05-07,14.17,2026-05-21,16,True,False,1,0,0.7874
DLV-00999,LOT-00999,CAR-B,2026-07-14,15.34,2026-07-29,16,True,False,1,0,0.7699
DLV-01000,LOT-01000,CAR-B,2026-06-24,12.89,2026-07-06,16,True,False,1,0,0.8066
DLV-01001,LOT-01001,CAR-A,2026-06-02,8.46,2026-06-10,16,True,False,1,0,0.8731
DLV-01002,LOT-01002,CAR-B,2026-05-04,15.12,2026-05-19,16,True,False,1,0,0.7732
DLV-01003,LOT-01003,CAR-A,2026-05-06,12.93,2026-05-18,16,True,False,1,0,0.806
DLV-01004,LOT-01004,CAR-B,2026-05-11,14.39,2026-05-25,16,True,False,1,0,0.7842
DLV-01005,LOT-01005,CAR-B,2026-07-25,12.9,2026-08-06,16,True,False,1,0,0.8065
DLV-01006,LOT-01006,CAR-B,2026-06-03,11.98,2026-06-14,16,True,False,1,0,0.8203
DLV-01007,LOT-01007,CAR-B,2026-06-20,14.32,2026-07-04,16,True,False,1,0,0.7852
DLV-01008,LOT-01008,CAR-B,2026-05-23,13.88,2026-06-05,16,True,False,1,0,0.7918
DLV-01009,LOT-01009,CAR-A,2026-05-03,5.03,2026-05-08,16,True,False,1,0,0.9246
DLV-01010,LOT-01010,CAR-B,2026-07-10,13.4,2026-07-23,16,True,False,1,0,0.799
DLV-01011,LOT-01011,CAR-A,2026-07-06,13.67,2026-07-19,16,True,False,1,0,0.795
DLV-01012,LOT-01012,CAR-B,2026-07-04,14.3,2026-07-18,16,True,False,1,0,0.7855
DLV-01013,LOT-01013,CAR-A,2026-05-08,5.66,2026-05-13,16,True,False,1,0,0.9151
DLV-01014,LOT-01014,CAR-A,2026-05-10,20.14,2026-05-30,16,False,True,0,1,0.0
DLV-01015,LOT-01015,CAR-B,2026-05-17,13.63,2026-05-30,16,True,False,1,0,0.7956
DLV-01016,LOT-01016,CAR-B,2026-07-03,13.54,2026-07-16,16,True,False,1,0,0.7969
DLV-01017,LOT-01017,CAR-A,2026-05-05,27.92,2026-06-01,16,False,True,0,1,0.0
DLV-01018,LOT-01018,CAR-A,2026-06-20,5.05,2026-06-25,16,True,False,1,0,0.9242
DLV-01019,LOT-01019,CAR-A,2026-05-30,28.27,2026-06-27,16,False,True,0,1,0.0
DLV-01020,LOT-01020,CAR-B,2026-07-06,14.84,2026-07-20,16,True,False,1,0,0.7774
DLV-01021,LOT-01021,CAR-B,2026-07-05,13.9,2026-07-18,16,True,False,1,0,0.7915
DLV-01022,LOT-01022,CAR-B,2026-07-24,13.04,2026-08-06,16,True,False,1,0,0.8044
DLV-01023,LOT-01023,CAR-A,2026-07-10,13.68,2026-07-23,16,True,False,1,0,0.7948
DLV-01024,LOT-01024,CAR-A,2026-06-30,3.0,2026-07-03,16,True,False,1,0,0.955
DLV-01025,LOT-01025,CAR-B,2026-06-10,15.04,2026-06-25,16,True,False,1,0,0.7744
DLV-01026,LOT-01026,CAR-B,2026-07-06,14.02,2026-07-20,16,True,False,1,0,0.7897
DLV-01027,LOT-01027,CAR-B,2026-06-19,13.98,2026-07-02,16,True,False,1,0,0.7903
DLV-01028,LOT-01028,CAR-A,2026-07-25,6.18,2026-07-31,16,True,False,1,0,0.9073
DLV-01029,LOT-01029,CAR-A,2026-07-15,4.68,2026-07-19,16,True,False,1,0,0.9298
DLV-01030,LOT-01030,CAR-A,2026-07-04,4.47,2026-07-08,16,True,False,1,0,0.933
DLV-01031,LOT-01031,CAR-B,2026-05-24,13.42,2026-06-06,16,True,False,1,0,0.7987
DLV-01032,LOT-01032,CAR-B,2026-05-08,14.35,2026-05-22,16,True,False,1,0,0.7848
DLV-01033,LOT-01033,CAR-A,2026-07-19,14.35,2026-08-02,16,True,False,1,0,0.7848
DLV-01034,LOT-01034,CAR-A,2026-05-16,17.22,2026-06-02,16,False,True,0,1,0.0
DLV-01035,LOT-01035,CAR-A,2026-08-03,32.56,2026-09-04,16,False,True,0,1,0.0
DLV-01036,LOT-01036,CAR-A,2026-05-24,6.72,2026-05-30,16,True,False,1,0,0.8992
DLV-01037,LOT-01037,CAR-A,2026-06-10,5.58,2026-06-15,16,True,False,1,0,0.9163
DLV-01038,LOT-01038,CAR-A,2026-07-30,3.0,2026-08-02,16,True,False,1,0,0.955
DLV-01039,LOT-01039,CAR-B,2026-07-25,13.42,2026-08-07,16,True,False,1,0,0.7987
DLV-01040,LOT-01040,CAR-A,2026-05-31,22.08,2026-06-22,16,False,True,0,1,0.0
DLV-01041,LOT-01041,CAR-B,2026-06-08,13.85,2026-06-21,16,True,False,1,0,0.7922
DLV-01042,LOT-01042,CAR-B,2026-08-05,14.34,2026-08-19,16,True,False,1,0,0.7849
DLV-01043,LOT-01043,CAR-B,2026-06-07,13.6,2026-06-20,16,True,False,1,0,0.796
DLV-01044,LOT-01044,CAR-B,2026-05-16,12.71,2026-05-28,16,True,False,1,0,0.8094
DLV-01045,LOT-01045,CAR-B,2026-05-29,15.01,2026-06-13,16,True,False,1,0,0.7748
DLV-01046,LOT-01046,CAR-A,2026-07-09,7.18,2026-07-16,16,True,False,1,0,0.8923
DLV-01047,LOT-01047,CAR-B,2026-05-14,12.91,2026-05-26,16,True,False,1,0,0.8064
DLV-01048,LOT-01048,CAR-B,2026-05-14,13.59,2026-05-27,16,True,False,1,0,0.7962
DLV-01049,LOT-01049,CAR-B,2026-07-02,14.61,2026-07-16,16,True,False,1,0,0.7808
DLV-01050,LOT-01050,CAR-B,2026-06-21,13.87,2026-07-04,16,True,False,1,0,0.792
DLV-01051,LOT-01051,CAR-B,2026-07-16,14.12,2026-07-30,16,True,False,1,0,0.7882
DLV-01052,LOT-01052,CAR-B,2026-06-15,14.88,2026-06-29,16,True,False,1,0,0.7768
DLV-01053,LOT-01053,CAR-A,2026-05-06,5.56,2026-05-11,16,True,False,1,0,0.9166
DLV-01054,LOT-01054,CAR-B,2026-06-18,12.7,2026-06-30,16,True,False,1,0,0.8095
DLV-01055,LOT-01055,CAR-A,2026-06-26,20.13,2026-07-16,16,False,True,0,1,0.0
DLV-01056,LOT-01056,CAR-A,2026-08-06,15.6,2026-08-21,16,True,False,1,0,0.766
DLV-01057,LOT-01057,CAR-A,2026-07-18,21.97,2026-08-08,16,False,True,0,1,0.0
DLV-01058,LOT-01058,CAR-B,2026-06-22,16.42,2026-07-08,16,False,True,0,1,0.0
DLV-01059,LOT-01059,CAR-B,2026-06-23,12.6,2026-07-05,16,True,False,1,0,0.811
DLV-01060,LOT-01060,CAR-A,2026-05-01,6.37,2026-05-07,16,True,False,1,0,0.9044
DLV-01061,LOT-01061,CAR-B,2026-08-07,13.87,2026-08-20,16,True,False,1,0,0.792
DLV-01062,LOT-01062,CAR-A,2026-05-07,6.48,2026-05-13,16,True,False,1,0,0.9028
DLV-01063,LOT-01063,CAR-A,2026-05-25,3.0,2026-05-28,16,True,False,1,0,0.955
DLV-01064,LOT-01064,CAR-A,2026-05-07,23.07,2026-05-30,16,False,True,0,1,0.0
DLV-01065,LOT-01065,CAR-B,2026-06-03,15.7,2026-06-18,16,True,False,1,0,0.7645
DLV-01066,LOT-01066,CAR-B,2026-05-30,13.62,2026-06-12,16,True,False,1,0,0.7957
DLV-01067,LOT-01067,CAR-B,2026-05-10,12.37,2026-05-22,16,True,False,1,0,0.8144
DLV-01068,LOT-01068,CAR-A,2026-06-25,4.34,2026-06-29,16,True,False,1,0,0.9349
DLV-01069,LOT-01069,CAR-B,2026-07-31,14.56,2026-08-14,16,True,False,1,0,0.7816
DLV-01070,LOT-01070,CAR-A,2026-05-29,27.73,2026-06-25,16,False,True,0,1,0.0
DLV-01071,LOT-01071,CAR-B,2026-06-26,14.44,2026-07-10,16,True,False,1,0,0.7834
DLV-01072,LOT-01072,CAR-A,2026-07-23,4.45,2026-07-27,16,True,False,1,0,0.9332
DLV-01073,LOT-01073,CAR-A,2026-07-03,4.69,2026-07-07,16,True,False,1,0,0.9296
DLV-01074,LOT-01074,CAR-A,2026-07-26,3.0,2026-07-29,16,True,False,1,0,0.955
DLV-01075,LOT-01075,CAR-A,2026-06-24,23.1,2026-07-17,16,False,True,0,1,0.0
DLV-01076,LOT-01076,CAR-B,2026-06-15,13.98,2026-06-28,16,True,False,1,0,0.7903
DLV-01077,LOT-01077,CAR-B,2026-08-03,13.23,2026-08-16,16,True,False,1,0,0.8016
DLV-01078,LOT-01078,CAR-B,2026-06-21,14.49,2026-07-05,16,True,False,1,0,0.7827
DLV-01079,LOT-01079,CAR-B,2026-05-07,13.02,2026-05-20,16,True,False,1,0,0.8047
DLV-01080,LOT-01080,CAR-A,2026-07-05,18.7,2026-07-23,16,False,True,0,1,0.0
DLV-01081,LOT-01081,CAR-A,2026-05-16,5.67,2026-05-21,16,True,False,1,0,0.915
DLV-01082,LOT-01082,CAR-B,2026-06-13,13.73,2026-06-26,16,True,False,1,0,0.794
DLV-01083,LOT-01083,CAR-B,2026-05-24,15.52,2026-06-08,16,True,False,1,0,0.7672
DLV-01084,LOT-01084,CAR-B,2026-08-08,14.36,2026-08-22,16,True,False,1,0,0.7846
DLV-01085,LOT-01085,CAR-B,2026-07-25,13.01,2026-08-07,16,True,False,1,0,0.8049
DLV-01086,LOT-01086,CAR-A,2026-05-23,5.71,2026-05-28,16,True,False,1,0,0.9144
DLV-01087,LOT-01087,CAR-A,2026-05-13,25.13,2026-06-07,16,False,True,0,1,0.0
DLV-01088,LOT-01088,CAR-B,2026-06-03,13.4,2026-06-16,16,True,False,1,0,0.799
DLV-01089,LOT-01089,CAR-B,2026-07-13,13.65,2026-07-26,16,True,False,1,0,0.7952
DLV-01090,LOT-01090,CAR-B,2026-07-09,12.25,2026-07-21,16,True,False,1,0,0.8162
DLV-01091,LOT-01091,CAR-A,2026-07-11,21.8,2026-08-01,16,False,True,0,1,0.0
DLV-01092,LOT-01092,CAR-A,2026-06-13,21.0,2026-07-04,16,False,True,0,1,0.0
DLV-01093,LOT-01093,CAR-B,2026-07-22,13.68,2026-08-04,16,True,False,1,0,0.7948
DLV-01094,LOT-01094,CAR-B,2026-05-01,13.43,2026-05-14,16,True,False,1,0,0.7986
DLV-01095,LOT-01095,CAR-B,2026-07-19,14.53,2026-08-02,16,True,False,1,0,0.782
DLV-01096,LOT-01096,CAR-A,2026-05-15,4.74,2026-05-19,16,True,False,1,0,0.9289
DLV-01097,LOT-01097,CAR-A,2026-07-12,26.05,2026-08-07,16,False,True,0,1,0.0
DLV-01098,LOT-01098,CAR-B,2026-08-04,15.39,2026-08-19,16,True,False,1,0,0.7692
DLV-01099,LOT-01099,CAR-B,2026-05-24,14.98,2026-06-07,16,True,False,1,0,0.7753
DLV-01100,LOT-01100,CAR-A,2026-08-01,4.21,2026-08-05,16,True,False,1,0,0.9368
DLV-01101,LOT-01101,CAR-A,2026-07-17,3.62,2026-07-20,16,True,False,1,0,0.9457
DLV-01102,LOT-01102,CAR-A,2026-05-22,4.94,2026-05-26,16,True,False,1,0,0.9259
DLV-01103,LOT-01103,CAR-B,2026-06-27,13.39,2026-07-10,16,True,False,1,0,0.7992
DLV-01104,LOT-01104,CAR-B,2026-07-21,14.96,2026-08-04,16,True,False,1,0,0.7756
DLV-01105,LOT-01105,CAR-B,2026-06-14,15.21,2026-06-29,16,True,False,1,0,0.7718
DLV-01106,LOT-01106,CAR-A,2026-06-01,5.46,2026-06-06,16,True,False,1,0,0.9181
DLV-01107,LOT-01107,CAR-B,2026-08-07,15.47,2026-08-22,16,True,False,1,0,0.768
DLV-01108,LOT-01108,CAR-A,2026-07-13,5.2,2026-07-18,16,True,False,1,0,0.922
DLV-01109,LOT-01109,CAR-B,2026-07-08,14.3,2026-07-22,16,True,False,1,0,0.7855
DLV-01110,LOT-01110,CAR-B,2026-08-02,12.8,2026-08-14,16,True,False,1,0,0.808
DLV-01111,LOT-01111,CAR-B,2026-05-11,13.63,2026-05-24,16,True,False,1,0,0.7956
DLV-01112,LOT-01112,CAR-A,2026-05-18,22.2,2026-06-09,16,False,True,0,1,0.0
DLV-01113,LOT-01113,CAR-B,2026-06-18,14.18,2026-07-02,16,True,False,1,0,0.7873
DLV-01114,LOT-01114,CAR-B,2026-07-04,15.01,2026-07-19,16,True,False,1,0,0.7748
DLV-01115,LOT-01115,CAR-A,2026-06-12,7.66,2026-06-19,16,True,False,1,0,0.8851
DLV-01116,LOT-01116,CAR-B,2026-05-10,12.42,2026-05-22,16,True,False,1,0,0.8137
DLV-01117,LOT-01117,CAR-B,2026-07-24,13.94,2026-08-06,16,True,False,1,0,0.7909
DLV-01118,LOT-01118,CAR-B,2026-05-21,11.74,2026-06-01,16,True,False,1,0,0.8239
DLV-01119,LOT-01119,CAR-A,2026-08-08,4.21,2026-08-12,16,True,False,1,0,0.9368
DLV-01120,LOT-01120,CAR-A,2026-06-02,5.46,2026-06-07,16,True,False,1,0,0.9181
DLV-01121,LOT-01121,CAR-B,2026-08-01,14.25,2026-08-15,16,True,False,1,0,0.7862
DLV-01122,LOT-01122,CAR-A,2026-05-04,4.94,2026-05-08,16,True,False,1,0,0.9259
DLV-01123,LOT-01123,CAR-B,2026-06-20,13.53,2026-07-03,16,True,False,1,0,0.797
DLV-01124,LOT-01124,CAR-A,2026-07-31,6.34,2026-08-06,16,True,False,1,0,0.9049
DLV-01125,LOT-01125,CAR-A,2026-05-02,12.13,2026-05-14,16,True,False,1,0,0.818
DLV-01126,LOT-01126,CAR-A,2026-06-29,5.78,2026-07-04,16,True,False,1,0,0.9133
DLV-01127,LOT-01127,CAR-A,2026-06-15,5.95,2026-06-20,16,True,False,1,0,0.9108
DLV-01128,LOT-01128,CAR-B,2026-07-16,15.51,2026-07-31,16,True,False,1,0,0.7674
DLV-01129,LOT-01129,CAR-A,2026-06-19,12.39,2026-07-01,16,True,False,1,0,0.8141
DLV-01130,LOT-01130,CAR-A,2026-06-07,3.4,2026-06-10,16,True,False,1,0,0.949
DLV-01131,LOT-01131,CAR-A,2026-08-07,5.85,2026-08-12,16,True,False,1,0,0.9122
DLV-01132,LOT-01132,CAR-B,2026-06-13,11.78,2026-06-24,16,True,False,1,0,0.8233
DLV-01133,LOT-01133,CAR-B,2026-05-14,13.86,2026-05-27,16,True,False,1,0,0.7921
DLV-01134,LOT-01134,CAR-A,2026-06-26,4.48,2026-06-30,16,True,False,1,0,0.9328
DLV-01135,LOT-01135,CAR-A,2026-06-02,4.59,2026-06-06,16,True,False,1,0,0.9312
DLV-01136,LOT-01136,CAR-A,2026-05-21,4.29,2026-05-25,16,True,False,1,0,0.9356
DLV-01137,LOT-01137,CAR-B,2026-07-15,12.26,2026-07-27,16,True,False,1,0,0.8161
DLV-01138,LOT-01138,CAR-B,2026-07-28,12.45,2026-08-09,16,True,False,1,0,0.8132
DLV-01139,LOT-01139,CAR-B,2026-06-09,14.1,2026-06-23,16,True,False,1,0,0.7885
DLV-01140,LOT-01140,CAR-B,2026-06-01,13.78,2026-06-14,16,True,False,1,0,0.7933
DLV-01141,LOT-01141,CAR-B,2026-08-04,14.3,2026-08-18,16,True,False,1,0,0.7855
DLV-01142,LOT-01142,CAR-B,2026-05-14,13.9,2026-05-27,16,True,False,1,0,0.7915
DLV-01143,LOT-01143,CAR-A,2026-07-14,4.23,2026-07-18,16,True,False,1,0,0.9366
DLV-01144,LOT-01144,CAR-A,2026-06-09,4.0,2026-06-13,16,True,False,1,0,0.94
DLV-01145,LOT-01145,CAR-B,2026-07-18,13.39,2026-07-31,16,True,False,1,0,0.7992
DLV-01146,LOT-01146,CAR-B,2026-06-21,13.81,2026-07-04,16,True,False,1,0,0.7929
DLV-01147,LOT-01147,CAR-B,2026-07-23,13.87,2026-08-05,16,True,False,1,0,0.792
DLV-01148,LOT-01148,CAR-B,2026-08-01,14.4,2026-08-15,16,True,False,1,0,0.784
DLV-01149,LOT-01149,CAR-B,2026-07-19,14.08,2026-08-02,16,True,False,1,0,0.7888
DLV-01150,LOT-01150,CAR-A,2026-07-24,15.77,2026-08-08,16,True,False,1,0,0.7634
DLV-01151,LOT-01151,CAR-A,2026-05-05,4.37,2026-05-09,16,True,False,1,0,0.9344
DLV-01152,LOT-01152,CAR-A,2026-07-04,5.5,2026-07-09,16,True,False,1,0,0.9175
DLV-01153,LOT-01153,CAR-B,2026-07-23,15.02,2026-08-07,16,True,False,1,0,0.7747
DLV-01154,LOT-01154,CAR-B,2026-07-18,13.58,2026-07-31,16,True,False,1,0,0.7963
DLV-01155,LOT-01155,CAR-A,2026-06-06,18.97,2026-06-24,16,False,True,0,1,0.0
DLV-01156,LOT-01156,CAR-B,2026-07-27,15.44,2026-08-11,16,True,False,1,0,0.7684
DLV-01157,LOT-01157,CAR-B,2026-07-05,13.97,2026-07-18,16,True,False,1,0,0.7904
DLV-01158,LOT-01158,CAR-B,2026-07-02,12.02,2026-07-14,16,True,False,1,0,0.8197
DLV-01159,LOT-01159,CAR-B,2026-05-25,14.31,2026-06-08,16,True,False,1,0,0.7854
DLV-01160,LOT-01160,CAR-A,2026-06-10,12.26,2026-06-22,16,True,False,1,0,0.8161
DLV-01161,LOT-01161,CAR-B,2026-08-08,14.9,2026-08-22,16,True,False,1,0,0.7765
DLV-01162,LOT-01162,CAR-A,2026-07-22,22.15,2026-08-13,16,False,True,0,1,0.0
DLV-01163,LOT-01163,CAR-B,2026-05-06,14.26,2026-05-20,16,True,False,1,0,0.7861
DLV-01164,LOT-01164,CAR-A,2026-07-31,5.12,2026-08-05,16,True,False,1,0,0.9232
DLV-01165,LOT-01165,CAR-A,2026-05-17,3.0,2026-05-20,16,True,False,1,0,0.955
DLV-01166,LOT-01166,CAR-B,2026-05-06,14.75,2026-05-20,16,True,False,1,0,0.7788
DLV-01167,LOT-01167,CAR-B,2026-07-16,13.22,2026-07-29,16,True,False,1,0,0.8017
DLV-01168,LOT-01168,CAR-A,2026-05-11,6.18,2026-05-17,16,True,False,1,0,0.9073
DLV-01169,LOT-01169,CAR-A,2026-07-01,21.59,2026-07-22,16,False,True,0,1,0.0
DLV-01170,LOT-01170,CAR-B,2026-06-26,14.74,2026-07-10,16,True,False,1,0,0.7789
DLV-01171,LOT-01171,CAR-B,2026-05-30,14.89,2026-06-13,16,True,False,1,0,0.7767
DLV-01172,LOT-01172,CAR-A,2026-08-02,18.23,2026-08-20,16,False,True,0,1,0.0
DLV-01173,LOT-01173,CAR-B,2026-05-09,13.34,2026-05-22,16,True,False,1,0,0.7999
DLV-01174,LOT-01174,CAR-B,2026-05-02,14.13,2026-05-16,16,True,False,1,0,0.788
DLV-01175,LOT-01175,CAR-B,2026-05-11,12.5,2026-05-23,16,True,False,1,0,0.8125
DLV-01176,LOT-01176,CAR-B,2026-07-09,13.9,2026-07-22,16,True,False,1,0,0.7915
DLV-01177,LOT-01177,CAR-A,2026-08-08,5.08,2026-08-13,16,True,False,1,0,0.9238
DLV-01178,LOT-01178,CAR-A,2026-05-07,12.94,2026-05-19,16,True,False,1,0,0.8059
DLV-01179,LOT-01179,CAR-A,2026-08-06,5.57,2026-08-11,16,True,False,1,0,0.9164
DLV-01180,LOT-01180,CAR-A,2026-06-19,3.84,2026-06-22,16,True,False,1,0,0.9424
DLV-01181,LOT-01181,CAR-A,2026-07-07,5.63,2026-07-12,16,True,False,1,0,0.9156
DLV-01182,LOT-01182,CAR-B,2026-08-01,15.13,2026-08-16,16,True,False,1,0,0.773
DLV-01183,LOT-01183,CAR-A,2026-07-05,5.12,2026-07-10,16,True,False,1,0,0.9232
DLV-01184,LOT-01184,CAR-A,2026-08-02,5.15,2026-08-07,16,True,False,1,0,0.9228
DLV-01185,LOT-01185,CAR-B,2026-07-09,14.28,2026-07-23,16,True,False,1,0,0.7858
DLV-01186,LOT-01186,CAR-B,2026-06-26,12.96,2026-07-08,16,True,False,1,0,0.8056
DLV-01187,LOT-01187,CAR-A,2026-06-23,19.13,2026-07-12,16,False,True,0,1,0.0
DLV-01188,LOT-01188,CAR-B,2026-05-25,13.36,2026-06-07,16,True,False,1,0,0.7996
DLV-01189,LOT-01189,CAR-B,2026-05-21,13.97,2026-06-03,16,True,False,1,0,0.7904
DLV-01190,LOT-01190,CAR-B,2026-06-03,14.42,2026-06-17,16,True,False,1,0,0.7837
DLV-01191,LOT-01191,CAR-A,2026-06-02,13.94,2026-06-15,16,True,False,1,0,0.7909
DLV-01192,LOT-01192,CAR-A,2026-07-11,6.58,2026-07-17,16,True,False,1,0,0.9013
DLV-01193,LOT-01193,CAR-A,2026-05-30,4.52,2026-06-03,16,True,False,1,0,0.9322
DLV-01194,LOT-01194,CAR-B,2026-07-17,13.2,2026-07-30,16,True,False,1,0,0.802
DLV-01195,LOT-01195,CAR-A,2026-07-10,4.23,2026-07-14,16,True,False,1,0,0.9366
DLV-01196,LOT-01196,CAR-B,2026-07-02,14.36,2026-07-16,16,True,False,1,0,0.7846
DLV-01197,LOT-01197,CAR-B,2026-06-27,14.33,2026-07-11,16,True,False,1,0,0.785
DLV-01198,LOT-01198,CAR-B,2026-06-20,14.2,2026-07-04,16,True,False,1,0,0.787
DLV-01199,LOT-01199,CAR-B,2026-07-21,14.07,2026-08-04,16,True,False,1,0,0.789
DLV-01200,LOT-01200,CAR-A,2026-07-21,4.63,2026-07-25,16,True,False,1,0,0.9306
DLV-01201,LOT-01201,CAR-A,2026-05-19,31.6,2026-06-19,16,False,True,0,1,0.0
DLV-01202,LOT-01202,CAR-A,2026-06-02,7.35,2026-06-09,16,True,False,1,0,0.8898
DLV-01203,LOT-01203,CAR-B,2026-07-06,13.65,2026-07-19,16,True,False,1,0,0.7952
DLV-01204,LOT-01204,CAR-A,2026-07-11,3.66,2026-07-14,16,True,False,1,0,0.9451
DLV-01205,LOT-01205,CAR-B,2026-07-21,14.41,2026-08-04,16,True,False,1,0,0.7839
DLV-01206,LOT-01206,CAR-B,2026-06-25,13.66,2026-07-08,16,True,False,1,0,0.7951
DLV-01207,LOT-01207,CAR-A,2026-05-27,6.56,2026-06-02,16,True,False,1,0,0.9016
DLV-01208,LOT-01208,CAR-B,2026-05-07,13.06,2026-05-20,16,True,False,1,0,0.8041
DLV-01209,LOT-01209,CAR-A,2026-05-17,6.28,2026-05-23,16,True,False,1,0,0.9058
DLV-01210,LOT-01210,CAR-A,2026-05-27,4.68,2026-05-31,16,True,False,1,0,0.9298
DLV-01211,LOT-01211,CAR-B,2026-05-15,13.24,2026-05-28,16,True,False,1,0,0.8014
DLV-01212,LOT-01212,CAR-A,2026-08-07,4.92,2026-08-11,16,True,False,1,0,0.9262
DLV-01213,LOT-01213,CAR-B,2026-05-19,13.66,2026-06-01,16,True,False,1,0,0.7951
DLV-01214,LOT-01214,CAR-B,2026-07-28,11.35,2026-08-08,16,True,False,1,0,0.8298
DLV-01215,LOT-01215,CAR-A,2026-06-21,5.59,2026-06-26,16,True,False,1,0,0.9162
DLV-01216,LOT-01216,CAR-B,2026-06-13,13.23,2026-06-26,16,True,False,1,0,0.8016
DLV-01217,LOT-01217,CAR-A,2026-05-02,4.39,2026-05-06,16,True,False,1,0,0.9342
DLV-01218,LOT-01218,CAR-A,2026-05-21,5.0,2026-05-26,16,True,False,1,0,0.925
DLV-01219,LOT-01219,CAR-A,2026-07-10,4.95,2026-07-14,16,True,False,1,0,0.9258
DLV-01220,LOT-01220,CAR-A,2026-05-30,13.85,2026-06-12,16,True,False,1,0,0.7922
DLV-01221,LOT-01221,CAR-B,2026-05-08,12.42,2026-05-20,16,True,False,1,0,0.8137
DLV-01222,LOT-01222,CAR-A,2026-07-05,5.1,2026-07-10,16,True,False,1,0,0.9235
DLV-01223,LOT-01223,CAR-A,2026-07-27,25.11,2026-08-21,16,False,True,0,1,0.0
DLV-01224,LOT-01224,CAR-B,2026-06-25,15.35,2026-07-10,16,True,False,1,0,0.7698
DLV-01225,LOT-01225,CAR-A,2026-05-07,17.13,2026-05-24,16,False,True,0,1,0.0
DLV-01226,LOT-01226,CAR-A,2026-05-11,7.71,2026-05-18,16,True,False,1,0,0.8844
DLV-01227,LOT-01227,CAR-B,2026-06-19,13.68,2026-07-02,16,True,False,1,0,0.7948
DLV-01228,LOT-01228,CAR-B,2026-06-27,13.33,2026-07-10,16,True,False,1,0,0.8
DLV-01229,LOT-01229,CAR-A,2026-06-16,4.03,2026-06-20,16,True,False,1,0,0.9396
DLV-01230,LOT-01230,CAR-A,2026-08-08,4.83,2026-08-12,16,True,False,1,0,0.9276
DLV-01231,LOT-01231,CAR-B,2026-07-24,14.7,2026-08-07,16,True,False,1,0,0.7795
DLV-01232,LOT-01232,CAR-A,2026-07-08,3.42,2026-07-11,16,True,False,1,0,0.9487
DLV-01233,LOT-01233,CAR-A,2026-06-03,13.84,2026-06-16,16,True,False,1,0,0.7924
DLV-01234,LOT-01234,CAR-A,2026-06-05,18.89,2026-06-23,16,False,True,0,1,0.0
DLV-01235,LOT-01235,CAR-A,2026-06-22,6.65,2026-06-28,16,True,False,1,0,0.9002
DLV-01236,LOT-01236,CAR-A,2026-06-22,3.33,2026-06-25,16,True,False,1,0,0.95
DLV-01237,LOT-01237,CAR-A,2026-05-05,4.17,2026-05-09,16,True,False,1,0,0.9374
DLV-01238,LOT-01238,CAR-A,2026-07-15,3.41,2026-07-18,16,True,False,1,0,0.9488
DLV-01239,LOT-01239,CAR-B,2026-07-02,12.16,2026-07-14,16,True,False,1,0,0.8176
DLV-01240,LOT-01240,CAR-B,2026-05-09,14.31,2026-05-23,16,True,False,1,0,0.7854
DLV-01241,LOT-01241,CAR-A,2026-05-25,15.22,2026-06-09,16,True,False,1,0,0.7717
DLV-01242,LOT-01242,CAR-A,2026-06-14,9.25,2026-06-23,16,True,False,1,0,0.8612
DLV-01243,LOT-01243,CAR-A,2026-07-03,6.21,2026-07-09,16,True,False,1,0,0.9068
DLV-01244,LOT-01244,CAR-B,2026-05-20,13.27,2026-06-02,16,True,False,1,0,0.801
DLV-01245,LOT-01245,CAR-A,2026-07-03,3.0,2026-07-06,16,True,False,1,0,0.955
DLV-01246,LOT-01246,CAR-A,2026-05-07,3.48,2026-05-10,16,True,False,1,0,0.9478
DLV-01247,LOT-01247,CAR-A,2026-06-30,4.58,2026-07-04,16,True,False,1,0,0.9313
DLV-01248,LOT-01248,CAR-B,2026-05-26,13.77,2026-06-08,16,True,False,1,0,0.7934
DLV-01249,LOT-01249,CAR-A,2026-07-15,5.46,2026-07-20,16,True,False,1,0,0.9181
DLV-01250,LOT-01250,CAR-A,2026-06-13,3.0,2026-06-16,16,True,False,1,0,0.955
DLV-01251,LOT-01251,CAR-B,2026-07-07,15.15,2026-07-22,16,True,False,1,0,0.7728
DLV-01252,LOT-01252,CAR-A,2026-05-27,20.16,2026-06-16,16,False,True,0,1,0.0
DLV-01253,LOT-01253,CAR-A,2026-07-20,26.02,2026-08-15,16,False,True,0,1,0.0
DLV-01254,LOT-01254,CAR-B,2026-06-30,13.51,2026-07-13,16,True,False,1,0,0.7974
DLV-01255,LOT-01255,CAR-B,2026-05-12,13.78,2026-05-25,16,True,False,1,0,0.7933
DLV-01256,LOT-01256,CAR-B,2026-07-29,13.91,2026-08-11,16,True,False,1,0,0.7914
DLV-01257,LOT-01257,CAR-A,2026-06-06,26.44,2026-07-02,16,False,True,0,1,0.0
DLV-01258,LOT-01258,CAR-B,2026-05-18,13.2,2026-05-31,16,True,False,1,0,0.802
DLV-01259,LOT-01259,CAR-A,2026-06-09,5.8,2026-06-14,16,True,False,1,0,0.913
DLV-01260,LOT-01260,CAR-B,2026-05-28,12.85,2026-06-09,16,True,False,1,0,0.8072
DLV-01261,LOT-01261,CAR-A,2026-05-24,17.76,2026-06-10,16,False,True,0,1,0.0
DLV-01262,LOT-01262,CAR-A,2026-05-13,11.97,2026-05-24,16,True,False,1,0,0.8204
DLV-01263,LOT-01263,CAR-B,2026-06-17,13.64,2026-06-30,16,True,False,1,0,0.7954
DLV-01264,LOT-01264,CAR-B,2026-06-21,13.42,2026-07-04,16,True,False,1,0,0.7987
DLV-01265,LOT-01265,CAR-B,2026-06-29,14.95,2026-07-13,16,True,False,1,0,0.7758
DLV-01266,LOT-01266,CAR-A,2026-07-15,5.97,2026-07-20,16,True,False,1,0,0.9104
DLV-01267,LOT-01267,CAR-A,2026-07-25,3.0,2026-07-28,16,True,False,1,0,0.955
DLV-01268,LOT-01268,CAR-B,2026-06-26,13.93,2026-07-09,16,True,False,1,0,0.791
DLV-01269,LOT-01269,CAR-A,2026-05-18,21.69,2026-06-08,16,False,True,0,1,0.0
DLV-01270,LOT-01270,CAR-B,2026-06-29,12.29,2026-07-11,16,True,False,1,0,0.8156
DLV-01271,LOT-01271,CAR-B,2026-05-31,16.22,2026-06-16,16,False,True,0,1,0.0
DLV-01272,LOT-01272,CAR-A,2026-06-26,3.49,2026-06-29,16,True,False,1,0,0.9476
DLV-01273,LOT-01273,CAR-A,2026-06-17,5.17,2026-06-22,16,True,False,1,0,0.9224
DLV-01274,LOT-01274,CAR-A,2026-07-08,10.02,2026-07-18,16,True,False,1,0,0.8497
DLV-01275,LOT-01275,CAR-A,2026-06-18,3.05,2026-06-21,16,True,False,1,0,0.9542
DLV-01276,LOT-01276,CAR-A,2026-07-22,4.87,2026-07-26,16,True,False,1,0,0.927
DLV-01277,LOT-01277,CAR-A,2026-07-29,4.63,2026-08-02,16,True,False,1,0,0.9306
DLV-01278,LOT-01278,CAR-A,2026-07-07,12.78,2026-07-19,16,True,False,1,0,0.8083
DLV-01279,LOT-01279,CAR-B,2026-06-09,14.56,2026-06-23,16,True,False,1,0,0.7816
DLV-01280,LOT-01280,CAR-A,2026-07-09,5.69,2026-07-14,16,True,False,1,0,0.9146
DLV-01281,LOT-01281,CAR-B,2026-08-01,15.12,2026-08-16,16,True,False,1,0,0.7732
DLV-01282,LOT-01282,CAR-A,2026-07-07,13.16,2026-07-20,16,True,False,1,0,0.8026
DLV-01283,LOT-01283,CAR-B,2026-06-25,14.5,2026-07-09,16,True,False,1,0,0.7825
DLV-01284,LOT-01284,CAR-A,2026-06-03,5.44,2026-06-08,16,True,False,1,0,0.9184
DLV-01285,LOT-01285,CAR-B,2026-07-28,14.53,2026-08-11,16,True,False,1,0,0.782
DLV-01286,LOT-01286,CAR-B,2026-07-31,14.07,2026-08-14,16,True,False,1,0,0.789
DLV-01287,LOT-01287,CAR-B,2026-07-04,13.85,2026-07-17,16,True,False,1,0,0.7922
DLV-01288,LOT-01288,CAR-B,2026-05-27,15.55,2026-06-11,16,True,False,1,0,0.7668
DLV-01289,LOT-01289,CAR-B,2026-06-14,15.1,2026-06-29,16,True,False,1,0,0.7735
DLV-01290,LOT-01290,CAR-B,2026-05-15,13.82,2026-05-28,16,True,False,1,0,0.7927
DLV-01291,LOT-01291,CAR-A,2026-07-26,4.46,2026-07-30,16,True,False,1,0,0.9331
DLV-01292,LOT-01292,CAR-B,2026-06-10,14.33,2026-06-24,16,True,False,1,0,0.785
DLV-01293,LOT-01293,CAR-A,2026-05-28,4.14,2026-06-01,16,True,False,1,0,0.9379
DLV-01294,LOT-01294,CAR-B,2026-07-19,14.65,2026-08-02,16,True,False,1,0,0.7802
DLV-01295,LOT-01295,CAR-B,2026-06-30,14.26,2026-07-14,16,True,False,1,0,0.7861
DLV-01296,LOT-01296,CAR-A,2026-05-12,28.49,2026-06-09,16,False,True,0,1,0.0
DLV-01297,LOT-01297,CAR-B,2026-07-24,13.7,2026-08-06,16,True,False,1,0,0.7945
DLV-01298,LOT-01298,CAR-B,2026-05-07,13.83,2026-05-20,16,True,False,1,0,0.7926
DLV-01299,LOT-01299,CAR-A,2026-05-06,17.93,2026-05-23,16,False,True,0,1,0.0
DLV-01300,LOT-01300,CAR-B,2026-05-23,14.34,2026-06-06,16,True,False,1,0,0.7849
DLV-01301,LOT-01301,CAR-B,2026-05-23,14.2,2026-06-06,16,True,False,1,0,0.787
DLV-01302,LOT-01302,CAR-A,2026-06-16,5.04,2026-06-21,16,True,False,1,0,0.9244
DLV-01303,LOT-01303,CAR-B,2026-05-01,14.33,2026-05-15,16,True,False,1,0,0.785
DLV-01304,LOT-01304,CAR-B,2026-07-05,14.23,2026-07-19,16,True,False,1,0,0.7866
DLV-01305,LOT-01305,CAR-A,2026-05-18,5.93,2026-05-23,16,True,False,1,0,0.911
DLV-01306,LOT-01306,CAR-A,2026-07-06,5.16,2026-07-11,16,True,False,1,0,0.9226
DLV-01307,LOT-01307,CAR-B,2026-05-26,13.84,2026-06-08,16,True,False,1,0,0.7924
DLV-01308,LOT-01308,CAR-A,2026-07-13,7.54,2026-07-20,16,True,False,1,0,0.8869
DLV-01309,LOT-01309,CAR-B,2026-07-12,12.22,2026-07-24,16,True,False,1,0,0.8167
DLV-01310,LOT-01310,CAR-A,2026-06-20,5.78,2026-06-25,16,True,False,1,0,0.9133
DLV-01311,LOT-01311,CAR-A,2026-07-02,3.23,2026-07-05,16,True,False,1,0,0.9516
DLV-01312,LOT-01312,CAR-A,2026-05-04,22.2,2026-05-26,16,False,True,0,1,0.0
DLV-01313,LOT-01313,CAR-B,2026-05-31,12.35,2026-06-12,16,True,False,1,0,0.8148
DLV-01314,LOT-01314,CAR-A,2026-05-31,7.3,2026-06-07,16,True,False,1,0,0.8905
DLV-01315,LOT-01315,CAR-B,2026-06-04,13.2,2026-06-17,16,True,False,1,0,0.802
DLV-01316,LOT-01316,CAR-B,2026-05-21,15.25,2026-06-05,16,True,False,1,0,0.7712
DLV-01317,LOT-01317,CAR-A,2026-06-10,29.0,2026-07-09,16,False,True,0,1,0.0
DLV-01318,LOT-01318,CAR-B,2026-07-23,15.31,2026-08-07,16,True,False,1,0,0.7704
DLV-01319,LOT-01319,CAR-A,2026-05-08,17.57,2026-05-25,16,False,True,0,1,0.0
DLV-01320,LOT-01320,CAR-B,2026-06-17,13.79,2026-06-30,16,True,False,1,0,0.7932
DLV-01321,LOT-01321,CAR-A,2026-07-31,3.0,2026-08-03,16,True,False,1,0,0.955
DLV-01322,LOT-01322,CAR-A,2026-06-07,19.38,2026-06-26,16,False,True,0,1,0.0
DLV-01323,LOT-01323,CAR-A,2026-05-31,6.49,2026-06-06,16,True,False,1,0,0.9026
DLV-01324,LOT-01324,CAR-B,2026-07-26,13.89,2026-08-08,16,True,False,1,0,0.7916
DLV-01325,LOT-01325,CAR-B,2026-05-01,15.18,2026-05-16,16,True,False,1,0,0.7723
DLV-01326,LOT-01326,CAR-B,2026-07-14,12.58,2026-07-26,16,True,False,1,0,0.8113
DLV-01327,LOT-01327,CAR-A,2026-05-25,3.95,2026-05-28,16,True,False,1,0,0.9408
DLV-01328,LOT-01328,CAR-A,2026-07-08,5.18,2026-07-13,16,True,False,1,0,0.9223
DLV-01329,LOT-01329,CAR-B,2026-07-19,13.96,2026-08-01,16,True,False,1,0,0.7906
DLV-01330,LOT-01330,CAR-A,2026-05-21,6.61,2026-05-27,16,True,False,1,0,0.9008
DLV-01331,LOT-01331,CAR-A,2026-07-22,27.0,2026-08-18,16,False,True,0,1,0.0
DLV-01332,LOT-01332,CAR-A,2026-06-14,3.0,2026-06-17,16,True,False,1,0,0.955
DLV-01333,LOT-01333,CAR-B,2026-05-20,14.44,2026-06-03,16,True,False,1,0,0.7834
DLV-01334,LOT-01334,CAR-A,2026-06-20,14.33,2026-07-04,16,True,False,1,0,0.785
DLV-01335,LOT-01335,CAR-B,2026-05-25,14.69,2026-06-08,16,True,False,1,0,0.7796
DLV-01336,LOT-01336,CAR-A,2026-07-16,4.92,2026-07-20,16,True,False,1,0,0.9262
DLV-01337,LOT-01337,CAR-A,2026-08-04,6.4,2026-08-10,16,True,False,1,0,0.904
DLV-01338,LOT-01338,CAR-B,2026-06-24,15.59,2026-07-09,16,True,False,1,0,0.7662
DLV-01339,LOT-01339,CAR-B,2026-05-29,13.72,2026-06-11,16,True,False,1,0,0.7942
DLV-01340,LOT-01340,CAR-A,2026-05-02,4.36,2026-05-06,16,True,False,1,0,0.9346
DLV-01341,LOT-01341,CAR-A,2026-06-06,20.0,2026-06-26,16,False,True,0,1,0.0
DLV-01342,LOT-01342,CAR-B,2026-07-02,14.43,2026-07-16,16,True,False,1,0,0.7836
DLV-01343,LOT-01343,CAR-A,2026-05-02,27.12,2026-05-29,16,False,True,0,1,0.0
DLV-01344,LOT-01344,CAR-A,2026-05-20,6.14,2026-05-26,16,True,False,1,0,0.9079
DLV-01345,LOT-01345,CAR-B,2026-05-13,14.67,2026-05-27,16,True,False,1,0,0.78
DLV-01346,LOT-01346,CAR-B,2026-06-15,14.51,2026-06-29,16,True,False,1,0,0.7824
DLV-01347,LOT-01347,CAR-B,2026-05-16,11.8,2026-05-27,16,True,False,1,0,0.823
DLV-01348,LOT-01348,CAR-B,2026-07-19,14.98,2026-08-02,16,True,False,1,0,0.7753
DLV-01349,LOT-01349,CAR-A,2026-07-26,4.57,2026-07-30,16,True,False,1,0,0.9314
DLV-01350,LOT-01350,CAR-A,2026-08-08,5.25,2026-08-13,16,True,False,1,0,0.9212
DLV-01351,LOT-01351,CAR-A,2026-05-11,21.89,2026-06-01,16,False,True,0,1,0.0
DLV-01352,LOT-01352,CAR-A,2026-07-29,5.41,2026-08-03,16,True,False,1,0,0.9188
DLV-01353,LOT-01353,CAR-B,2026-05-31,14.17,2026-06-14,16,True,False,1,0,0.7874
DLV-01354,LOT-01354,CAR-B,2026-05-04,13.0,2026-05-17,16,True,False,1,0,0.805
DLV-01355,LOT-01355,CAR-A,2026-07-31,5.9,2026-08-05,16,True,False,1,0,0.9115
DLV-01356,LOT-01356,CAR-A,2026-06-23,5.03,2026-06-28,16,True,False,1,0,0.9246
DLV-01357,LOT-01357,CAR-A,2026-06-07,6.23,2026-06-13,16,True,False,1,0,0.9066
DLV-01358,LOT-01358,CAR-B,2026-06-17,14.76,2026-07-01,16,True,False,1,0,0.7786
DLV-01359,LOT-01359,CAR-A,2026-07-01,6.83,2026-07-07,16,True,False,1,0,0.8976
DLV-01360,LOT-01360,CAR-B,2026-06-19,15.13,2026-07-04,16,True,False,1,0,0.773
DLV-01361,LOT-01361,CAR-B,2026-07-02,11.82,2026-07-13,16,True,False,1,0,0.8227
DLV-01362,LOT-01362,CAR-B,2026-06-15,13.9,2026-06-28,16,True,False,1,0,0.7915
DLV-01363,LOT-01363,CAR-A,2026-06-13,29.91,2026-07-12,16,False,True,0,1,0.0
DLV-01364,LOT-01364,CAR-B,2026-07-22,14.21,2026-08-05,16,True,False,1,0,0.7869
DLV-01365,LOT-01365,CAR-B,2026-05-21,13.77,2026-06-03,16,True,False,1,0,0.7934
DLV-01366,LOT-01366,CAR-A,2026-06-16,4.76,2026-06-20,16,True,False,1,0,0.9286
DLV-01367,LOT-01367,CAR-B,2026-05-06,13.83,2026-05-19,16,True,False,1,0,0.7926
DLV-01368,LOT-01368,CAR-B,2026-06-25,14.31,2026-07-09,16,True,False,1,0,0.7854
DLV-01369,LOT-01369,CAR-A,2026-05-30,4.93,2026-06-03,16,True,False,1,0,0.926
DLV-01370,LOT-01370,CAR-A,2026-05-02,13.48,2026-05-15,16,True,False,1,0,0.7978
DLV-01371,LOT-01371,CAR-B,2026-07-02,15.55,2026-07-17,16,True,False,1,0,0.7668
DLV-01372,LOT-01372,CAR-B,2026-07-11,16.43,2026-07-27,16,False,True,0,1,0.0
DLV-01373,LOT-01373,CAR-B,2026-06-25,13.77,2026-07-08,16,True,False,1,0,0.7934
DLV-01374,LOT-01374,CAR-A,2026-07-27,4.91,2026-07-31,16,True,False,1,0,0.9264
DLV-01375,LOT-01375,CAR-B,2026-05-08,15.75,2026-05-23,16,True,False,1,0,0.7638
DLV-01376,LOT-01376,CAR-A,2026-07-21,13.21,2026-08-03,16,True,False,1,0,0.8018
DLV-01377,LOT-01377,CAR-B,2026-07-28,14.2,2026-08-11,16,True,False,1,0,0.787
DLV-01378,LOT-01378,CAR-A,2026-07-10,4.06,2026-07-14,16,True,False,1,0,0.9391
DLV-01379,LOT-01379,CAR-B,2026-07-09,14.06,2026-07-23,16,True,False,1,0,0.7891
DLV-01380,LOT-01380,CAR-A,2026-05-03,3.58,2026-05-06,16,True,False,1,0,0.9463
DLV-01381,LOT-01381,CAR-B,2026-05-29,14.18,2026-06-12,16,True,False,1,0,0.7873
DLV-01382,LOT-01382,CAR-B,2026-06-02,13.45,2026-06-15,16,True,False,1,0,0.7982
DLV-01383,LOT-01383,CAR-B,2026-07-06,14.51,2026-07-20,16,True,False,1,0,0.7824
DLV-01384,LOT-01384,CAR-A,2026-06-21,4.77,2026-06-25,16,True,False,1,0,0.9284
DLV-01385,LOT-01385,CAR-A,2026-06-06,23.47,2026-06-29,16,False,True,0,1,0.0
DLV-01386,LOT-01386,CAR-B,2026-07-23,13.43,2026-08-05,16,True,False,1,0,0.7986
DLV-01387,LOT-01387,CAR-A,2026-07-29,17.22,2026-08-15,16,False,True,0,1,0.0
DLV-01388,LOT-01388,CAR-B,2026-05-17,15.05,2026-06-01,16,True,False,1,0,0.7742
DLV-01389,LOT-01389,CAR-A,2026-06-17,7.18,2026-06-24,16,True,False,1,0,0.8923
DLV-01390,LOT-01390,CAR-B,2026-07-16,14.65,2026-07-30,16,True,False,1,0,0.7802
DLV-01391,LOT-01391,CAR-A,2026-06-27,13.74,2026-07-10,16,True,False,1,0,0.7939
DLV-01392,LOT-01392,CAR-A,2026-06-24,4.11,2026-06-28,16,True,False,1,0,0.9384
DLV-01393,LOT-01393,CAR-B,2026-06-17,12.05,2026-06-29,16,True,False,1,0,0.8192
DLV-01394,LOT-01394,CAR-B,2026-05-26,15.1,2026-06-10,16,True,False,1,0,0.7735
DLV-01395,LOT-01395,CAR-A,2026-07-03,12.41,2026-07-15,16,True,False,1,0,0.8138
DLV-01396,LOT-01396,CAR-A,2026-05-30,5.92,2026-06-04,16,True,False,1,0,0.9112
DLV-01397,LOT-01397,CAR-B,2026-06-22,13.49,2026-07-05,16,True,False,1,0,0.7976
DLV-01398,LOT-01398,CAR-A,2026-06-18,3.57,2026-06-21,16,True,False,1,0,0.9464
DLV-01399,LOT-01399,CAR-A,2026-05-02,18.36,2026-05-20,16,False,True,0,1,0.0
DLV-01400,LOT-01400,CAR-B,2026-05-12,14.78,2026-05-26,16,True,False,1,0,0.7783
DLV-01401,LOT-01401,CAR-A,2026-05-04,5.16,2026-05-09,16,True,False,1,0,0.9226
DLV-01402,LOT-01402,CAR-A,2026-05-24,14.37,2026-06-07,16,True,False,1,0,0.7844
DLV-01403,LOT-01403,CAR-B,2026-06-15,14.06,2026-06-29,16,True,False,1,0,0.7891
DLV-01404,LOT-01404,CAR-A,2026-06-08,24.81,2026-07-02,16,False,True,0,1,0.0
DLV-01405,LOT-01405,CAR-B,2026-05-23,15.75,2026-06-07,16,True,False,1,0,0.7638
DLV-01406,LOT-01406,CAR-A,2026-05-15,24.79,2026-06-08,16,False,True,0,1,0.0
DLV-01407,LOT-01407,CAR-B,2026-06-10,12.83,2026-06-22,16,True,False,1,0,0.8076
DLV-01408,LOT-01408,CAR-A,2026-07-10,7.07,2026-07-17,16,True,False,1,0,0.894
DLV-01409,LOT-01409,CAR-A,2026-05-15,6.33,2026-05-21,16,True,False,1,0,0.905
DLV-01410,LOT-01410,CAR-A,2026-05-09,13.28,2026-05-22,16,True,False,1,0,0.8008
DLV-01411,LOT-01411,CAR-B,2026-06-28,13.82,2026-07-11,16,True,False,1,0,0.7927
DLV-01412,LOT-01412,CAR-A,2026-05-01,22.01,2026-05-23,16,False,True,0,1,0.0
DLV-01413,LOT-01413,CAR-A,2026-08-07,19.07,2026-08-26,16,False,True,0,1,0.0
DLV-01414,LOT-01414,CAR-A,2026-07-06,12.42,2026-07-18,16,True,False,1,0,0.8137
DLV-01415,LOT-01415,CAR-A,2026-07-06,7.26,2026-07-13,16,True,False,1,0,0.8911
DLV-01416,LOT-01416,CAR-A,2026-07-18,21.24,2026-08-08,16,False,True,0,1,0.0
DLV-01417,LOT-01417,CAR-A,2026-07-27,4.53,2026-07-31,16,True,False,1,0,0.932
DLV-01418,LOT-01418,CAR-A,2026-08-05,5.07,2026-08-10,16,True,False,1,0,0.924
DLV-01419,LOT-01419,CAR-B,2026-06-25,14.2,2026-07-09,16,True,False,1,0,0.787
DLV-01420,LOT-01420,CAR-B,2026-06-02,13.4,2026-06-15,16,True,False,1,0,0.799
DLV-01421,LOT-01421,CAR-A,2026-05-03,5.1,2026-05-08,16,True,False,1,0,0.9235
DLV-01422,LOT-01422,CAR-A,2026-07-20,7.78,2026-07-27,16,True,False,1,0,0.8833
DLV-01423,LOT-01423,CAR-A,2026-07-09,7.14,2026-07-16,16,True,False,1,0,0.8929
DLV-01424,LOT-01424,CAR-B,2026-07-08,13.01,2026-07-21,16,True,False,1,0,0.8049
DLV-01425,LOT-01425,CAR-B,2026-06-04,14.57,2026-06-18,16,True,False,1,0,0.7814
DLV-01426,LOT-01426,CAR-A,2026-07-31,4.21,2026-08-04,16,True,False,1,0,0.9368
DLV-01427,LOT-01427,CAR-B,2026-06-03,15.33,2026-06-18,16,True,False,1,0,0.77
DLV-01428,LOT-01428,CAR-A,2026-05-25,4.63,2026-05-29,16,True,False,1,0,0.9306
DLV-01429,LOT-01429,CAR-A,2026-05-22,6.0,2026-05-28,16,True,False,1,0,0.91
DLV-01430,LOT-01430,CAR-A,2026-08-05,4.08,2026-08-09,16,True,False,1,0,0.9388
DLV-01431,LOT-01431,CAR-A,2026-07-09,22.0,2026-07-31,16,False,True,0,1,0.0
DLV-01432,LOT-01432,CAR-B,2026-05-04,13.29,2026-05-17,16,True,False,1,0,0.8007
DLV-01433,LOT-01433,CAR-A,2026-06-27,5.19,2026-07-02,16,True,False,1,0,0.9222
DLV-01434,LOT-01434,CAR-A,2026-05-06,20.81,2026-05-26,16,False,True,0,1,0.0
DLV-01435,LOT-01435,CAR-A,2026-07-19,5.13,2026-07-24,16,True,False,1,0,0.923
DLV-01436,LOT-01436,CAR-A,2026-05-02,17.38,2026-05-19,16,False,True,0,1,0.0
DLV-01437,LOT-01437,CAR-A,2026-06-26,21.73,2026-07-17,16,False,True,0,1,0.0
DLV-01438,LOT-01438,CAR-B,2026-07-09,12.61,2026-07-21,16,True,False,1,0,0.8109
DLV-01439,LOT-01439,CAR-A,2026-07-12,16.83,2026-07-28,16,False,True,0,1,0.0
DLV-01440,LOT-01440,CAR-A,2026-07-26,15.33,2026-08-10,16,True,False,1,0,0.77
DLV-01441,LOT-01441,CAR-A,2026-07-02,3.0,2026-07-05,16,True,False,1,0,0.955
DLV-01442,LOT-01442,CAR-A,2026-05-08,3.66,2026-05-11,16,True,False,1,0,0.9451
DLV-01443,LOT-01443,CAR-B,2026-07-17,13.85,2026-07-30,16,True,False,1,0,0.7922
DLV-01444,LOT-01444,CAR-A,2026-05-21,3.0,2026-05-24,16,True,False,1,0,0.955
DLV-01445,LOT-01445,CAR-A,2026-07-15,4.39,2026-07-19,16,True,False,1,0,0.9342
DLV-01446,LOT-01446,CAR-B,2026-05-19,14.74,2026-06-02,16,True,False,1,0,0.7789
DLV-01447,LOT-01447,CAR-B,2026-05-03,14.57,2026-05-17,16,True,False,1,0,0.7814
DLV-01448,LOT-01448,CAR-A,2026-05-02,11.6,2026-05-13,16,True,False,1,0,0.826
DLV-01449,LOT-01449,CAR-B,2026-07-24,14.55,2026-08-07,16,True,False,1,0,0.7817
DLV-01450,LOT-01450,CAR-A,2026-06-03,16.53,2026-06-19,16,False,True,0,1,0.0
DLV-01451,LOT-01451,CAR-B,2026-05-01,14.94,2026-05-15,16,True,False,1,0,0.7759
DLV-01452,LOT-01452,CAR-A,2026-08-06,6.78,2026-08-12,16,True,False,1,0,0.8983
DLV-01453,LOT-01453,CAR-B,2026-07-01,13.39,2026-07-14,16,True,False,1,0,0.7992
DLV-01454,LOT-01454,CAR-B,2026-05-29,13.7,2026-06-11,16,True,False,1,0,0.7945
DLV-01455,LOT-01455,CAR-A,2026-07-05,3.66,2026-07-08,16,True,False,1,0,0.9451
DLV-01456,LOT-01456,CAR-B,2026-07-26,13.38,2026-08-08,16,True,False,1,0,0.7993
DLV-01457,LOT-01457,CAR-B,2026-05-29,14.46,2026-06-12,16,True,False,1,0,0.7831
DLV-01458,LOT-01458,CAR-A,2026-06-29,14.65,2026-07-13,16,True,False,1,0,0.7802
DLV-01459,LOT-01459,CAR-A,2026-06-11,5.67,2026-06-16,16,True,False,1,0,0.915
DLV-01460,LOT-01460,CAR-B,2026-06-11,15.06,2026-06-26,16,True,False,1,0,0.7741
DLV-01461,LOT-01461,CAR-A,2026-07-18,4.76,2026-07-22,16,True,False,1,0,0.9286
DLV-01462,LOT-01462,CAR-B,2026-06-29,14.37,2026-07-13,16,True,False,1,0,0.7844
DLV-01463,LOT-01463,CAR-B,2026-06-29,14.7,2026-07-13,16,True,False,1,0,0.7795
DLV-01464,LOT-01464,CAR-B,2026-07-12,14.39,2026-07-26,16,True,False,1,0,0.7842
DLV-01465,LOT-01465,CAR-A,2026-06-20,5.92,2026-06-25,16,True,False,1,0,0.9112
DLV-01466,LOT-01466,CAR-A,2026-08-08,4.02,2026-08-12,16,True,False,1,0,0.9397
DLV-01467,LOT-01467,CAR-A,2026-05-31,5.37,2026-06-05,16,True,False,1,0,0.9194
DLV-01468,LOT-01468,CAR-B,2026-07-06,15.42,2026-07-21,16,True,False,1,0,0.7687
DLV-01469,LOT-01469,CAR-A,2026-05-12,3.88,2026-05-15,16,True,False,1,0,0.9418
DLV-01470,LOT-01470,CAR-B,2026-05-24,14.06,2026-06-07,16,True,False,1,0,0.7891
DLV-01471,LOT-01471,CAR-B,2026-08-08,14.72,2026-08-22,16,True,False,1,0,0.7792
DLV-01472,LOT-01472,CAR-B,2026-07-10,15.08,2026-07-25,16,True,False,1,0,0.7738
DLV-01473,LOT-01473,CAR-B,2026-05-14,14.51,2026-05-28,16,True,False,1,0,0.7824
DLV-01474,LOT-01474,CAR-B,2026-06-30,13.32,2026-07-13,16,True,False,1,0,0.8002
DLV-01475,LOT-01475,CAR-A,2026-05-26,3.52,2026-05-29,16,True,False,1,0,0.9472
DLV-01476,LOT-01476,CAR-A,2026-06-16,5.26,2026-06-21,16,True,False,1,0,0.9211
DLV-01477,LOT-01477,CAR-B,2026-07-03,12.39,2026-07-15,16,True,False,1,0,0.8141
DLV-01478,LOT-01478,CAR-A,2026-06-22,5.43,2026-06-27,16,True,False,1,0,0.9186
DLV-01479,LOT-01479,CAR-A,2026-06-30,5.61,2026-07-05,16,True,False,1,0,0.9158
DLV-01480,LOT-01480,CAR-B,2026-05-26,14.2,2026-06-09,16,True,False,1,0,0.787
DLV-01481,LOT-01481,CAR-B,2026-06-05,13.35,2026-06-18,16,True,False,1,0,0.7998
DLV-01482,LOT-01482,CAR-A,2026-06-13,6.7,2026-06-19,16,True,False,1,0,0.8995
DLV-01483,LOT-01483,CAR-B,2026-06-01,15.5,2026-06-16,16,True,False,1,0,0.7675
DLV-01484,LOT-01484,CAR-B,2026-07-13,14.95,2026-07-27,16,True,False,1,0,0.7758
DLV-01485,LOT-01485,CAR-A,2026-07-08,21.31,2026-07-29,16,False,True,0,1,0.0
DLV-01486,LOT-01486,CAR-B,2026-06-07,14.03,2026-06-21,16,True,False,1,0,0.7896
DLV-01487,LOT-01487,CAR-A,2026-06-15,22.36,2026-07-07,16,False,True,0,1,0.0
DLV-01488,LOT-01488,CAR-B,2026-07-24,13.44,2026-08-06,16,True,False,1,0,0.7984
DLV-01489,LOT-01489,CAR-B,2026-07-15,14.86,2026-07-29,16,True,False,1,0,0.7771
DLV-01490,LOT-01490,CAR-B,2026-06-22,14.64,2026-07-06,16,True,False,1,0,0.7804
DLV-01491,LOT-01491,CAR-B,2026-05-10,16.26,2026-05-26,16,False,True,0,1,0.0
DLV-01492,LOT-01492,CAR-A,2026-06-04,4.94,2026-06-08,16,True,False,1,0,0.9259
DLV-01493,LOT-01493,CAR-A,2026-06-25,5.74,2026-06-30,16,True,False,1,0,0.9139
DLV-01494,LOT-01494,CAR-A,2026-05-07,3.0,2026-05-10,16,True,False,1,0,0.955
DLV-01495,LOT-01495,CAR-A,2026-06-03,4.81,2026-06-07,16,True,False,1,0,0.9278
DLV-01496,LOT-01496,CAR-B,2026-07-23,14.32,2026-08-06,16,True,False,1,0,0.7852
DLV-01497,LOT-01497,CAR-A,2026-07-18,3.76,2026-07-21,16,True,False,1,0,0.9436
DLV-01498,LOT-01498,CAR-B,2026-06-13,14.06,2026-06-27,16,True,False,1,0,0.7891
DLV-01499,LOT-01499,CAR-B,2026-06-24,14.57,2026-07-08,16,True,False,1,0,0.7814
DLV-01500,LOT-01500,CAR-A,2026-05-13,7.59,2026-05-20,16,True,False,1,0,0.8862
DLV-01501,LOT-01501,CAR-A,2026-05-14,17.66,2026-05-31,16,False,True,0,1,0.0
DLV-01502,LOT-01502,CAR-A,2026-05-16,5.6,2026-05-21,16,True,False,1,0,0.916
DLV-01503,LOT-01503,CAR-B,2026-07-01,14.37,2026-07-15,16,True,False,1,0,0.7844
DLV-01504,LOT-01504,CAR-B,2026-06-03,14.83,2026-06-17,16,True,False,1,0,0.7776
DLV-01505,LOT-01505,CAR-B,2026-05-25,13.97,2026-06-07,16,True,False,1,0,0.7904
DLV-01506,LOT-01506,CAR-A,2026-06-11,3.64,2026-06-14,16,True,False,1,0,0.9454
DLV-01507,LOT-01507,CAR-A,2026-07-13,18.78,2026-07-31,16,False,True,0,1,0.0
DLV-01508,LOT-01508,CAR-A,2026-07-09,5.13,2026-07-14,16,True,False,1,0,0.923
DLV-01509,LOT-01509,CAR-B,2026-08-04,12.77,2026-08-16,16,True,False,1,0,0.8084
DLV-01510,LOT-01510,CAR-B,2026-05-04,12.69,2026-05-16,16,True,False,1,0,0.8096
DLV-01511,LOT-01511,CAR-A,2026-07-26,21.02,2026-08-16,16,False,True,0,1,0.0
DLV-01512,LOT-01512,CAR-A,2026-07-28,7.19,2026-08-04,16,True,False,1,0,0.8922
DLV-01513,LOT-01513,CAR-B,2026-05-20,13.64,2026-06-02,16,True,False,1,0,0.7954
DLV-01514,LOT-01514,CAR-B,2026-05-20,11.69,2026-05-31,16,True,False,1,0,0.8246
DLV-01515,LOT-01515,CAR-A,2026-07-13,19.18,2026-08-01,16,False,True,0,1,0.0
DLV-01516,LOT-01516,CAR-A,2026-05-06,5.32,2026-05-11,16,True,False,1,0,0.9202
DLV-01517,LOT-01517,CAR-A,2026-06-13,5.29,2026-06-18,16,True,False,1,0,0.9206
DLV-01518,LOT-01518,CAR-A,2026-07-23,6.02,2026-07-29,16,True,False,1,0,0.9097
DLV-01519,LOT-01519,CAR-A,2026-07-30,21.36,2026-08-20,16,False,True,0,1,0.0
DLV-01520,LOT-01520,CAR-B,2026-05-18,12.65,2026-05-30,16,True,False,1,0,0.8102
DLV-01521,LOT-01521,CAR-A,2026-07-26,19.52,2026-08-14,16,False,True,0,1,0.0
DLV-01522,LOT-01522,CAR-B,2026-05-03,15.03,2026-05-18,16,True,False,1,0,0.7746
DLV-01523,LOT-01523,CAR-B,2026-07-15,13.55,2026-07-28,16,True,False,1,0,0.7968
DLV-01524,LOT-01524,CAR-B,2026-06-18,12.88,2026-06-30,16,True,False,1,0,0.8068
DLV-01525,LOT-01525,CAR-A,2026-07-13,4.1,2026-07-17,16,True,False,1,0,0.9385
DLV-01526,LOT-01526,CAR-A,2026-07-06,3.77,2026-07-09,16,True,False,1,0,0.9434
DLV-01527,LOT-01527,CAR-A,2026-05-24,6.85,2026-05-30,16,True,False,1,0,0.8972
DLV-01528,LOT-01528,CAR-A,2026-06-07,5.54,2026-06-12,16,True,False,1,0,0.9169
DLV-01529,LOT-01529,CAR-B,2026-05-23,14.74,2026-06-06,16,True,False,1,0,0.7789
DLV-01530,LOT-01530,CAR-B,2026-06-19,13.6,2026-07-02,16,True,False,1,0,0.796
DLV-01531,LOT-01531,CAR-B,2026-06-30,15.84,2026-07-15,16,True,False,1,0,0.7624
DLV-01532,LOT-01532,CAR-A,2026-06-12,7.37,2026-06-19,16,True,False,1,0,0.8894
DLV-01533,LOT-01533,CAR-B,2026-07-16,11.78,2026-07-27,16,True,False,1,0,0.8233
DLV-01534,LOT-01534,CAR-A,2026-05-02,28.88,2026-05-30,16,False,True,0,1,0.0
DLV-01535,LOT-01535,CAR-A,2026-07-13,11.52,2026-07-24,16,True,False,1,0,0.8272
DLV-01536,LOT-01536,CAR-B,2026-07-20,14.06,2026-08-03,16,True,False,1,0,0.7891
DLV-01537,LOT-01537,CAR-A,2026-05-06,6.03,2026-05-12,16,True,False,1,0,0.9096
DLV-01538,LOT-01538,CAR-B,2026-07-27,13.77,2026-08-09,16,True,False,1,0,0.7934
DLV-01539,LOT-01539,CAR-B,2026-06-15,14.32,2026-06-29,16,True,False,1,0,0.7852
DLV-01540,LOT-01540,CAR-A,2026-05-22,5.1,2026-05-27,16,True,False,1,0,0.9235
DLV-01541,LOT-01541,CAR-A,2026-07-06,24.93,2026-07-30,16,False,True,0,1,0.0
DLV-01542,LOT-01542,CAR-B,2026-06-20,14.78,2026-07-04,16,True,False,1,0,0.7783
DLV-01543,LOT-01543,CAR-A,2026-05-16,3.69,2026-05-19,16,True,False,1,0,0.9446
DLV-01544,LOT-01544,CAR-B,2026-06-28,15.11,2026-07-13,16,True,False,1,0,0.7734
DLV-01545,LOT-01545,CAR-A,2026-07-18,3.57,2026-07-21,16,True,False,1,0,0.9464
DLV-01546,LOT-01546,CAR-B,2026-05-28,14.29,2026-06-11,16,True,False,1,0,0.7856
DLV-01547,LOT-01547,CAR-A,2026-06-20,4.55,2026-06-24,16,True,False,1,0,0.9318
DLV-01548,LOT-01548,CAR-B,2026-05-03,14.32,2026-05-17,16,True,False,1,0,0.7852
DLV-01549,LOT-01549,CAR-A,2026-05-12,4.12,2026-05-16,16,True,False,1,0,0.9382
DLV-01550,LOT-01550,CAR-B,2026-05-27,14.34,2026-06-10,16,True,False,1,0,0.7849
DLV-01551,LOT-01551,CAR-B,2026-07-28,12.48,2026-08-09,16,True,False,1,0,0.8128
DLV-01552,LOT-01552,CAR-B,2026-05-20,10.97,2026-05-30,16,True,False,1,0,0.8354
DLV-01553,LOT-01553,CAR-B,2026-06-21,14.52,2026-07-05,16,True,False,1,0,0.7822
DLV-01554,LOT-01554,CAR-B,2026-07-09,14.02,2026-07-23,16,True,False,1,0,0.7897
DLV-01555,LOT-01555,CAR-B,2026-07-05,13.47,2026-07-18,16,True,False,1,0,0.7979
DLV-01556,LOT-01556,CAR-A,2026-06-01,20.15,2026-06-21,16,False,True,0,1,0.0
DLV-01557,LOT-01557,CAR-B,2026-07-16,13.53,2026-07-29,16,True,False,1,0,0.797
DLV-01558,LOT-01558,CAR-A,2026-06-04,4.53,2026-06-08,16,True,False,1,0,0.932
DLV-01559,LOT-01559,CAR-B,2026-06-11,15.72,2026-06-26,16,True,False,1,0,0.7642
DLV-01560,LOT-01560,CAR-A,2026-06-04,5.26,2026-06-09,16,True,False,1,0,0.9211
DLV-01561,LOT-01561,CAR-B,2026-05-06,13.65,2026-05-19,16,True,False,1,0,0.7952
DLV-01562,LOT-01562,CAR-A,2026-07-26,18.42,2026-08-13,16,False,True,0,1,0.0
DLV-01563,LOT-01563,CAR-A,2026-06-07,3.87,2026-06-10,16,True,False,1,0,0.942
DLV-01564,LOT-01564,CAR-B,2026-07-14,14.46,2026-07-28,16,True,False,1,0,0.7831
DLV-01565,LOT-01565,CAR-A,2026-06-18,12.34,2026-06-30,16,True,False,1,0,0.8149
DLV-01566,LOT-01566,CAR-B,2026-05-06,12.23,2026-05-18,16,True,False,1,0,0.8166
DLV-01567,LOT-01567,CAR-A,2026-07-21,3.0,2026-07-24,16,True,False,1,0,0.955
DLV-01568,LOT-01568,CAR-A,2026-05-29,5.88,2026-06-03,16,True,False,1,0,0.9118
DLV-01569,LOT-01569,CAR-A,2026-07-31,17.26,2026-08-17,16,False,True,0,1,0.0
DLV-01570,LOT-01570,CAR-A,2026-06-24,5.72,2026-06-29,16,True,False,1,0,0.9142
DLV-01571,LOT-01571,CAR-B,2026-06-11,13.76,2026-06-24,16,True,False,1,0,0.7936
DLV-01572,LOT-01572,CAR-A,2026-05-16,13.74,2026-05-29,16,True,False,1,0,0.7939
DLV-01573,LOT-01573,CAR-B,2026-06-01,14.23,2026-06-15,16,True,False,1,0,0.7866
DLV-01574,LOT-01574,CAR-B,2026-07-22,12.48,2026-08-03,16,True,False,1,0,0.8128
DLV-01575,LOT-01575,CAR-A,2026-06-25,5.0,2026-06-30,16,True,False,1,0,0.925
DLV-01576,LOT-01576,CAR-B,2026-06-22,13.98,2026-07-05,16,True,False,1,0,0.7903
DLV-01577,LOT-01577,CAR-B,2026-07-16,14.72,2026-07-30,16,True,False,1,0,0.7792
DLV-01578,LOT-01578,CAR-A,2026-07-18,17.71,2026-08-04,16,False,True,0,1,0.0
DLV-01579,LOT-01579,CAR-B,2026-07-11,12.26,2026-07-23,16,True,False,1,0,0.8161
DLV-01580,LOT-01580,CAR-A,2026-05-02,14.93,2026-05-16,16,True,False,1,0,0.776
DLV-01581,LOT-01581,CAR-B,2026-07-04,14.45,2026-07-18,16,True,False,1,0,0.7832
DLV-01582,LOT-01582,CAR-B,2026-06-21,13.78,2026-07-04,16,True,False,1,0,0.7933
DLV-01583,LOT-01583,CAR-B,2026-06-19,14.9,2026-07-03,16,True,False,1,0,0.7765
DLV-01584,LOT-01584,CAR-B,2026-05-17,15.25,2026-06-01,16,True,False,1,0,0.7712
DLV-01585,LOT-01585,CAR-A,2026-05-03,11.2,2026-05-14,16,True,False,1,0,0.832
DLV-01586,LOT-01586,CAR-B,2026-08-07,14.58,2026-08-21,16,True,False,1,0,0.7813
DLV-01587,LOT-01587,CAR-A,2026-05-31,3.23,2026-06-03,16,True,False,1,0,0.9516
DLV-01588,LOT-01588,CAR-B,2026-06-05,14.41,2026-06-19,16,True,False,1,0,0.7839
DLV-01589,LOT-01589,CAR-B,2026-08-08,13.73,2026-08-21,16,True,False,1,0,0.794
DLV-01590,LOT-01590,CAR-B,2026-06-05,14.41,2026-06-19,16,True,False,1,0,0.7839
DLV-01591,LOT-01591,CAR-B,2026-05-31,14.69,2026-06-14,16,True,False,1,0,0.7796
DLV-01592,LOT-01592,CAR-A,2026-08-04,4.92,2026-08-08,16,True,False,1,0,0.9262
DLV-01593,LOT-01593,CAR-A,2026-07-30,17.73,2026-08-16,16,False,True,0,1,0.0
DLV-01594,LOT-01594,CAR-A,2026-05-18,23.4,2026-06-10,16,False,True,0,1,0.0
DLV-01595,LOT-01595,CAR-B,2026-05-15,13.63,2026-05-28,16,True,False,1,0,0.7956
DLV-01596,LOT-01596,CAR-A,2026-06-24,5.31,2026-06-29,16,True,False,1,0,0.9204
DLV-01597,LOT-01597,CAR-A,2026-07-20,6.06,2026-07-26,16,True,False,1,0,0.9091
DLV-01598,LOT-01598,CAR-A,2026-06-11,4.08,2026-06-15,16,True,False,1,0,0.9388
DLV-01599,LOT-01599,CAR-A,2026-06-08,26.06,2026-07-04,16,False,True,0,1,0.0
DLV-01600,LOT-01600,CAR-A,2026-05-22,21.96,2026-06-12,16,False,True,0,1,0.0
DLV-01601,LOT-01601,CAR-B,2026-06-01,14.29,2026-06-15,16,True,False,1,0,0.7856
DLV-01602,LOT-01602,CAR-A,2026-08-05,13.21,2026-08-18,16,True,False,1,0,0.8018
DLV-01603,LOT-01603,CAR-A,2026-06-23,3.52,2026-06-26,16,True,False,1,0,0.9472
DLV-01604,LOT-01604,CAR-B,2026-07-10,14.89,2026-07-24,16,True,False,1,0,0.7767
DLV-01605,LOT-01605,CAR-B,2026-05-23,13.95,2026-06-05,16,True,False,1,0,0.7908
DLV-01606,LOT-01606,CAR-A,2026-07-06,4.79,2026-07-10,16,True,False,1,0,0.9282
DLV-01607,LOT-01607,CAR-B,2026-06-21,14.11,2026-07-05,16,True,False,1,0,0.7884
DLV-01608,LOT-01608,CAR-B,2026-07-09,15.42,2026-07-24,16,True,False,1,0,0.7687
DLV-01609,LOT-01609,CAR-A,2026-05-04,6.65,2026-05-10,16,True,False,1,0,0.9002
DLV-01610,LOT-01610,CAR-B,2026-07-05,14.5,2026-07-19,16,True,False,1,0,0.7825
DLV-01611,LOT-01611,CAR-B,2026-07-13,12.37,2026-07-25,16,True,False,1,0,0.8144
DLV-01612,LOT-01612,CAR-A,2026-05-08,25.2,2026-06-02,16,False,True,0,1,0.0
DLV-01613,LOT-01613,CAR-B,2026-07-13,13.97,2026-07-26,16,True,False,1,0,0.7904
DLV-01614,LOT-01614,CAR-A,2026-07-17,21.34,2026-08-07,16,False,True,0,1,0.0
DLV-01615,LOT-01615,CAR-B,2026-05-07,15.28,2026-05-22,16,True,False,1,0,0.7708
DLV-01616,LOT-01616,CAR-B,2026-06-28,13.72,2026-07-11,16,True,False,1,0,0.7942
DLV-01617,LOT-01617,CAR-A,2026-05-29,7.05,2026-06-05,16,True,False,1,0,0.8942
DLV-01618,LOT-01618,CAR-A,2026-08-03,17.62,2026-08-20,16,False,True,0,1,0.0
DLV-01619,LOT-01619,CAR-B,2026-08-01,14.45,2026-08-15,16,True,False,1,0,0.7832
DLV-01620,LOT-01620,CAR-B,2026-05-24,13.61,2026-06-06,16,True,False,1,0,0.7959
DLV-01621,LOT-01621,CAR-B,2026-06-17,13.6,2026-06-30,16,True,False,1,0,0.796
DLV-01622,LOT-01622,CAR-A,2026-05-15,18.38,2026-06-02,16,False,True,0,1,0.0
DLV-01623,LOT-01623,CAR-A,2026-06-20,10.18,2026-06-30,16,True,False,1,0,0.8473
DLV-01624,LOT-01624,CAR-A,2026-08-03,4.39,2026-08-07,16,True,False,1,0,0.9342
DLV-01625,LOT-01625,CAR-B,2026-07-25,13.39,2026-08-07,16,True,False,1,0,0.7992
DLV-01626,LOT-01626,CAR-A,2026-06-20,15.19,2026-07-05,16,True,False,1,0,0.7722
DLV-01627,LOT-01627,CAR-A,2026-06-07,20.35,2026-06-27,16,False,True,0,1,0.0
DLV-01628,LOT-01628,CAR-A,2026-05-27,4.54,2026-05-31,16,True,False,1,0,0.9319
DLV-01629,LOT-01629,CAR-B,2026-07-04,14.02,2026-07-18,16,True,False,1,0,0.7897
DLV-01630,LOT-01630,CAR-A,2026-06-18,5.71,2026-06-23,16,True,False,1,0,0.9144
DLV-01631,LOT-01631,CAR-B,2026-07-30,14.33,2026-08-13,16,True,False,1,0,0.785
DLV-01632,LOT-01632,CAR-A,2026-06-19,14.69,2026-07-03,16,True,False,1,0,0.7796
DLV-01633,LOT-01633,CAR-A,2026-07-18,20.98,2026-08-07,16,False,True,0,1,0.0
DLV-01634,LOT-01634,CAR-A,2026-05-14,3.75,2026-05-17,16,True,False,1,0,0.9438
DLV-01635,LOT-01635,CAR-A,2026-07-09,4.65,2026-07-13,16,True,False,1,0,0.9302
DLV-01636,LOT-01636,CAR-B,2026-05-09,14.69,2026-05-23,16,True,False,1,0,0.7796
DLV-01637,LOT-01637,CAR-A,2026-06-21,3.93,2026-06-24,16,True,False,1,0,0.941
DLV-01638,LOT-01638,CAR-B,2026-05-08,16.57,2026-05-24,16,False,True,0,1,0.0
DLV-01639,LOT-01639,CAR-B,2026-07-26,13.96,2026-08-08,16,True,False,1,0,0.7906
DLV-01640,LOT-01640,CAR-B,2026-07-27,12.2,2026-08-08,16,True,False,1,0,0.817
DLV-01641,LOT-01641,CAR-A,2026-07-06,6.18,2026-07-12,16,True,False,1,0,0.9073
DLV-01642,LOT-01642,CAR-B,2026-07-14,15.66,2026-07-29,16,True,False,1,0,0.7651
DLV-01643,LOT-01643,CAR-B,2026-06-16,15.36,2026-07-01,16,True,False,1,0,0.7696
DLV-01644,LOT-01644,CAR-A,2026-06-03,5.58,2026-06-08,16,True,False,1,0,0.9163
DLV-01645,LOT-01645,CAR-A,2026-05-23,15.06,2026-06-07,16,True,False,1,0,0.7741
DLV-01646,LOT-01646,CAR-A,2026-07-29,5.2,2026-08-03,16,True,False,1,0,0.922
DLV-01647,LOT-01647,CAR-A,2026-05-16,5.92,2026-05-21,16,True,False,1,0,0.9112
DLV-01648,LOT-01648,CAR-B,2026-05-17,13.33,2026-05-30,16,True,False,1,0,0.8
DLV-01649,LOT-01649,CAR-B,2026-05-29,14.23,2026-06-12,16,True,False,1,0,0.7866
DLV-01650,LOT-01650,CAR-A,2026-07-10,5.36,2026-07-15,16,True,False,1,0,0.9196
DLV-01651,LOT-01651,CAR-B,2026-06-19,13.34,2026-07-02,16,True,False,1,0,0.7999
DLV-01652,LOT-01652,CAR-A,2026-05-05,19.16,2026-05-24,16,False,True,0,1,0.0
DLV-01653,LOT-01653,CAR-B,2026-05-02,14.38,2026-05-16,16,True,False,1,0,0.7843
DLV-01654,LOT-01654,CAR-A,2026-08-01,4.92,2026-08-05,16,True,False,1,0,0.9262
DLV-01655,LOT-01655,CAR-A,2026-08-08,3.34,2026-08-11,16,True,False,1,0,0.9499
DLV-01656,LOT-01656,CAR-A,2026-05-31,5.61,2026-06-05,16,True,False,1,0,0.9158
DLV-01657,LOT-01657,CAR-A,2026-05-12,6.03,2026-05-18,16,True,False,1,0,0.9096
DLV-01658,LOT-01658,CAR-A,2026-06-06,6.58,2026-06-12,16,True,False,1,0,0.9013
DLV-01659,LOT-01659,CAR-B,2026-07-06,14.37,2026-07-20,16,True,False,1,0,0.7844
DLV-01660,LOT-01660,CAR-B,2026-06-19,13.56,2026-07-02,16,True,False,1,0,0.7966
DLV-01661,LOT-01661,CAR-A,2026-07-14,6.24,2026-07-20,16,True,False,1,0,0.9064
DLV-01662,LOT-01662,CAR-B,2026-05-13,14.79,2026-05-27,16,True,False,1,0,0.7782
DLV-01663,LOT-01663,CAR-A,2026-05-18,20.27,2026-06-07,16,False,True,0,1,0.0
DLV-01664,LOT-01664,CAR-B,2026-07-13,14.37,2026-07-27,16,True,False,1,0,0.7844
DLV-01665,LOT-01665,CAR-B,2026-08-08,12.43,2026-08-20,16,True,False,1,0,0.8136
DLV-01666,LOT-01666,CAR-B,2026-06-01,13.82,2026-06-14,16,True,False,1,0,0.7927
DLV-01667,LOT-01667,CAR-A,2026-05-06,6.25,2026-05-12,16,True,False,1,0,0.9062
DLV-01668,LOT-01668,CAR-A,2026-07-25,3.87,2026-07-28,16,True,False,1,0,0.942
DLV-01669,LOT-01669,CAR-A,2026-05-17,5.05,2026-05-22,16,True,False,1,0,0.9242
DLV-01670,LOT-01670,CAR-A,2026-08-06,6.01,2026-08-12,16,True,False,1,0,0.9098
DLV-01671,LOT-01671,CAR-B,2026-06-24,13.63,2026-07-07,16,True,False,1,0,0.7956
DLV-01672,LOT-01672,CAR-B,2026-05-21,13.82,2026-06-03,16,True,False,1,0,0.7927
DLV-01673,LOT-01673,CAR-A,2026-08-08,29.08,2026-09-06,16,False,True,0,1,0.0
DLV-01674,LOT-01674,CAR-A,2026-05-07,4.97,2026-05-11,16,True,False,1,0,0.9254
DLV-01675,LOT-01675,CAR-B,2026-05-01,13.86,2026-05-14,16,True,False,1,0,0.7921
DLV-01676,LOT-01676,CAR-B,2026-05-30,15.9,2026-06-14,16,True,False,1,0,0.7615
DLV-01677,LOT-01677,CAR-B,2026-07-13,14.67,2026-07-27,16,True,False,1,0,0.78
DLV-01678,LOT-01678,CAR-A,2026-07-09,20.5,2026-07-29,16,False,True,0,1,0.0
DLV-01679,LOT-01679,CAR-A,2026-07-18,16.2,2026-08-03,16,False,True,0,1,0.0
DLV-01680,LOT-01680,CAR-B,2026-06-04,13.33,2026-06-17,16,True,False,1,0,0.8
DLV-01681,LOT-01681,CAR-B,2026-05-07,14.31,2026-05-21,16,True,False,1,0,0.7854
DLV-01682,LOT-01682,CAR-A,2026-05-24,4.26,2026-05-28,16,True,False,1,0,0.9361
DLV-01683,LOT-01683,CAR-A,2026-05-02,24.55,2026-05-26,16,False,True,0,1,0.0
DLV-01684,LOT-01684,CAR-A,2026-07-20,16.75,2026-08-05,16,False,True,0,1,0.0
DLV-01685,LOT-01685,CAR-B,2026-07-30,13.48,2026-08-12,16,True,False,1,0,0.7978
DLV-01686,LOT-01686,CAR-B,2026-07-05,15.26,2026-07-20,16,True,False,1,0,0.7711
DLV-01687,LOT-01687,CAR-B,2026-05-31,14.89,2026-06-14,16,True,False,1,0,0.7767
DLV-01688,LOT-01688,CAR-A,2026-05-13,5.99,2026-05-18,16,True,False,1,0,0.9102
DLV-01689,LOT-01689,CAR-B,2026-08-05,12.49,2026-08-17,16,True,False,1,0,0.8126
DLV-01690,LOT-01690,CAR-A,2026-05-07,4.52,2026-05-11,16,True,False,1,0,0.9322
DLV-01691,LOT-01691,CAR-A,2026-05-11,6.49,2026-05-17,16,True,False,1,0,0.9026
DLV-01692,LOT-01692,CAR-B,2026-08-05,14.02,2026-08-19,16,True,False,1,0,0.7897
DLV-01693,LOT-01693,CAR-A,2026-07-13,4.52,2026-07-17,16,True,False,1,0,0.9322
DLV-01694,LOT-01694,CAR-B,2026-08-06,14.29,2026-08-20,16,True,False,1,0,0.7856
DLV-01695,LOT-01695,CAR-A,2026-08-01,4.24,2026-08-05,16,True,False,1,0,0.9364
DLV-01696,LOT-01696,CAR-A,2026-06-21,5.38,2026-06-26,16,True,False,1,0,0.9193
DLV-01697,LOT-01697,CAR-B,2026-07-02,15.03,2026-07-17,16,True,False,1,0,0.7746
DLV-01698,LOT-01698,CAR-A,2026-05-07,4.68,2026-05-11,16,True,False,1,0,0.9298
DLV-01699,LOT-01699,CAR-B,2026-07-20,14.37,2026-08-03,16,True,False,1,0,0.7844
DLV-01700,LOT-01700,CAR-A,2026-06-28,5.34,2026-07-03,16,True,False,1,0,0.9199
DLV-01701,LOT-01701,CAR-A,2026-07-27,3.0,2026-07-30,16,True,False,1,0,0.955
DLV-01702,LOT-01702,CAR-A,2026-08-03,5.21,2026-08-08,16,True,False,1,0,0.9218
DLV-01703,LOT-01703,CAR-B,2026-07-31,14.09,2026-08-14,16,True,False,1,0,0.7887
DLV-01704,LOT-01704,CAR-B,2026-06-23,14.94,2026-07-07,16,True,False,1,0,0.7759
DLV-01705,LOT-01705,CAR-B,2026-08-06,11.79,2026-08-17,16,True,False,1,0,0.8232
DLV-01706,LOT-01706,CAR-B,2026-07-25,12.5,2026-08-06,16,True,False,1,0,0.8125
DLV-01707,LOT-01707,CAR-A,2026-07-01,23.44,2026-07-24,16,False,True,0,1,0.0
DLV-01708,LOT-01708,CAR-B,2026-07-09,13.76,2026-07-22,16,True,False,1,0,0.7936
DLV-01709,LOT-01709,CAR-B,2026-08-01,15.82,2026-08-16,16,True,False,1,0,0.7627
DLV-01710,LOT-01710,CAR-B,2026-05-29,14.01,2026-06-12,16,True,False,1,0,0.7899
DLV-01711,LOT-01711,CAR-B,2026-07-03,14.12,2026-07-17,16,True,False,1,0,0.7882
DLV-01712,LOT-01712,CAR-A,2026-07-26,4.93,2026-07-30,16,True,False,1,0,0.926
DLV-01713,LOT-01713,CAR-A,2026-05-03,5.82,2026-05-08,16,True,False,1,0,0.9127
DLV-01714,LOT-01714,CAR-B,2026-06-02,13.58,2026-06-15,16,True,False,1,0,0.7963
DLV-01715,LOT-01715,CAR-A,2026-05-05,3.89,2026-05-08,16,True,False,1,0,0.9416
DLV-01716,LOT-01716,CAR-A,2026-05-02,22.22,2026-05-24,16,False,True,0,1,0.0
DLV-01717,LOT-01717,CAR-B,2026-06-23,14.12,2026-07-07,16,True,False,1,0,0.7882
DLV-01718,LOT-01718,CAR-A,2026-07-11,6.43,2026-07-17,16,True,False,1,0,0.9036
DLV-01719,LOT-01719,CAR-A,2026-05-27,15.65,2026-06-11,16,True,False,1,0,0.7652
DLV-01720,LOT-01720,CAR-B,2026-05-22,15.79,2026-06-06,16,True,False,1,0,0.7632
DLV-01721,LOT-01721,CAR-B,2026-06-30,16.34,2026-07-16,16,False,True,0,1,0.0
DLV-01722,LOT-01722,CAR-B,2026-08-06,13.25,2026-08-19,16,True,False,1,0,0.8012
DLV-01723,LOT-01723,CAR-A,2026-07-17,5.36,2026-07-22,16,True,False,1,0,0.9196
DLV-01724,LOT-01724,CAR-B,2026-05-04,14.08,2026-05-18,16,True,False,1,0,0.7888
DLV-01725,LOT-01725,CAR-B,2026-07-31,15.84,2026-08-15,16,True,False,1,0,0.7624
DLV-01726,LOT-01726,CAR-A,2026-06-15,4.65,2026-06-19,16,True,False,1,0,0.9302
DLV-01727,LOT-01727,CAR-A,2026-05-27,21.2,2026-06-17,16,False,True,0,1,0.0
DLV-01728,LOT-01728,CAR-B,2026-05-01,15.12,2026-05-16,16,True,False,1,0,0.7732
DLV-01729,LOT-01729,CAR-A,2026-06-28,20.52,2026-07-18,16,False,True,0,1,0.0
DLV-01730,LOT-01730,CAR-B,2026-05-31,14.75,2026-06-14,16,True,False,1,0,0.7788
DLV-01731,LOT-01731,CAR-A,2026-07-24,4.52,2026-07-28,16,True,False,1,0,0.9322
DLV-01732,LOT-01732,CAR-B,2026-07-28,14.98,2026-08-11,16,True,False,1,0,0.7753
DLV-01733,LOT-01733,CAR-A,2026-06-15,26.74,2026-07-11,16,False,True,0,1,0.0
DLV-01734,LOT-01734,CAR-B,2026-06-14,12.86,2026-06-26,16,True,False,1,0,0.8071
DLV-01735,LOT-01735,CAR-A,2026-06-11,4.7,2026-06-15,16,True,False,1,0,0.9295
DLV-01736,LOT-01736,CAR-B,2026-05-03,12.37,2026-05-15,16,True,False,1,0,0.8144
DLV-01737,LOT-01737,CAR-A,2026-08-08,5.03,2026-08-13,16,True,False,1,0,0.9246
DLV-01738,LOT-01738,CAR-B,2026-05-16,13.99,2026-05-29,16,True,False,1,0,0.7902
DLV-01739,LOT-01739,CAR-B,2026-06-19,14.85,2026-07-03,16,True,False,1,0,0.7772
DLV-01740,LOT-01740,CAR-B,2026-05-06,14.04,2026-05-20,16,True,False,1,0,0.7894
DLV-01741,LOT-01741,CAR-B,2026-06-02,13.31,2026-06-15,16,True,False,1,0,0.8004
DLV-01742,LOT-01742,CAR-A,2026-08-02,6.65,2026-08-08,16,True,False,1,0,0.9002
DLV-01743,LOT-01743,CAR-A,2026-08-06,7.02,2026-08-13,16,True,False,1,0,0.8947
DLV-01744,LOT-01744,CAR-B,2026-06-18,14.61,2026-07-02,16,True,False,1,0,0.7808
DLV-01745,LOT-01745,CAR-A,2026-05-31,17.46,2026-06-17,16,False,True,0,1,0.0
DLV-01746,LOT-01746,CAR-A,2026-05-10,5.97,2026-05-15,16,True,False,1,0,0.9104
DLV-01747,LOT-01747,CAR-A,2026-08-07,13.9,2026-08-20,16,True,False,1,0,0.7915
DLV-01748,LOT-01748,CAR-B,2026-07-05,16.65,2026-07-21,16,False,True,0,1,0.0
DLV-01749,LOT-01749,CAR-B,2026-08-01,13.79,2026-08-14,16,True,False,1,0,0.7932
DLV-01750,LOT-01750,CAR-B,2026-07-27,13.18,2026-08-09,16,True,False,1,0,0.8023
DLV-01751,LOT-01751,CAR-B,2026-05-25,13.81,2026-06-07,16,True,False,1,0,0.7929
DLV-01752,LOT-01752,CAR-B,2026-05-04,13.35,2026-05-17,16,True,False,1,0,0.7998
DLV-01753,LOT-01753,CAR-A,2026-05-14,5.8,2026-05-19,16,True,False,1,0,0.913
DLV-01754,LOT-01754,CAR-B,2026-06-18,13.6,2026-07-01,16,True,False,1,0,0.796
DLV-01755,LOT-01755,CAR-B,2026-07-14,13.97,2026-07-27,16,True,False,1,0,0.7904
DLV-01756,LOT-01756,CAR-A,2026-06-19,16.73,2026-07-05,16,False,True,0,1,0.0
DLV-01757,LOT-01757,CAR-B,2026-05-18,13.47,2026-05-31,16,True,False,1,0,0.7979
DLV-01758,LOT-01758,CAR-A,2026-07-11,6.66,2026-07-17,16,True,False,1,0,0.9001
DLV-01759,LOT-01759,CAR-A,2026-06-13,4.02,2026-06-17,16,True,False,1,0,0.9397
DLV-01760,LOT-01760,CAR-B,2026-05-04,13.14,2026-05-17,16,True,False,1,0,0.8029
DLV-01761,LOT-01761,CAR-A,2026-06-09,22.15,2026-07-01,16,False,True,0,1,0.0
DLV-01762,LOT-01762,CAR-B,2026-06-03,14.4,2026-06-17,16,True,False,1,0,0.784
DLV-01763,LOT-01763,CAR-B,2026-07-20,12.79,2026-08-01,16,True,False,1,0,0.8082
DLV-01764,LOT-01764,CAR-A,2026-07-05,5.9,2026-07-10,16,True,False,1,0,0.9115
DLV-01765,LOT-01765,CAR-A,2026-07-25,4.67,2026-07-29,16,True,False,1,0,0.93
DLV-01766,LOT-01766,CAR-B,2026-05-11,14.55,2026-05-25,16,True,False,1,0,0.7817
DLV-01767,LOT-01767,CAR-B,2026-06-08,12.69,2026-06-20,16,True,False,1,0,0.8096
DLV-01768,LOT-01768,CAR-B,2026-07-25,13.69,2026-08-07,16,True,False,1,0,0.7947
DLV-01769,LOT-01769,CAR-B,2026-05-12,13.3,2026-05-25,16,True,False,1,0,0.8005
DLV-01770,LOT-01770,CAR-A,2026-05-31,21.31,2026-06-21,16,False,True,0,1,0.0
DLV-01771,LOT-01771,CAR-A,2026-06-26,5.19,2026-07-01,16,True,False,1,0,0.9222
DLV-01772,LOT-01772,CAR-B,2026-06-10,15.24,2026-06-25,16,True,False,1,0,0.7714
DLV-01773,LOT-01773,CAR-A,2026-08-05,29.46,2026-09-03,16,False,True,0,1,0.0
DLV-01774,LOT-01774,CAR-A,2026-06-06,5.25,2026-06-11,16,True,False,1,0,0.9212
DLV-01775,LOT-01775,CAR-B,2026-05-11,13.58,2026-05-24,16,True,False,1,0,0.7963
DLV-01776,LOT-01776,CAR-B,2026-07-19,12.69,2026-07-31,16,True,False,1,0,0.8096
DLV-01777,LOT-01777,CAR-B,2026-07-11,14.16,2026-07-25,16,True,False,1,0,0.7876
DLV-01778,LOT-01778,CAR-A,2026-05-30,5.15,2026-06-04,16,True,False,1,0,0.9228
DLV-01779,LOT-01779,CAR-A,2026-08-08,21.06,2026-08-29,16,False,True,0,1,0.0
DLV-01780,LOT-01780,CAR-B,2026-05-31,14.27,2026-06-14,16,True,False,1,0,0.786
DLV-01781,LOT-01781,CAR-A,2026-05-05,9.88,2026-05-14,16,True,False,1,0,0.8518
DLV-01782,LOT-01782,CAR-B,2026-06-20,14.82,2026-07-04,16,True,False,1,0,0.7777
DLV-01783,LOT-01783,CAR-B,2026-07-03,14.35,2026-07-17,16,True,False,1,0,0.7848
DLV-01784,LOT-01784,CAR-A,2026-06-09,16.48,2026-06-25,16,False,True,0,1,0.0
DLV-01785,LOT-01785,CAR-B,2026-06-20,14.88,2026-07-04,16,True,False,1,0,0.7768
DLV-01786,LOT-01786,CAR-A,2026-08-04,19.84,2026-08-23,16,False,True,0,1,0.0
DLV-01787,LOT-01787,CAR-B,2026-08-04,13.35,2026-08-17,16,True,False,1,0,0.7998
DLV-01788,LOT-01788,CAR-A,2026-07-10,3.73,2026-07-13,16,True,False,1,0,0.944
DLV-01789,LOT-01789,CAR-A,2026-08-04,4.01,2026-08-08,16,True,False,1,0,0.9398
DLV-01790,LOT-01790,CAR-B,2026-06-14,13.65,2026-06-27,16,True,False,1,0,0.7952
DLV-01791,LOT-01791,CAR-A,2026-05-06,4.66,2026-05-10,16,True,False,1,0,0.9301
DLV-01792,LOT-01792,CAR-A,2026-07-31,3.0,2026-08-03,16,True,False,1,0,0.955
DLV-01793,LOT-01793,CAR-B,2026-07-22,14.51,2026-08-05,16,True,False,1,0,0.7824
DLV-01794,LOT-01794,CAR-A,2026-06-15,21.17,2026-07-06,16,False,True,0,1,0.0
DLV-01795,LOT-01795,CAR-B,2026-07-16,14.56,2026-07-30,16,True,False,1,0,0.7816
DLV-01796,LOT-01796,CAR-B,2026-07-18,13.05,2026-07-31,16,True,False,1,0,0.8042
DLV-01797,LOT-01797,CAR-A,2026-05-11,5.46,2026-05-16,16,True,False,1,0,0.9181
DLV-01798,LOT-01798,CAR-B,2026-05-05,15.29,2026-05-20,16,True,False,1,0,0.7707
DLV-01799,LOT-01799,CAR-B,2026-06-30,13.8,2026-07-13,16,True,False,1,0,0.793
DLV-01800,LOT-01800,CAR-A,2026-07-10,25.99,2026-08-04,16,False,True,0,1,0.0
DLV-01801,LOT-01801,CAR-B,2026-06-20,13.83,2026-07-03,16,True,False,1,0,0.7926
DLV-01802,LOT-01802,CAR-B,2026-05-07,14.91,2026-05-21,16,True,False,1,0,0.7764
DLV-01803,LOT-01803,CAR-B,2026-05-12,12.22,2026-05-24,16,True,False,1,0,0.8167
DLV-01804,LOT-01804,CAR-B,2026-06-05,15.3,2026-06-20,16,True,False,1,0,0.7705
DLV-01805,LOT-01805,CAR-A,2026-06-08,25.42,2026-07-03,16,False,True,0,1,0.0
DLV-01806,LOT-01806,CAR-A,2026-07-09,5.24,2026-07-14,16,True,False,1,0,0.9214
DLV-01807,LOT-01807,CAR-A,2026-06-19,21.87,2026-07-10,16,False,True,0,1,0.0
DLV-01808,LOT-01808,CAR-A,2026-05-20,10.64,2026-05-30,16,True,False,1,0,0.8404
DLV-01809,LOT-01809,CAR-B,2026-07-31,13.57,2026-08-13,16,True,False,1,0,0.7964
DLV-01810,LOT-01810,CAR-B,2026-06-26,14.15,2026-07-10,16,True,False,1,0,0.7877
DLV-01811,LOT-01811,CAR-A,2026-05-09,14.3,2026-05-23,16,True,False,1,0,0.7855
DLV-01812,LOT-01812,CAR-B,2026-06-17,14.96,2026-07-01,16,True,False,1,0,0.7756
DLV-01813,LOT-01813,CAR-A,2026-07-01,18.76,2026-07-19,16,False,True,0,1,0.0
DLV-01814,LOT-01814,CAR-A,2026-06-19,4.36,2026-06-23,16,True,False,1,0,0.9346
DLV-01815,LOT-01815,CAR-B,2026-06-29,13.54,2026-07-12,16,True,False,1,0,0.7969
DLV-01816,LOT-01816,CAR-A,2026-05-06,6.03,2026-05-12,16,True,False,1,0,0.9096
DLV-01817,LOT-01817,CAR-B,2026-07-10,14.68,2026-07-24,16,True,False,1,0,0.7798
DLV-01818,LOT-01818,CAR-A,2026-05-07,4.77,2026-05-11,16,True,False,1,0,0.9284
DLV-01819,LOT-01819,CAR-A,2026-06-25,27.46,2026-07-22,16,False,True,0,1,0.0
DLV-01820,LOT-01820,CAR-A,2026-06-21,22.15,2026-07-13,16,False,True,0,1,0.0
DLV-01821,LOT-01821,CAR-B,2026-08-01,14.62,2026-08-15,16,True,False,1,0,0.7807
DLV-01822,LOT-01822,CAR-A,2026-07-25,3.49,2026-07-28,16,True,False,1,0,0.9476
DLV-01823,LOT-01823,CAR-B,2026-06-27,12.5,2026-07-09,16,True,False,1,0,0.8125
DLV-01824,LOT-01824,CAR-B,2026-07-02,14.71,2026-07-16,16,True,False,1,0,0.7794
DLV-01825,LOT-01825,CAR-A,2026-07-21,4.58,2026-07-25,16,True,False,1,0,0.9313
DLV-01826,LOT-01826,CAR-A,2026-05-31,18.95,2026-06-18,16,False,True,0,1,0.0
DLV-01827,LOT-01827,CAR-B,2026-06-07,13.53,2026-06-20,16,True,False,1,0,0.797
DLV-01828,LOT-01828,CAR-A,2026-06-05,24.82,2026-06-29,16,False,True,0,1,0.0
DLV-01829,LOT-01829,CAR-A,2026-05-24,3.56,2026-05-27,16,True,False,1,0,0.9466
DLV-01830,LOT-01830,CAR-A,2026-06-22,6.01,2026-06-28,16,True,False,1,0,0.9098
DLV-01831,LOT-01831,CAR-A,2026-07-06,32.73,2026-08-07,16,False,True,0,1,0.0
DLV-01832,LOT-01832,CAR-A,2026-06-07,6.75,2026-06-13,16,True,False,1,0,0.8988
DLV-01833,LOT-01833,CAR-A,2026-06-05,4.49,2026-06-09,16,True,False,1,0,0.9326
DLV-01834,LOT-01834,CAR-B,2026-07-27,13.06,2026-08-09,16,True,False,1,0,0.8041
DLV-01835,LOT-01835,CAR-B,2026-07-28,13.68,2026-08-10,16,True,False,1,0,0.7948
DLV-01836,LOT-01836,CAR-B,2026-07-10,13.13,2026-07-23,16,True,False,1,0,0.803
DLV-01837,LOT-01837,CAR-B,2026-06-25,14.16,2026-07-09,16,True,False,1,0,0.7876
DLV-01838,LOT-01838,CAR-B,2026-06-20,13.17,2026-07-03,16,True,False,1,0,0.8024
DLV-01839,LOT-01839,CAR-B,2026-08-07,14.15,2026-08-21,16,True,False,1,0,0.7877
DLV-01840,LOT-01840,CAR-A,2026-06-06,5.07,2026-06-11,16,True,False,1,0,0.924
DLV-01841,LOT-01841,CAR-A,2026-08-08,20.87,2026-08-28,16,False,True,0,1,0.0
DLV-01842,LOT-01842,CAR-B,2026-05-30,13.49,2026-06-12,16,True,False,1,0,0.7976
DLV-01843,LOT-01843,CAR-B,2026-05-16,16.07,2026-06-01,16,False,True,0,1,0.0
DLV-01844,LOT-01844,CAR-A,2026-06-18,4.13,2026-06-22,16,True,False,1,0,0.938
DLV-01845,LOT-01845,CAR-B,2026-05-02,13.43,2026-05-15,16,True,False,1,0,0.7986
DLV-01846,LOT-01846,CAR-A,2026-05-10,17.43,2026-05-27,16,False,True,0,1,0.0
DLV-01847,LOT-01847,CAR-A,2026-07-02,6.92,2026-07-08,16,True,False,1,0,0.8962
DLV-01848,LOT-01848,CAR-B,2026-07-29,12.97,2026-08-10,16,True,False,1,0,0.8054
DLV-01849,LOT-01849,CAR-A,2026-05-25,14.78,2026-06-08,16,True,False,1,0,0.7783
DLV-01850,LOT-01850,CAR-A,2026-05-04,16.17,2026-05-20,16,False,True,0,1,0.0
DLV-01851,LOT-01851,CAR-A,2026-05-17,3.27,2026-05-20,16,True,False,1,0,0.951
DLV-01852,LOT-01852,CAR-B,2026-05-12,14.01,2026-05-26,16,True,False,1,0,0.7899
DLV-01853,LOT-01853,CAR-A,2026-06-23,21.45,2026-07-14,16,False,True,0,1,0.0
DLV-01854,LOT-01854,CAR-A,2026-06-09,11.51,2026-06-20,16,True,False,1,0,0.8274
DLV-01855,LOT-01855,CAR-A,2026-05-27,27.82,2026-06-23,16,False,True,0,1,0.0
DLV-01856,LOT-01856,CAR-B,2026-07-11,13.83,2026-07-24,16,True,False,1,0,0.7926
DLV-01857,LOT-01857,CAR-A,2026-07-26,7.13,2026-08-02,16,True,False,1,0,0.893
DLV-01858,LOT-01858,CAR-A,2026-05-29,4.49,2026-06-02,16,True,False,1,0,0.9326
DLV-01859,LOT-01859,CAR-B,2026-08-02,13.65,2026-08-15,16,True,False,1,0,0.7952
DLV-01860,LOT-01860,CAR-B,2026-05-04,14.32,2026-05-18,16,True,False,1,0,0.7852
DLV-01861,LOT-01861,CAR-B,2026-06-10,16.12,2026-06-26,16,False,True,0,1,0.0
DLV-01862,LOT-01862,CAR-A,2026-06-19,15.88,2026-07-04,16,True,False,1,0,0.7618
DLV-01863,LOT-01863,CAR-B,2026-06-26,14.78,2026-07-10,16,True,False,1,0,0.7783
DLV-01864,LOT-01864,CAR-B,2026-05-17,13.99,2026-05-30,16,True,False,1,0,0.7902
DLV-01865,LOT-01865,CAR-B,2026-05-19,13.79,2026-06-01,16,True,False,1,0,0.7932
DLV-01866,LOT-01866,CAR-A,2026-06-25,5.46,2026-06-30,16,True,False,1,0,0.9181
DLV-01867,LOT-01867,CAR-A,2026-05-07,10.14,2026-05-17,16,True,False,1,0,0.8479
DLV-01868,LOT-01868,CAR-B,2026-05-20,13.98,2026-06-02,16,True,False,1,0,0.7903
DLV-01869,LOT-01869,CAR-B,2026-05-09,13.87,2026-05-22,16,True,False,1,0,0.792
DLV-01870,LOT-01870,CAR-B,2026-05-14,13.61,2026-05-27,16,True,False,1,0,0.7959
DLV-01871,LOT-01871,CAR-A,2026-06-02,14.43,2026-06-16,16,True,False,1,0,0.7836
DLV-01872,LOT-01872,CAR-A,2026-07-25,4.1,2026-07-29,16,True,False,1,0,0.9385
DLV-01873,LOT-01873,CAR-B,2026-06-15,13.97,2026-06-28,16,True,False,1,0,0.7904
DLV-01874,LOT-01874,CAR-A,2026-05-23,4.49,2026-05-27,16,True,False,1,0,0.9326
DLV-01875,LOT-01875,CAR-B,2026-07-30,13.98,2026-08-12,16,True,False,1,0,0.7903
DLV-01876,LOT-01876,CAR-A,2026-06-20,4.99,2026-06-24,16,True,False,1,0,0.9252
DLV-01877,LOT-01877,CAR-B,2026-07-06,12.39,2026-07-18,16,True,False,1,0,0.8141
DLV-01878,LOT-01878,CAR-A,2026-06-25,18.92,2026-07-13,16,False,True,0,1,0.0
DLV-01879,LOT-01879,CAR-A,2026-05-15,6.47,2026-05-21,16,True,False,1,0,0.903
DLV-01880,LOT-01880,CAR-B,2026-05-20,12.99,2026-06-01,16,True,False,1,0,0.8052
DLV-01881,LOT-01881,CAR-A,2026-07-13,5.38,2026-07-18,16,True,False,1,0,0.9193
DLV-01882,LOT-01882,CAR-A,2026-08-02,29.06,2026-08-31,16,False,True,0,1,0.0
DLV-01883,LOT-01883,CAR-A,2026-05-09,19.75,2026-05-28,16,False,True,0,1,0.0
DLV-01884,LOT-01884,CAR-A,2026-06-28,4.24,2026-07-02,16,True,False,1,0,0.9364
DLV-01885,LOT-01885,CAR-A,2026-07-18,6.22,2026-07-24,16,True,False,1,0,0.9067
DLV-01886,LOT-01886,CAR-B,2026-05-02,14.49,2026-05-16,16,True,False,1,0,0.7827
DLV-01887,LOT-01887,CAR-A,2026-05-27,5.38,2026-06-01,16,True,False,1,0,0.9193
DLV-01888,LOT-01888,CAR-A,2026-07-05,4.42,2026-07-09,16,True,False,1,0,0.9337
DLV-01889,LOT-01889,CAR-B,2026-07-18,13.84,2026-07-31,16,True,False,1,0,0.7924
DLV-01890,LOT-01890,CAR-B,2026-07-31,16.35,2026-08-16,16,False,True,0,1,0.0
DLV-01891,LOT-01891,CAR-A,2026-06-15,4.58,2026-06-19,16,True,False,1,0,0.9313
DLV-01892,LOT-01892,CAR-A,2026-05-03,4.23,2026-05-07,16,True,False,1,0,0.9366
DLV-01893,LOT-01893,CAR-B,2026-05-02,13.71,2026-05-15,16,True,False,1,0,0.7944
DLV-01894,LOT-01894,CAR-B,2026-06-24,13.07,2026-07-07,16,True,False,1,0,0.8039
DLV-01895,LOT-01895,CAR-A,2026-05-08,4.25,2026-05-12,16,True,False,1,0,0.9362
DLV-01896,LOT-01896,CAR-B,2026-06-05,13.95,2026-06-18,16,True,False,1,0,0.7908
DLV-01897,LOT-01897,CAR-A,2026-07-08,6.79,2026-07-14,16,True,False,1,0,0.8982
DLV-01898,LOT-01898,CAR-A,2026-05-08,4.96,2026-05-12,16,True,False,1,0,0.9256
DLV-01899,LOT-01899,CAR-A,2026-05-13,17.89,2026-05-30,16,False,True,0,1,0.0
DLV-01900,LOT-01900,CAR-A,2026-06-10,6.82,2026-06-16,16,True,False,1,0,0.8977
DLV-01901,LOT-01901,CAR-A,2026-05-19,7.12,2026-05-26,16,True,False,1,0,0.8932
DLV-01902,LOT-01902,CAR-B,2026-05-29,13.28,2026-06-11,16,True,False,1,0,0.8008
DLV-01903,LOT-01903,CAR-B,2026-07-21,14.13,2026-08-04,16,True,False,1,0,0.788
DLV-01904,LOT-01904,CAR-A,2026-07-04,7.06,2026-07-11,16,True,False,1,0,0.8941
DLV-01905,LOT-01905,CAR-B,2026-05-01,14.18,2026-05-15,16,True,False,1,0,0.7873
DLV-01906,LOT-01906,CAR-A,2026-05-08,7.17,2026-05-15,16,True,False,1,0,0.8924
DLV-01907,LOT-01907,CAR-A,2026-05-23,4.27,2026-05-27,16,True,False,1,0,0.936
DLV-01908,LOT-01908,CAR-A,2026-07-22,11.9,2026-08-02,16,True,False,1,0,0.8215
DLV-01909,LOT-01909,CAR-A,2026-06-27,6.65,2026-07-03,16,True,False,1,0,0.9002
DLV-01910,LOT-01910,CAR-A,2026-07-08,4.89,2026-07-12,16,True,False,1,0,0.9266
DLV-01911,LOT-01911,CAR-A,2026-06-16,3.0,2026-06-19,16,True,False,1,0,0.955
DLV-01912,LOT-01912,CAR-B,2026-06-01,14.54,2026-06-15,16,True,False,1,0,0.7819
DLV-01913,LOT-01913,CAR-B,2026-05-09,15.29,2026-05-24,16,True,False,1,0,0.7707
DLV-01914,LOT-01914,CAR-A,2026-06-20,23.18,2026-07-13,16,False,True,0,1,0.0
DLV-01915,LOT-01915,CAR-B,2026-05-16,16.11,2026-06-01,16,False,True,0,1,0.0
DLV-01916,LOT-01916,CAR-B,2026-05-30,12.69,2026-06-11,16,True,False,1,0,0.8096
DLV-01917,LOT-01917,CAR-B,2026-07-19,13.01,2026-08-01,16,True,False,1,0,0.8049
DLV-01918,LOT-01918,CAR-A,2026-05-05,4.41,2026-05-09,16,True,False,1,0,0.9338
DLV-01919,LOT-01919,CAR-B,2026-05-22,12.97,2026-06-03,16,True,False,1,0,0.8054
DLV-01920,LOT-01920,CAR-A,2026-06-08,4.22,2026-06-12,16,True,False,1,0,0.9367
DLV-01921,LOT-01921,CAR-B,2026-07-01,14.86,2026-07-15,16,True,False,1,0,0.7771
DLV-01922,LOT-01922,CAR-B,2026-05-04,14.09,2026-05-18,16,True,False,1,0,0.7887
DLV-01923,LOT-01923,CAR-B,2026-05-23,13.18,2026-06-05,16,True,False,1,0,0.8023
DLV-01924,LOT-01924,CAR-B,2026-06-03,15.86,2026-06-18,16,True,False,1,0,0.7621
DLV-01925,LOT-01925,CAR-B,2026-07-22,14.48,2026-08-05,16,True,False,1,0,0.7828
DLV-01926,LOT-01926,CAR-B,2026-05-17,14.15,2026-05-31,16,True,False,1,0,0.7877
DLV-01927,LOT-01927,CAR-A,2026-07-06,5.22,2026-07-11,16,True,False,1,0,0.9217
DLV-01928,LOT-01928,CAR-B,2026-07-18,15.33,2026-08-02,16,True,False,1,0,0.77
DLV-01929,LOT-01929,CAR-B,2026-06-11,14.71,2026-06-25,16,True,False,1,0,0.7794
DLV-01930,LOT-01930,CAR-B,2026-07-08,12.51,2026-07-20,16,True,False,1,0,0.8124
DLV-01931,LOT-01931,CAR-A,2026-06-07,5.75,2026-06-12,16,True,False,1,0,0.9138
DLV-01932,LOT-01932,CAR-A,2026-05-16,6.19,2026-05-22,16,True,False,1,0,0.9072
DLV-01933,LOT-01933,CAR-A,2026-06-21,4.59,2026-06-25,16,True,False,1,0,0.9312
DLV-01934,LOT-01934,CAR-A,2026-05-11,4.1,2026-05-15,16,True,False,1,0,0.9385
DLV-01935,LOT-01935,CAR-A,2026-05-21,3.9,2026-05-24,16,True,False,1,0,0.9415
DLV-01936,LOT-01936,CAR-A,2026-06-06,5.78,2026-06-11,16,True,False,1,0,0.9133
DLV-01937,LOT-01937,CAR-A,2026-05-30,3.0,2026-06-02,16,True,False,1,0,0.955
DLV-01938,LOT-01938,CAR-A,2026-06-06,20.35,2026-06-26,16,False,True,0,1,0.0
DLV-01939,LOT-01939,CAR-A,2026-07-08,4.6,2026-07-12,16,True,False,1,0,0.931
DLV-01940,LOT-01940,CAR-A,2026-05-29,13.76,2026-06-11,16,True,False,1,0,0.7936
DLV-01941,LOT-01941,CAR-A,2026-06-02,5.63,2026-06-07,16,True,False,1,0,0.9156
DLV-01942,LOT-01942,CAR-A,2026-07-25,5.52,2026-07-30,16,True,False,1,0,0.9172
DLV-01943,LOT-01943,CAR-A,2026-08-08,26.06,2026-09-03,16,False,True,0,1,0.0
DLV-01944,LOT-01944,CAR-A,2026-08-06,20.28,2026-08-26,16,False,True,0,1,0.0
DLV-01945,LOT-01945,CAR-A,2026-05-02,6.64,2026-05-08,16,True,False,1,0,0.9004
DLV-01946,LOT-01946,CAR-B,2026-08-03,13.72,2026-08-16,16,True,False,1,0,0.7942
DLV-01947,LOT-01947,CAR-A,2026-05-01,14.72,2026-05-15,16,True,False,1,0,0.7792
DLV-01948,LOT-01948,CAR-A,2026-06-24,15.52,2026-07-09,16,True,False,1,0,0.7672
DLV-01949,LOT-01949,CAR-B,2026-05-21,12.45,2026-06-02,16,True,False,1,0,0.8132
DLV-01950,LOT-01950,CAR-B,2026-06-07,15.21,2026-06-22,16,True,False,1,0,0.7718
DLV-01951,LOT-01951,CAR-B,2026-05-11,14.84,2026-05-25,16,True,False,1,0,0.7774
DLV-01952,LOT-01952,CAR-A,2026-05-30,4.69,2026-06-03,16,True,False,1,0,0.9296
DLV-01953,LOT-01953,CAR-A,2026-06-17,22.14,2026-07-09,16,False,True,0,1,0.0
DLV-01954,LOT-01954,CAR-B,2026-06-02,12.92,2026-06-14,16,True,False,1,0,0.8062
DLV-01955,LOT-01955,CAR-B,2026-07-25,12.92,2026-08-06,16,True,False,1,0,0.8062
DLV-01956,LOT-01956,CAR-A,2026-07-06,7.24,2026-07-13,16,True,False,1,0,0.8914
DLV-01957,LOT-01957,CAR-A,2026-07-22,5.8,2026-07-27,16,True,False,1,0,0.913
DLV-01958,LOT-01958,CAR-A,2026-05-23,15.56,2026-06-07,16,True,False,1,0,0.7666
DLV-01959,LOT-01959,CAR-A,2026-07-13,4.91,2026-07-17,16,True,False,1,0,0.9264
DLV-01960,LOT-01960,CAR-A,2026-08-01,23.38,2026-08-24,16,False,True,0,1,0.0
DLV-01961,LOT-01961,CAR-B,2026-05-26,13.94,2026-06-08,16,True,False,1,0,0.7909
DLV-01962,LOT-01962,CAR-A,2026-07-31,27.23,2026-08-27,16,False,True,0,1,0.0
DLV-01963,LOT-01963,CAR-A,2026-08-05,6.43,2026-08-11,16,True,False,1,0,0.9036
DLV-01964,LOT-01964,CAR-A,2026-06-25,5.51,2026-06-30,16,True,False,1,0,0.9174
DLV-01965,LOT-01965,CAR-B,2026-05-16,13.03,2026-05-29,16,True,False,1,0,0.8046
DLV-01966,LOT-01966,CAR-A,2026-07-03,7.01,2026-07-10,16,True,False,1,0,0.8948
DLV-01967,LOT-01967,CAR-A,2026-07-13,5.48,2026-07-18,16,True,False,1,0,0.9178
DLV-01968,LOT-01968,CAR-A,2026-07-20,3.0,2026-07-23,16,True,False,1,0,0.955
DLV-01969,LOT-01969,CAR-B,2026-05-08,12.73,2026-05-20,16,True,False,1,0,0.8091
DLV-01970,LOT-01970,CAR-A,2026-07-28,7.07,2026-08-04,16,True,False,1,0,0.894
DLV-01971,LOT-01971,CAR-B,2026-07-05,13.64,2026-07-18,16,True,False,1,0,0.7954
DLV-01972,LOT-01972,CAR-B,2026-08-07,12.97,2026-08-19,16,True,False,1,0,0.8054
DLV-01973,LOT-01973,CAR-B,2026-06-30,14.73,2026-07-14,16,True,False,1,0,0.779
DLV-01974,LOT-01974,CAR-B,2026-05-02,11.8,2026-05-13,16,True,False,1,0,0.823
DLV-01975,LOT-01975,CAR-B,2026-05-04,13.9,2026-05-17,16,True,False,1,0,0.7915
DLV-01976,LOT-01976,CAR-B,2026-05-25,14.34,2026-06-08,16,True,False,1,0,0.7849
DLV-01977,LOT-01977,CAR-A,2026-07-07,5.05,2026-07-12,16,True,False,1,0,0.9242
DLV-01978,LOT-01978,CAR-A,2026-07-25,3.5,2026-07-28,16,True,False,1,0,0.9475
DLV-01979,LOT-01979,CAR-A,2026-05-27,17.42,2026-06-13,16,False,True,0,1,0.0
DLV-01980,LOT-01980,CAR-A,2026-06-09,3.0,2026-06-12,16,True,False,1,0,0.955
DLV-01981,LOT-01981,CAR-A,2026-07-13,18.63,2026-07-31,16,False,True,0,1,0.0
DLV-01982,LOT-01982,CAR-A,2026-05-01,13.93,2026-05-14,16,True,False,1,0,0.791
DLV-01983,LOT-01983,CAR-B,2026-06-23,13.56,2026-07-06,16,True,False,1,0,0.7966
DLV-01984,LOT-01984,CAR-B,2026-05-31,15.03,2026-06-15,16,True,False,1,0,0.7746
DLV-01985,LOT-01985,CAR-B,2026-07-30,13.81,2026-08-12,16,True,False,1,0,0.7929
DLV-01986,LOT-01986,CAR-B,2026-06-20,13.91,2026-07-03,16,True,False,1,0,0.7914
DLV-01987,LOT-01987,CAR-B,2026-07-23,14.87,2026-08-06,16,True,False,1,0,0.777
DLV-01988,LOT-01988,CAR-A,2026-05-04,4.19,2026-05-08,16,True,False,1,0,0.9372
DLV-01989,LOT-01989,CAR-B,2026-05-25,12.59,2026-06-06,16,True,False,1,0,0.8112
DLV-01990,LOT-01990,CAR-A,2026-06-13,18.45,2026-07-01,16,False,True,0,1,0.0
DLV-01991,LOT-01991,CAR-A,2026-07-02,5.4,2026-07-07,16,True,False,1,0,0.919
DLV-01992,LOT-01992,CAR-A,2026-07-08,4.48,2026-07-12,16,True,False,1,0,0.9328
DLV-01993,LOT-01993,CAR-A,2026-06-05,10.07,2026-06-15,16,True,False,1,0,0.849
DLV-01994,LOT-01994,CAR-B,2026-08-01,13.2,2026-08-14,16,True,False,1,0,0.802
DLV-01995,LOT-01995,CAR-B,2026-05-12,14.41,2026-05-26,16,True,False,1,0,0.7839
DLV-01996,LOT-01996,CAR-B,2026-06-23,14.39,2026-07-07,16,True,False,1,0,0.7842
DLV-01997,LOT-01997,CAR-A,2026-07-02,6.41,2026-07-08,16,True,False,1,0,0.9038
DLV-01998,LOT-01998,CAR-A,2026-05-01,5.68,2026-05-06,16,True,False,1,0,0.9148
DLV-01999,LOT-01999,CAR-B,2026-06-17,14.38,2026-07-01,16,True,False,1,0,0.7843
DLV-02000,LOT-02000,CAR-B,2026-07-05,15.05,2026-07-20,16,True,False,1,0,0.7742
