lot_id,supplier_id,network,route_id,cold_chain,inspector_id,weekday,dispatch_date,captured_at,capture_method,weight_in_kg,weight_out_kg,quality_pass,passed_flag,post_harvest_loss_frac
LOT-00001,SUP-A,A,RT-C00,True,INS-04,Thu,2026-07-30,2026-07-30T12:00,scanner,931.4,611.5,True,1,0.3435
LOT-00002,SUP-A,A,RT-C00,True,INS-04,Wed,2026-06-08,2026-06-08T07:00,scanner,794.8,563.7,True,1,0.2908
LOT-00003,SUP-A,A,RT-C05,True,INS-03,Wed,2026-07-07,2026-07-07T06:00,scanner,868.2,593.5,True,1,0.3164
LOT-00004,SUP-A,A,RT-C09,True,INS-01,Tue,2026-07-10,2026-07-10T14:00,scanner,817.0,588.2,True,1,0.28
LOT-00005,SUP-A,A,RT-C04,True,INS-04,Thu,2026-07-18,2026-07-18T13:00,scanner,941.4,654.0,True,1,0.3053
LOT-00006,SUP-A,A,RT-C08,True,INS-07,Fri,2026-05-09,,broker_memory,,,True,1,
LOT-00007,SUP-A,A,RT-N01,False,INS-06,Mon,2026-06-02,2026-06-02T12:00,manual_scale,1113.3,787.7,False,0,0.2925
LOT-00008,SUP-A,A,RT-C02,True,INS-02,Wed,2026-07-02,2026-07-02T08:00,scanner,915.4,628.4,True,1,0.3135
LOT-00009,SUP-A,A,RT-C04,True,INS-00,Thu,2026-06-09,2026-06-09T12:00,scanner,667.2,454.5,True,1,0.3188
LOT-00010,SUP-A,A,RT-C01,True,INS-04,Mon,2026-05-21,2026-05-21T15:00,scanner,1083.3,842.3,True,1,0.2225
LOT-00011,SUP-A,A,RT-C07,True,INS-03,Fri,2026-07-12,2026-07-12T14:00,scanner,999.8,761.9,True,1,0.2379
LOT-00012,SUP-A,A,RT-C00,True,INS-06,Wed,2026-07-15,2026-07-15T08:00,scanner,979.5,712.6,True,1,0.2725
LOT-00013,SUP-A,A,RT-C06,True,INS-06,Fri,2026-08-04,2026-08-04T12:00,scanner,846.7,609.2,True,1,0.2805
LOT-00014,SUP-A,A,RT-C09,True,INS-03,Wed,2026-05-29,2026-05-29T14:00,scanner,1169.9,857.4,True,1,0.2671
LOT-00015,SUP-A,A,RT-C06,True,INS-01,Fri,2026-07-22,2026-07-22T19:00,scanner,697.2,468.6,True,1,0.3279
LOT-00016,SUP-A,A,RT-C03,True,INS-00,Sat,2026-06-04,2026-06-04T06:00,scanner,1097.3,736.1,True,1,0.3292
LOT-00017,SUP-A,A,RT-C01,True,INS-03,Mon,2026-06-01,2026-06-01T13:00,scanner,837.3,550.6,True,1,0.3424
LOT-00018,SUP-A,A,RT-C04,True,INS-04,Thu,2026-08-07,,broker_memory,,,True,1,
LOT-00019,SUP-A,A,RT-C09,True,INS-07,Wed,2026-07-09,2026-07-09T13:00,scanner,835.6,598.3,True,1,0.284
LOT-00020,SUP-A,A,RT-C02,True,INS-05,Tue,2026-05-10,2026-05-10T14:00,scanner,855.5,642.3,True,1,0.2492
LOT-00021,SUP-A,A,RT-N08,False,INS-03,Fri,2026-05-31,2026-05-31T15:00,manual_scale,981.1,744.3,False,0,0.2414
LOT-00022,SUP-A,A,RT-C02,True,INS-02,Fri,2026-05-02,2026-05-02T19:00,scanner,861.1,654.8,True,1,0.2396
LOT-00023,SUP-A,A,RT-C09,True,INS-01,Thu,2026-06-28,2026-06-28T07:00,scanner,939.4,583.7,True,1,0.3786
LOT-00024,SUP-A,A,RT-C04,True,INS-06,Sat,2026-05-23,2026-05-23T06:00,scanner,980.9,583.9,True,1,0.4047
LOT-00025,SUP-A,A,RT-C03,True,INS-03,Thu,2026-07-08,2026-07-08T10:00,scanner,1005.6,720.4,True,1,0.2836
LOT-00026,SUP-A,A,RT-C08,True,INS-06,Tue,2026-05-29,,broker_memory,,,True,1,
LOT-00027,SUP-A,A,RT-C00,True,INS-01,Wed,2026-05-13,2026-05-13T14:00,scanner,1038.2,729.6,True,1,0.2972
LOT-00028,SUP-A,A,RT-C07,True,INS-02,Wed,2026-07-07,2026-07-07T19:00,scanner,917.4,645.4,True,1,0.2965
LOT-00029,SUP-A,A,RT-C09,True,INS-02,Mon,2026-05-19,2026-05-19T11:00,scanner,750.1,530.3,True,1,0.293
LOT-00030,SUP-A,A,RT-N06,False,INS-06,Wed,2026-07-15,2026-07-15T12:00,manual_scale,881.0,645.6,True,1,0.2672
LOT-00031,SUP-A,A,RT-C04,True,INS-04,Mon,2026-06-03,2026-06-03T19:00,scanner,940.6,732.6,True,1,0.2211
LOT-00032,SUP-A,A,RT-C03,True,INS-04,Sat,2026-07-04,2026-07-04T16:00,scanner,1142.0,881.1,True,1,0.2285
LOT-00033,SUP-A,A,RT-C04,True,INS-01,Tue,2026-06-02,2026-06-02T14:00,scanner,1180.7,800.2,True,1,0.3223
LOT-00034,SUP-A,A,RT-C01,True,INS-07,Tue,2026-07-28,2026-07-28T09:00,scanner,1124.9,738.2,True,1,0.3438
LOT-00035,SUP-A,A,RT-C01,True,INS-05,Thu,2026-05-21,2026-05-21T12:00,scanner,782.8,527.5,True,1,0.3261
LOT-00036,SUP-A,A,RT-C05,True,INS-01,Mon,2026-06-09,2026-06-09T14:00,scanner,899.4,643.6,True,1,0.2844
LOT-00037,SUP-A,A,RT-N03,False,INS-01,Fri,2026-08-06,2026-08-06T14:00,manual_scale,899.0,541.3,True,1,0.3979
LOT-00038,SUP-A,A,RT-N04,False,INS-00,Wed,2026-05-13,2026-05-13T07:00,manual_scale,963.9,676.5,False,0,0.2982
LOT-00039,SUP-A,A,RT-C07,True,INS-07,Wed,2026-06-06,2026-06-06T15:00,scanner,1015.4,785.1,True,1,0.2268
LOT-00040,SUP-A,A,RT-C06,True,INS-03,Sat,2026-05-19,2026-05-19T18:00,scanner,791.5,493.2,True,1,0.3769
LOT-00041,SUP-A,A,RT-C08,True,INS-05,Tue,2026-05-10,2026-05-10T14:00,scanner,941.4,619.2,True,1,0.3423
LOT-00042,SUP-A,A,RT-C04,True,INS-05,Thu,2026-07-04,2026-07-04T16:00,scanner,1123.3,783.2,True,1,0.3028
LOT-00043,SUP-A,A,RT-C03,True,INS-06,Sat,2026-06-16,2026-06-16T12:00,scanner,715.1,540.6,True,1,0.244
LOT-00044,SUP-A,A,RT-C02,True,INS-04,Thu,2026-07-25,2026-07-25T18:00,scanner,857.8,537.5,True,1,0.3734
LOT-00045,SUP-A,A,RT-C03,True,INS-01,Sat,2026-07-18,2026-07-18T19:00,scanner,909.8,641.2,True,1,0.2952
LOT-00046,SUP-A,A,RT-C05,True,INS-02,Wed,2026-08-08,2026-08-08T14:00,scanner,996.9,704.0,True,1,0.2938
LOT-00047,SUP-A,A,RT-C00,True,INS-03,Sat,2026-05-11,2026-05-11T18:00,scanner,945.7,586.7,True,1,0.3796
LOT-00048,SUP-A,A,RT-C07,True,INS-04,Thu,2026-06-16,2026-06-16T06:00,scanner,1091.6,782.6,True,1,0.2831
LOT-00049,SUP-A,A,RT-C07,True,INS-07,Fri,2026-08-02,2026-08-02T18:00,scanner,752.2,506.2,True,1,0.327
LOT-00050,SUP-A,A,RT-N07,False,INS-03,Sat,2026-08-06,,broker_memory,,,True,1,
LOT-00051,SUP-A,A,RT-C04,True,INS-05,Sat,2026-06-08,2026-06-08T17:00,scanner,834.0,456.6,True,1,0.4525
LOT-00052,SUP-A,A,RT-C03,True,INS-05,Thu,2026-06-24,2026-06-24T12:00,scanner,961.5,692.5,True,1,0.2798
LOT-00053,SUP-A,A,RT-C03,True,INS-07,Fri,2026-05-08,2026-05-08T18:00,scanner,912.4,576.0,True,1,0.3687
LOT-00054,SUP-A,A,RT-C05,True,INS-03,Mon,2026-07-20,2026-07-20T07:00,scanner,829.9,524.9,True,1,0.3675
LOT-00055,SUP-A,A,RT-C01,True,INS-03,Thu,2026-05-31,2026-05-31T14:00,scanner,976.0,642.3,True,1,0.3419
LOT-00056,SUP-A,A,RT-C08,True,INS-01,Wed,2026-06-07,2026-06-07T15:00,scanner,959.0,615.6,True,1,0.3581
LOT-00057,SUP-A,A,RT-C06,True,INS-04,Wed,2026-05-23,2026-05-23T18:00,scanner,990.3,705.7,True,1,0.2874
LOT-00058,SUP-A,A,RT-C00,True,INS-03,Sat,2026-05-23,2026-05-23T18:00,scanner,868.7,597.3,False,0,0.3124
LOT-00059,SUP-A,A,RT-C07,True,INS-01,Thu,2026-05-25,2026-05-25T19:00,scanner,1107.2,769.6,True,1,0.3049
LOT-00060,SUP-A,A,RT-C08,True,INS-01,Sat,2026-06-08,2026-06-08T07:00,scanner,1114.8,835.7,True,1,0.2504
LOT-00061,SUP-A,A,RT-C08,True,INS-05,Mon,2026-07-02,,broker_memory,,,True,1,
LOT-00062,SUP-A,A,RT-C05,True,INS-02,Wed,2026-06-14,2026-06-14T16:00,scanner,928.4,695.6,True,1,0.2508
LOT-00063,SUP-A,A,RT-C04,True,INS-06,Sat,2026-05-20,2026-05-20T12:00,scanner,835.7,587.9,True,1,0.2965
LOT-00064,SUP-A,A,RT-C05,True,INS-03,Tue,2026-05-04,2026-05-04T18:00,scanner,789.7,578.5,True,1,0.2674
LOT-00065,SUP-A,A,RT-N06,False,INS-00,Thu,2026-06-15,2026-06-15T11:00,manual_scale,1111.0,859.0,True,1,0.2268
LOT-00066,SUP-A,A,RT-N05,False,INS-07,Wed,2026-07-23,,broker_memory,,,True,1,
LOT-00067,SUP-A,A,RT-N06,False,INS-07,Mon,2026-07-28,2026-07-28T09:00,manual_scale,1034.9,712.4,True,1,0.3116
LOT-00068,SUP-A,A,RT-C00,True,INS-00,Mon,2026-05-07,2026-05-07T17:00,scanner,983.7,762.5,True,1,0.2249
LOT-00069,SUP-A,A,RT-C03,True,INS-06,Fri,2026-06-13,2026-06-13T19:00,scanner,1017.8,712.5,True,1,0.3
LOT-00070,SUP-A,A,RT-C09,True,INS-00,Sat,2026-06-04,2026-06-04T09:00,scanner,872.8,633.6,True,1,0.2741
LOT-00071,SUP-A,A,RT-C05,True,INS-06,Thu,2026-07-03,2026-07-03T09:00,scanner,1009.3,554.6,True,1,0.4505
LOT-00072,SUP-A,A,RT-C08,True,INS-00,Thu,2026-07-28,2026-07-28T18:00,scanner,919.6,690.8,True,1,0.2488
LOT-00073,SUP-A,A,RT-C05,True,INS-01,Wed,2026-05-05,2026-05-05T18:00,scanner,671.2,449.1,True,1,0.3309
LOT-00074,SUP-A,A,RT-C08,True,INS-05,Fri,2026-07-29,2026-07-29T08:00,scanner,966.5,700.3,True,1,0.2754
LOT-00075,SUP-A,A,RT-C00,True,INS-07,Tue,2026-05-30,2026-05-30T11:00,scanner,848.0,592.7,True,1,0.3011
LOT-00076,SUP-A,A,RT-C02,True,INS-03,Wed,2026-05-28,2026-05-28T14:00,scanner,828.3,470.0,True,1,0.4326
LOT-00077,SUP-A,A,RT-N06,False,INS-03,Mon,2026-07-04,2026-07-04T10:00,manual_scale,732.1,494.5,True,1,0.3245
LOT-00078,SUP-A,A,RT-C05,True,INS-02,Mon,2026-07-22,,broker_memory,,,True,1,
LOT-00079,SUP-A,A,RT-C01,True,INS-06,Thu,2026-05-21,2026-05-21T11:00,scanner,770.4,540.6,True,1,0.2983
LOT-00080,SUP-A,A,RT-N05,False,INS-07,Wed,2026-05-29,2026-05-29T12:00,manual_scale,1179.1,797.5,True,1,0.3236
LOT-00081,SUP-A,A,RT-C08,True,INS-06,Tue,2026-07-10,2026-07-10T18:00,scanner,1056.7,742.3,True,1,0.2975
LOT-00082,SUP-A,A,RT-N02,False,INS-00,Thu,2026-05-08,2026-05-08T15:00,manual_scale,1185.8,878.6,True,1,0.2591
LOT-00083,SUP-A,A,RT-C03,True,INS-05,Mon,2026-05-04,2026-05-04T10:00,scanner,1033.0,759.8,True,1,0.2645
LOT-00084,SUP-A,A,RT-C06,True,INS-01,Fri,2026-08-07,2026-08-07T13:00,scanner,826.4,429.8,True,1,0.4799
LOT-00085,SUP-A,A,RT-C05,True,INS-07,Mon,2026-05-22,2026-05-22T13:00,scanner,1041.9,742.3,True,1,0.2876
LOT-00086,SUP-A,A,RT-C07,True,INS-05,Wed,2026-05-29,2026-05-29T15:00,scanner,851.8,600.7,False,0,0.2948
LOT-00087,SUP-A,A,RT-C08,True,INS-03,Thu,2026-06-12,2026-06-12T07:00,scanner,878.8,543.2,True,1,0.3819
LOT-00088,SUP-A,A,RT-C00,True,INS-06,Sat,2026-07-02,2026-07-02T15:00,scanner,998.6,718.2,True,1,0.2808
LOT-00089,SUP-A,A,RT-C01,True,INS-03,Thu,2026-05-02,2026-05-02T10:00,scanner,920.7,545.1,True,1,0.408
LOT-00090,SUP-A,A,RT-C00,True,INS-04,Sat,2026-07-05,2026-07-05T09:00,scanner,855.0,537.0,True,1,0.3719
LOT-00091,SUP-A,A,RT-C04,True,INS-02,Fri,2026-07-10,2026-07-10T16:00,scanner,896.9,539.2,True,1,0.3988
LOT-00092,SUP-A,A,RT-N07,False,INS-02,Fri,2026-07-26,2026-07-26T06:00,manual_scale,787.7,576.4,True,1,0.2682
LOT-00093,SUP-A,A,RT-C03,True,INS-05,Thu,2026-06-14,2026-06-14T15:00,scanner,1033.8,664.0,False,0,0.3577
LOT-00094,SUP-A,A,RT-C03,True,INS-02,Mon,2026-06-10,2026-06-10T13:00,scanner,935.1,535.5,True,1,0.4273
LOT-00095,SUP-A,A,RT-C05,True,INS-03,Fri,2026-06-16,2026-06-16T15:00,scanner,1060.9,742.6,True,1,0.3
LOT-00096,SUP-A,A,RT-C07,True,INS-04,Sat,2026-06-18,2026-06-18T09:00,scanner,963.0,675.3,True,1,0.2988
LOT-00097,SUP-A,A,RT-C01,True,INS-07,Fri,2026-05-09,2026-05-09T18:00,scanner,1077.2,684.9,True,1,0.3642
LOT-00098,SUP-A,A,RT-N04,False,INS-06,Sat,2026-06-23,,broker_memory,,,False,0,
LOT-00099,SUP-A,A,RT-C01,True,INS-06,Fri,2026-06-29,2026-06-29T12:00,scanner,1206.4,825.6,True,1,0.3156
LOT-00100,SUP-A,A,RT-C00,True,INS-03,Wed,2026-07-10,2026-07-10T07:00,scanner,827.7,558.0,True,1,0.3258
LOT-00101,SUP-A,A,RT-C03,True,INS-05,Wed,2026-06-12,2026-06-12T17:00,scanner,887.7,559.1,True,1,0.3702
LOT-00102,SUP-A,A,RT-N06,False,INS-06,Wed,2026-07-04,,broker_memory,,,False,0,
LOT-00103,SUP-A,A,RT-C01,True,INS-02,Tue,2026-08-03,2026-08-03T06:00,scanner,993.9,672.3,True,1,0.3236
LOT-00104,SUP-A,A,RT-C09,True,INS-06,Thu,2026-06-12,2026-06-12T11:00,scanner,1113.7,803.4,True,1,0.2786
LOT-00105,SUP-A,A,RT-N04,False,INS-04,Thu,2026-06-05,,broker_memory,,,False,0,
LOT-00106,SUP-A,A,RT-C09,True,INS-03,Fri,2026-07-15,2026-07-15T18:00,scanner,917.1,648.7,True,1,0.2927
LOT-00107,SUP-A,A,RT-C06,True,INS-05,Fri,2026-07-08,2026-07-08T16:00,scanner,883.5,669.7,True,1,0.242
LOT-00108,SUP-A,A,RT-N06,False,INS-07,Sat,2026-06-28,,broker_memory,,,False,0,
LOT-00109,SUP-A,A,RT-C03,True,INS-00,Tue,2026-06-08,,broker_memory,,,True,1,
LOT-00110,SUP-A,A,RT-N06,False,INS-04,Tue,2026-05-01,2026-05-01T15:00,manual_scale,807.9,609.8,True,1,0.2452
LOT-00111,SUP-A,A,RT-C00,True,INS-05,Wed,2026-06-23,2026-06-23T17:00,scanner,978.6,625.6,True,1,0.3607
LOT-00112,SUP-A,A,RT-C06,True,INS-03,Wed,2026-06-18,2026-06-18T17:00,scanner,1154.4,940.4,True,1,0.1854
LOT-00113,SUP-A,A,RT-C03,True,INS-03,Mon,2026-08-06,2026-08-06T06:00,scanner,918.6,685.2,True,1,0.2541
LOT-00114,SUP-A,A,RT-C08,True,INS-07,Fri,2026-06-18,2026-06-18T07:00,scanner,1017.0,615.5,True,1,0.3948
LOT-00115,SUP-A,A,RT-C04,True,INS-07,Wed,2026-07-12,,broker_memory,,,True,1,
LOT-00116,SUP-A,A,RT-C02,True,INS-05,Tue,2026-06-04,2026-06-04T07:00,scanner,734.8,513.5,True,1,0.3012
LOT-00117,SUP-A,A,RT-N06,False,INS-02,Wed,2026-07-23,2026-07-23T19:00,manual_scale,791.9,581.6,True,1,0.2656
LOT-00118,SUP-A,A,RT-C02,True,INS-06,Thu,2026-07-30,2026-07-30T16:00,scanner,928.9,669.0,False,0,0.2798
LOT-00119,SUP-A,A,RT-C02,True,INS-01,Thu,2026-07-23,2026-07-23T16:00,scanner,920.5,688.9,True,1,0.2516
LOT-00120,SUP-A,A,RT-C05,True,INS-00,Thu,2026-07-24,2026-07-24T12:00,scanner,925.6,624.5,True,1,0.3253
LOT-00121,SUP-A,A,RT-C02,True,INS-04,Fri,2026-06-11,2026-06-11T13:00,scanner,781.9,625.5,True,1,0.2
LOT-00122,SUP-A,A,RT-C06,True,INS-04,Sat,2026-05-11,2026-05-11T10:00,scanner,1009.8,793.2,True,1,0.2145
LOT-00123,SUP-A,A,RT-C00,True,INS-03,Thu,2026-07-28,2026-07-28T10:00,scanner,1024.0,772.8,True,1,0.2453
LOT-00124,SUP-A,A,RT-C07,True,INS-07,Fri,2026-07-07,2026-07-07T19:00,scanner,918.8,729.7,True,1,0.2058
LOT-00125,SUP-A,A,RT-C00,True,INS-06,Tue,2026-07-18,,broker_memory,,,True,1,
LOT-00126,SUP-A,A,RT-C07,True,INS-00,Fri,2026-06-03,2026-06-03T14:00,scanner,975.8,715.2,True,1,0.2671
LOT-00127,SUP-A,A,RT-C05,True,INS-00,Mon,2026-08-03,2026-08-03T15:00,scanner,931.1,718.9,True,1,0.2279
LOT-00128,SUP-A,A,RT-C07,True,INS-07,Tue,2026-06-26,2026-06-26T11:00,scanner,1152.0,779.6,True,1,0.3233
LOT-00129,SUP-A,A,RT-C00,True,INS-03,Thu,2026-05-23,2026-05-23T10:00,scanner,928.3,663.7,True,1,0.285
LOT-00130,SUP-A,A,RT-C07,True,INS-04,Fri,2026-05-12,,broker_memory,,,True,1,
LOT-00131,SUP-A,A,RT-C00,True,INS-06,Thu,2026-06-03,2026-06-03T17:00,scanner,910.3,594.7,True,1,0.3467
LOT-00132,SUP-A,A,RT-C01,True,INS-00,Wed,2026-06-15,,broker_memory,,,True,1,
LOT-00133,SUP-A,A,RT-C02,True,INS-03,Wed,2026-05-02,2026-05-02T18:00,scanner,978.2,709.9,True,1,0.2743
LOT-00134,SUP-A,A,RT-C03,True,INS-03,Mon,2026-07-28,2026-07-28T06:00,scanner,893.8,634.2,True,1,0.2904
LOT-00135,SUP-A,A,RT-C04,True,INS-04,Wed,2026-05-16,2026-05-16T16:00,scanner,913.7,721.0,True,1,0.2109
LOT-00136,SUP-A,A,RT-C04,True,INS-04,Mon,2026-06-27,,broker_memory,,,True,1,
LOT-00137,SUP-A,A,RT-N09,False,INS-06,Fri,2026-07-16,2026-07-16T08:00,manual_scale,1047.7,593.6,False,0,0.4334
LOT-00138,SUP-A,A,RT-C05,True,INS-06,Thu,2026-05-11,2026-05-11T12:00,scanner,1091.0,663.5,True,1,0.3918
LOT-00139,SUP-A,A,RT-C02,True,INS-04,Tue,2026-05-19,2026-05-19T08:00,scanner,1153.7,803.0,True,1,0.304
LOT-00140,SUP-A,A,RT-C09,True,INS-05,Thu,2026-06-18,2026-06-18T09:00,scanner,1072.2,832.0,True,1,0.224
LOT-00141,SUP-A,A,RT-C02,True,INS-07,Fri,2026-06-20,2026-06-20T07:00,scanner,951.7,641.7,True,1,0.3257
LOT-00142,SUP-A,A,RT-C01,True,INS-05,Sat,2026-05-14,2026-05-14T17:00,scanner,1038.7,622.3,False,0,0.4009
LOT-00143,SUP-A,A,RT-C07,True,INS-01,Tue,2026-05-13,2026-05-13T06:00,scanner,886.3,599.8,True,1,0.3233
LOT-00144,SUP-A,A,RT-C07,True,INS-02,Tue,2026-05-12,2026-05-12T16:00,scanner,995.4,643.5,True,1,0.3535
LOT-00145,SUP-A,A,RT-C02,True,INS-02,Wed,2026-07-13,2026-07-13T16:00,scanner,901.8,570.2,True,1,0.3677
LOT-00146,SUP-A,A,RT-C00,True,INS-03,Tue,2026-07-30,2026-07-30T14:00,scanner,981.0,669.0,True,1,0.318
LOT-00147,SUP-A,A,RT-C04,True,INS-00,Fri,2026-07-24,2026-07-24T14:00,scanner,974.9,638.4,True,1,0.3452
LOT-00148,SUP-A,A,RT-C06,True,INS-02,Sat,2026-05-08,2026-05-08T12:00,scanner,760.3,517.3,True,1,0.3196
LOT-00149,SUP-A,A,RT-C05,True,INS-03,Sat,2026-05-02,2026-05-02T06:00,scanner,945.1,642.0,True,1,0.3207
LOT-00150,SUP-A,A,RT-C01,True,INS-06,Fri,2026-07-23,2026-07-23T09:00,scanner,708.8,512.1,True,1,0.2775
LOT-00151,SUP-A,A,RT-C03,True,INS-01,Sat,2026-06-10,2026-06-10T12:00,scanner,1155.4,896.6,True,1,0.224
LOT-00152,SUP-A,A,RT-C04,True,INS-06,Wed,2026-06-10,2026-06-10T16:00,scanner,752.6,501.8,True,1,0.3332
LOT-00153,SUP-A,A,RT-N07,False,INS-00,Wed,2026-07-17,,broker_memory,,,False,0,
LOT-00154,SUP-A,A,RT-C05,True,INS-03,Mon,2026-07-31,,broker_memory,,,True,1,
LOT-00155,SUP-A,A,RT-C02,True,INS-04,Fri,2026-06-28,2026-06-28T14:00,scanner,913.9,663.9,True,1,0.2736
LOT-00156,SUP-A,A,RT-C05,True,INS-01,Fri,2026-07-28,2026-07-28T13:00,scanner,806.0,505.5,True,1,0.3728
LOT-00157,SUP-A,A,RT-C07,True,INS-07,Sat,2026-06-24,2026-06-24T14:00,scanner,976.6,699.6,True,1,0.2836
LOT-00158,SUP-A,A,RT-C00,True,INS-05,Sat,2026-05-24,2026-05-24T15:00,scanner,1080.0,778.2,True,1,0.2794
LOT-00159,SUP-A,A,RT-C07,True,INS-00,Thu,2026-07-09,2026-07-09T18:00,scanner,780.8,463.2,True,1,0.4068
LOT-00160,SUP-A,A,RT-C00,True,INS-02,Wed,2026-07-22,2026-07-22T12:00,scanner,1073.1,727.9,True,1,0.3217
LOT-00161,SUP-A,A,RT-C04,True,INS-06,Tue,2026-06-06,2026-06-06T13:00,scanner,972.2,627.5,True,1,0.3546
LOT-00162,SUP-A,A,RT-C02,True,INS-00,Tue,2026-06-01,2026-06-01T10:00,scanner,933.4,670.2,False,0,0.282
LOT-00163,SUP-A,A,RT-N08,False,INS-04,Fri,2026-07-13,,broker_memory,,,True,1,
LOT-00164,SUP-A,A,RT-C07,True,INS-04,Sat,2026-06-08,2026-06-08T18:00,scanner,995.8,615.7,True,1,0.3817
LOT-00165,SUP-A,A,RT-C02,True,INS-01,Tue,2026-07-01,2026-07-01T14:00,scanner,962.2,695.7,True,1,0.277
LOT-00166,SUP-A,A,RT-C07,True,INS-05,Tue,2026-05-18,2026-05-18T12:00,scanner,1030.6,679.6,True,1,0.3406
LOT-00167,SUP-A,A,RT-C04,True,INS-00,Wed,2026-05-07,2026-05-07T15:00,scanner,919.7,604.3,True,1,0.3429
LOT-00168,SUP-A,A,RT-C08,True,INS-00,Mon,2026-06-22,2026-06-22T11:00,scanner,705.8,448.5,True,1,0.3646
LOT-00169,SUP-A,A,RT-C09,True,INS-04,Wed,2026-07-10,2026-07-10T16:00,scanner,943.9,682.4,True,1,0.277
LOT-00170,SUP-A,A,RT-C08,True,INS-07,Fri,2026-07-09,2026-07-09T09:00,scanner,879.2,599.5,True,1,0.3181
LOT-00171,SUP-A,A,RT-C02,True,INS-04,Tue,2026-06-06,,broker_memory,,,True,1,
LOT-00172,SUP-A,A,RT-C02,True,INS-06,Sat,2026-06-03,2026-06-03T12:00,scanner,1168.4,801.8,True,1,0.3138
LOT-00173,SUP-A,A,RT-C00,True,INS-02,Tue,2026-05-11,2026-05-11T19:00,scanner,933.1,672.3,True,1,0.2795
LOT-00174,SUP-A,A,RT-C00,True,INS-03,Wed,2026-05-04,2026-05-04T13:00,scanner,979.8,668.1,True,1,0.3181
LOT-00175,SUP-A,A,RT-N01,False,INS-05,Wed,2026-07-11,2026-07-11T08:00,manual_scale,661.4,519.9,True,1,0.2139
LOT-00176,SUP-A,A,RT-C00,True,INS-01,Mon,2026-06-30,2026-06-30T16:00,scanner,920.1,661.7,False,0,0.2808
LOT-00177,SUP-A,A,RT-C07,True,INS-01,Sat,2026-06-06,2026-06-06T06:00,scanner,1000.5,750.0,True,1,0.2504
LOT-00178,SUP-A,A,RT-C03,True,INS-03,Tue,2026-06-15,2026-06-15T16:00,scanner,854.0,569.0,True,1,0.3337
LOT-00179,SUP-A,A,RT-C04,True,INS-05,Tue,2026-06-27,2026-06-27T17:00,scanner,909.0,636.7,True,1,0.2996
LOT-00180,SUP-A,A,RT-C04,True,INS-03,Sat,2026-05-11,2026-05-11T19:00,scanner,993.3,741.0,True,1,0.254
LOT-00181,SUP-A,A,RT-C00,True,INS-05,Wed,2026-05-09,2026-05-09T09:00,scanner,950.8,697.5,True,1,0.2664
LOT-00182,SUP-A,A,RT-C07,True,INS-03,Thu,2026-07-25,2026-07-25T12:00,scanner,772.0,494.7,True,1,0.3592
LOT-00183,SUP-A,A,RT-C07,True,INS-05,Thu,2026-06-14,2026-06-14T09:00,scanner,992.8,757.7,True,1,0.2368
LOT-00184,SUP-A,A,RT-C05,True,INS-01,Tue,2026-06-04,2026-06-04T17:00,scanner,1255.8,817.6,True,1,0.3489
LOT-00185,SUP-A,A,RT-N01,False,INS-06,Fri,2026-07-23,,broker_memory,,,True,1,
LOT-00186,SUP-A,A,RT-C08,True,INS-00,Wed,2026-07-02,2026-07-02T10:00,scanner,940.9,615.9,True,1,0.3454
LOT-00187,SUP-A,A,RT-C04,True,INS-06,Thu,2026-06-05,2026-06-05T19:00,scanner,1248.1,970.3,True,1,0.2226
LOT-00188,SUP-A,A,RT-C04,True,INS-02,Fri,2026-08-02,2026-08-02T14:00,scanner,742.4,505.4,True,1,0.3192
LOT-00189,SUP-A,A,RT-C08,True,INS-07,Fri,2026-05-06,2026-05-06T12:00,scanner,924.9,637.3,True,1,0.311
LOT-00190,SUP-A,A,RT-C05,True,INS-00,Fri,2026-08-08,2026-08-08T14:00,scanner,994.1,756.6,True,1,0.2389
LOT-00191,SUP-A,A,RT-C04,True,INS-07,Mon,2026-07-03,,broker_memory,,,True,1,
LOT-00192,SUP-A,A,RT-C08,True,INS-03,Mon,2026-07-23,2026-07-23T10:00,scanner,1091.9,661.5,True,1,0.3942
LOT-00193,SUP-A,A,RT-C00,True,INS-05,Tue,2026-06-20,2026-06-20T06:00,scanner,1143.1,917.6,True,1,0.1973
LOT-00194,SUP-A,A,RT-C09,True,INS-07,Fri,2026-07-04,2026-07-04T13:00,scanner,819.9,557.4,True,1,0.3202
LOT-00195,SUP-A,A,RT-C00,True,INS-04,Sat,2026-07-22,2026-07-22T06:00,scanner,900.7,598.2,True,1,0.3358
LOT-00196,SUP-A,A,RT-N01,False,INS-01,Fri,2026-05-26,,broker_memory,,,True,1,
LOT-00197,SUP-A,A,RT-C02,True,INS-07,Sat,2026-07-31,2026-07-31T16:00,scanner,987.3,727.3,True,1,0.2633
LOT-00198,SUP-A,A,RT-C00,True,INS-07,Thu,2026-07-24,2026-07-24T07:00,scanner,907.3,596.6,True,1,0.3424
LOT-00199,SUP-A,A,RT-C01,True,INS-05,Tue,2026-07-01,,broker_memory,,,True,1,
LOT-00200,SUP-A,A,RT-C02,True,INS-03,Sat,2026-06-10,2026-06-10T17:00,scanner,1146.1,870.7,True,1,0.2403
LOT-00201,SUP-A,A,RT-C09,True,INS-04,Thu,2026-06-11,2026-06-11T06:00,scanner,968.8,595.6,True,1,0.3852
LOT-00202,SUP-A,A,RT-C00,True,INS-07,Tue,2026-08-01,2026-08-01T13:00,scanner,913.4,642.2,True,1,0.2969
LOT-00203,SUP-A,A,RT-C00,True,INS-04,Fri,2026-06-09,2026-06-09T09:00,scanner,831.5,476.3,True,1,0.4272
LOT-00204,SUP-A,A,RT-C01,True,INS-05,Sat,2026-07-03,2026-07-03T10:00,scanner,884.6,549.7,True,1,0.3786
LOT-00205,SUP-A,A,RT-C04,True,INS-00,Tue,2026-05-24,,broker_memory,,,True,1,
LOT-00206,SUP-A,A,RT-N07,False,INS-07,Wed,2026-05-21,2026-05-21T06:00,manual_scale,909.0,592.8,False,0,0.3479
LOT-00207,SUP-A,A,RT-C04,True,INS-02,Thu,2026-05-06,2026-05-06T17:00,scanner,792.4,578.6,True,1,0.2698
LOT-00208,SUP-A,A,RT-C03,True,INS-06,Tue,2026-06-13,2026-06-13T08:00,scanner,1067.5,807.3,True,1,0.2437
LOT-00209,SUP-A,A,RT-C06,True,INS-06,Wed,2026-06-02,2026-06-02T18:00,scanner,990.2,696.7,True,1,0.2964
LOT-00210,SUP-A,A,RT-C01,True,INS-04,Tue,2026-05-12,,broker_memory,,,True,1,
LOT-00211,SUP-A,A,RT-C00,True,INS-04,Sat,2026-08-07,2026-08-07T07:00,scanner,885.6,569.4,True,1,0.357
LOT-00212,SUP-A,A,RT-C06,True,INS-07,Thu,2026-06-14,,broker_memory,,,True,1,
LOT-00213,SUP-A,A,RT-C01,True,INS-05,Mon,2026-07-15,2026-07-15T10:00,scanner,1041.4,725.3,True,1,0.3035
LOT-00214,SUP-A,A,RT-C07,True,INS-05,Tue,2026-06-21,,broker_memory,,,True,1,
LOT-00215,SUP-A,A,RT-C07,True,INS-02,Fri,2026-05-09,2026-05-09T16:00,scanner,1063.3,719.4,True,1,0.3234
LOT-00216,SUP-A,A,RT-C03,True,INS-02,Mon,2026-07-31,2026-07-31T14:00,scanner,1054.6,618.6,True,1,0.4134
LOT-00217,SUP-A,A,RT-C04,True,INS-07,Wed,2026-06-27,2026-06-27T16:00,scanner,980.4,752.8,True,1,0.2322
LOT-00218,SUP-A,A,RT-C05,True,INS-01,Tue,2026-05-04,2026-05-04T11:00,scanner,938.5,622.7,True,1,0.3365
LOT-00219,SUP-A,A,RT-C00,True,INS-01,Wed,2026-05-10,2026-05-10T09:00,scanner,1005.5,568.5,True,1,0.4346
LOT-00220,SUP-A,A,RT-N04,False,INS-00,Fri,2026-08-03,,broker_memory,,,True,1,
LOT-00221,SUP-A,A,RT-C02,True,INS-00,Thu,2026-06-17,2026-06-17T09:00,scanner,654.2,440.8,True,1,0.3262
LOT-00222,SUP-A,A,RT-C00,True,INS-02,Tue,2026-07-02,,broker_memory,,,False,0,
LOT-00223,SUP-A,A,RT-N07,False,INS-07,Mon,2026-07-05,,broker_memory,,,False,0,
LOT-00224,SUP-A,A,RT-C00,True,INS-00,Tue,2026-05-14,2026-05-14T15:00,scanner,1200.0,710.2,True,1,0.4082
LOT-00225,SUP-A,A,RT-C09,True,INS-05,Sat,2026-05-22,2026-05-22T12:00,scanner,979.4,585.9,True,1,0.4018
LOT-00226,SUP-A,A,RT-C01,True,INS-02,Thu,2026-08-01,2026-08-01T13:00,scanner,916.0,709.8,True,1,0.2251
LOT-00227,SUP-A,A,RT-C05,True,INS-06,Sat,2026-05-18,,broker_memory,,,True,1,
LOT-00228,SUP-A,A,RT-C02,True,INS-03,Wed,2026-06-06,2026-06-06T16:00,scanner,1033.1,683.2,True,1,0.3387
LOT-00229,SUP-A,A,RT-C02,True,INS-06,Tue,2026-05-19,2026-05-19T13:00,scanner,761.0,509.5,True,1,0.3305
LOT-00230,SUP-A,A,RT-C05,True,INS-06,Tue,2026-06-15,2026-06-15T16:00,scanner,917.5,570.0,True,1,0.3787
LOT-00231,SUP-A,A,RT-N03,False,INS-03,Fri,2026-05-28,,broker_memory,,,True,1,
LOT-00232,SUP-A,A,RT-C03,True,INS-02,Sat,2026-07-08,2026-07-08T08:00,scanner,905.1,667.3,True,1,0.2627
LOT-00233,SUP-A,A,RT-C02,True,INS-00,Fri,2026-06-30,,broker_memory,,,True,1,
LOT-00234,SUP-A,A,RT-C08,True,INS-00,Tue,2026-07-03,2026-07-03T11:00,scanner,901.1,538.1,True,1,0.4028
LOT-00235,SUP-A,A,RT-C03,True,INS-04,Wed,2026-05-09,2026-05-09T08:00,scanner,1141.3,773.5,True,1,0.3223
LOT-00236,SUP-A,A,RT-C05,True,INS-04,Tue,2026-08-08,2026-08-08T19:00,scanner,908.7,658.2,True,1,0.2757
LOT-00237,SUP-A,A,RT-C01,True,INS-02,Fri,2026-07-09,2026-07-09T16:00,scanner,948.9,716.9,True,1,0.2445
LOT-00238,SUP-A,A,RT-N05,False,INS-04,Wed,2026-07-30,,broker_memory,,,True,1,
LOT-00239,SUP-A,A,RT-C04,True,INS-04,Sat,2026-08-04,2026-08-04T10:00,scanner,891.9,573.2,True,1,0.3573
LOT-00240,SUP-A,A,RT-C02,True,INS-04,Wed,2026-06-03,2026-06-03T12:00,scanner,783.8,495.5,True,1,0.3678
LOT-00241,SUP-A,A,RT-C05,True,INS-06,Mon,2026-05-18,2026-05-18T10:00,scanner,796.7,543.9,True,1,0.3173
LOT-00242,SUP-A,A,RT-C01,True,INS-03,Thu,2026-06-13,2026-06-13T09:00,scanner,943.5,636.3,True,1,0.3256
LOT-00243,SUP-A,A,RT-C03,True,INS-03,Wed,2026-07-20,2026-07-20T13:00,scanner,921.5,634.1,True,1,0.3119
LOT-00244,SUP-A,A,RT-C05,True,INS-02,Wed,2026-08-01,2026-08-01T12:00,scanner,1029.9,704.8,True,1,0.3157
LOT-00245,SUP-A,A,RT-C09,True,INS-04,Sat,2026-07-15,2026-07-15T06:00,scanner,1081.3,747.9,False,0,0.3083
LOT-00246,SUP-A,A,RT-C05,True,INS-05,Mon,2026-07-17,2026-07-17T19:00,scanner,749.6,510.4,True,1,0.3191
LOT-00247,SUP-A,A,RT-C04,True,INS-01,Fri,2026-06-03,2026-06-03T13:00,scanner,690.9,478.8,True,1,0.307
LOT-00248,SUP-A,A,RT-C08,True,INS-05,Thu,2026-06-09,2026-06-09T17:00,scanner,999.7,681.9,True,1,0.3179
LOT-00249,SUP-A,A,RT-C09,True,INS-05,Tue,2026-05-23,2026-05-23T18:00,scanner,1117.1,739.1,True,1,0.3384
LOT-00250,SUP-A,A,RT-C03,True,INS-06,Mon,2026-05-20,,broker_memory,,,True,1,
LOT-00251,SUP-A,A,RT-C01,True,INS-04,Tue,2026-07-16,2026-07-16T19:00,scanner,718.8,480.6,True,1,0.3314
LOT-00252,SUP-A,A,RT-C08,True,INS-04,Fri,2026-06-21,2026-06-21T15:00,scanner,1001.9,667.3,True,1,0.334
LOT-00253,SUP-A,A,RT-C01,True,INS-01,Fri,2026-07-09,2026-07-09T09:00,scanner,930.9,690.0,True,1,0.2588
LOT-00254,SUP-A,A,RT-C08,True,INS-00,Wed,2026-06-19,2026-06-19T16:00,scanner,985.7,585.2,True,1,0.4063
LOT-00255,SUP-A,A,RT-C08,True,INS-03,Thu,2026-05-13,2026-05-13T13:00,scanner,1097.0,804.0,True,1,0.2671
LOT-00256,SUP-A,A,RT-C03,True,INS-05,Fri,2026-06-15,2026-06-15T19:00,scanner,1208.4,831.8,True,1,0.3117
LOT-00257,SUP-A,A,RT-C04,True,INS-04,Mon,2026-05-04,2026-05-04T12:00,scanner,910.7,543.3,True,1,0.4034
LOT-00258,SUP-A,A,RT-C00,True,INS-07,Thu,2026-05-10,,broker_memory,,,True,1,
LOT-00259,SUP-A,A,RT-C07,True,INS-04,Tue,2026-07-22,2026-07-22T11:00,scanner,839.7,559.3,True,1,0.3339
LOT-00260,SUP-A,A,RT-C00,True,INS-07,Fri,2026-07-14,2026-07-14T07:00,scanner,743.6,510.9,True,1,0.3129
LOT-00261,SUP-A,A,RT-C08,True,INS-04,Mon,2026-07-05,2026-07-05T09:00,scanner,897.5,571.1,True,1,0.3637
LOT-00262,SUP-A,A,RT-C07,True,INS-05,Fri,2026-06-22,2026-06-22T16:00,scanner,1189.6,846.6,True,1,0.2883
LOT-00263,SUP-A,A,RT-C08,True,INS-03,Mon,2026-05-25,2026-05-25T17:00,scanner,974.7,711.0,True,1,0.2705
LOT-00264,SUP-A,A,RT-C04,True,INS-07,Wed,2026-06-02,2026-06-02T16:00,scanner,1020.7,729.0,True,1,0.2858
LOT-00265,SUP-A,A,RT-C03,True,INS-01,Sat,2026-07-04,2026-07-04T12:00,scanner,800.8,487.0,True,1,0.3919
LOT-00266,SUP-A,A,RT-C08,True,INS-01,Mon,2026-05-05,2026-05-05T10:00,scanner,971.8,676.8,True,1,0.3036
LOT-00267,SUP-A,A,RT-C08,True,INS-07,Sat,2026-05-03,2026-05-03T19:00,scanner,843.4,524.8,True,1,0.3778
LOT-00268,SUP-A,A,RT-C01,True,INS-05,Mon,2026-07-14,2026-07-14T14:00,scanner,958.2,620.5,True,1,0.3524
LOT-00269,SUP-A,A,RT-C02,True,INS-04,Wed,2026-06-29,2026-06-29T09:00,scanner,938.7,610.1,True,1,0.3501
LOT-00270,SUP-A,A,RT-C05,True,INS-04,Thu,2026-06-19,2026-06-19T15:00,scanner,891.9,584.9,True,1,0.3442
LOT-00271,SUP-A,A,RT-C08,True,INS-05,Tue,2026-08-02,2026-08-02T18:00,scanner,1107.4,741.7,True,1,0.3302
LOT-00272,SUP-A,A,RT-C03,True,INS-01,Wed,2026-07-06,2026-07-06T16:00,scanner,1058.7,754.3,True,1,0.2875
LOT-00273,SUP-A,A,RT-C07,True,INS-05,Fri,2026-07-06,2026-07-06T08:00,scanner,1171.8,780.2,True,1,0.3342
LOT-00274,SUP-A,A,RT-C09,True,INS-02,Mon,2026-05-02,2026-05-02T13:00,scanner,1053.2,854.8,True,1,0.1884
LOT-00275,SUP-A,A,RT-C09,True,INS-05,Tue,2026-06-17,2026-06-17T06:00,scanner,983.6,841.9,True,1,0.1441
LOT-00276,SUP-A,A,RT-C04,True,INS-06,Tue,2026-06-01,2026-06-01T09:00,scanner,771.0,544.9,True,1,0.2933
LOT-00277,SUP-A,A,RT-C07,True,INS-05,Fri,2026-05-25,2026-05-25T06:00,scanner,920.3,660.6,True,1,0.2822
LOT-00278,SUP-A,A,RT-C08,True,INS-06,Fri,2026-07-11,2026-07-11T15:00,scanner,948.0,692.2,True,1,0.2698
LOT-00279,SUP-A,A,RT-C04,True,INS-00,Fri,2026-07-08,2026-07-08T07:00,scanner,1141.3,944.6,False,0,0.1723
LOT-00280,SUP-A,A,RT-C01,True,INS-02,Mon,2026-05-21,2026-05-21T07:00,scanner,944.8,695.5,True,1,0.2639
LOT-00281,SUP-A,A,RT-C04,True,INS-04,Thu,2026-07-05,2026-07-05T06:00,scanner,1131.5,820.5,True,1,0.2749
LOT-00282,SUP-A,A,RT-C05,True,INS-06,Fri,2026-06-29,2026-06-29T10:00,scanner,1052.5,695.5,False,0,0.3392
LOT-00283,SUP-A,A,RT-C06,True,INS-01,Wed,2026-05-14,2026-05-14T16:00,scanner,961.5,658.1,True,1,0.3155
LOT-00284,SUP-A,A,RT-C00,True,INS-05,Sat,2026-06-08,2026-06-08T19:00,scanner,654.4,467.8,True,1,0.2851
LOT-00285,SUP-A,A,RT-C09,True,INS-06,Wed,2026-06-18,2026-06-18T17:00,scanner,1048.9,752.3,True,1,0.2828
LOT-00286,SUP-A,A,RT-C03,True,INS-04,Tue,2026-06-18,2026-06-18T10:00,scanner,974.0,599.0,True,1,0.385
LOT-00287,SUP-A,A,RT-C06,True,INS-02,Tue,2026-05-14,2026-05-14T18:00,scanner,797.0,510.4,True,1,0.3596
LOT-00288,SUP-A,A,RT-C03,True,INS-02,Wed,2026-08-08,2026-08-08T09:00,scanner,1025.5,785.3,True,1,0.2342
LOT-00289,SUP-A,A,RT-C04,True,INS-06,Fri,2026-05-18,2026-05-18T15:00,scanner,853.7,600.3,True,1,0.2968
LOT-00290,SUP-A,A,RT-C05,True,INS-04,Sat,2026-07-21,2026-07-21T11:00,scanner,1005.4,685.9,True,1,0.3178
LOT-00291,SUP-A,A,RT-C06,True,INS-06,Mon,2026-05-29,2026-05-29T17:00,scanner,1115.9,794.3,True,1,0.2882
LOT-00292,SUP-A,A,RT-C08,True,INS-03,Wed,2026-05-27,2026-05-27T06:00,scanner,917.2,628.4,True,1,0.3149
LOT-00293,SUP-A,A,RT-C02,True,INS-00,Sat,2026-06-19,2026-06-19T12:00,scanner,933.3,640.2,True,1,0.314
LOT-00294,SUP-A,A,RT-C09,True,INS-05,Thu,2026-06-27,2026-06-27T13:00,scanner,819.7,535.4,True,1,0.3468
LOT-00295,SUP-A,A,RT-C09,True,INS-07,Mon,2026-07-26,2026-07-26T15:00,scanner,1175.6,867.0,True,1,0.2625
LOT-00296,SUP-A,A,RT-C03,True,INS-01,Wed,2026-06-06,2026-06-06T09:00,scanner,1136.1,777.9,True,1,0.3153
LOT-00297,SUP-A,A,RT-N06,False,INS-02,Mon,2026-06-01,2026-06-01T09:00,manual_scale,991.0,752.3,True,1,0.2409
LOT-00298,SUP-A,A,RT-C03,True,INS-07,Tue,2026-06-16,2026-06-16T15:00,scanner,1075.9,681.8,True,1,0.3663
LOT-00299,SUP-A,A,RT-C01,True,INS-04,Thu,2026-07-24,,broker_memory,,,True,1,
LOT-00300,SUP-A,A,RT-N04,False,INS-04,Sat,2026-06-29,2026-06-29T18:00,manual_scale,972.2,663.5,True,1,0.3175
LOT-00301,SUP-A,A,RT-N04,False,INS-00,Tue,2026-06-20,2026-06-20T17:00,manual_scale,865.7,687.2,True,1,0.2062
LOT-00302,SUP-A,A,RT-C05,True,INS-00,Sat,2026-06-04,2026-06-04T11:00,scanner,994.7,741.9,False,0,0.2541
LOT-00303,SUP-A,A,RT-C07,True,INS-00,Thu,2026-07-02,2026-07-02T13:00,scanner,1093.9,652.3,True,1,0.4037
LOT-00304,SUP-A,A,RT-C03,True,INS-07,Tue,2026-07-01,2026-07-01T08:00,scanner,949.0,537.6,True,1,0.4335
LOT-00305,SUP-A,A,RT-C02,True,INS-07,Wed,2026-06-13,2026-06-13T14:00,scanner,814.8,653.8,True,1,0.1976
LOT-00306,SUP-A,A,RT-C05,True,INS-02,Mon,2026-05-09,2026-05-09T11:00,scanner,1041.6,681.5,True,1,0.3457
LOT-00307,SUP-A,A,RT-C05,True,INS-04,Fri,2026-05-04,2026-05-04T09:00,scanner,889.7,672.6,True,1,0.244
LOT-00308,SUP-A,A,RT-C02,True,INS-05,Sat,2026-08-06,2026-08-06T15:00,scanner,817.8,567.7,True,1,0.3058
LOT-00309,SUP-A,A,RT-N00,False,INS-03,Fri,2026-07-29,2026-07-29T07:00,manual_scale,756.5,489.9,False,0,0.3524
LOT-00310,SUP-A,A,RT-C02,True,INS-03,Sat,2026-08-01,2026-08-01T13:00,scanner,978.7,639.2,True,1,0.3469
LOT-00311,SUP-A,A,RT-C06,True,INS-06,Fri,2026-06-14,2026-06-14T11:00,scanner,744.4,567.9,True,1,0.2371
LOT-00312,SUP-A,A,RT-N01,False,INS-04,Sat,2026-05-04,2026-05-04T12:00,manual_scale,900.2,652.9,True,1,0.2747
LOT-00313,SUP-A,A,RT-C06,True,INS-05,Wed,2026-07-07,2026-07-07T19:00,scanner,855.8,573.0,True,1,0.3305
LOT-00314,SUP-A,A,RT-C05,True,INS-04,Mon,2026-06-14,2026-06-14T08:00,scanner,893.4,548.5,True,1,0.3861
LOT-00315,SUP-A,A,RT-C06,True,INS-05,Tue,2026-06-29,2026-06-29T15:00,scanner,935.2,591.5,True,1,0.3675
LOT-00316,SUP-A,A,RT-C07,True,INS-07,Wed,2026-06-30,,broker_memory,,,True,1,
LOT-00317,SUP-A,A,RT-C09,True,INS-01,Thu,2026-07-15,,broker_memory,,,True,1,
LOT-00318,SUP-A,A,RT-C07,True,INS-00,Fri,2026-05-06,2026-05-06T14:00,scanner,1024.9,610.8,True,1,0.404
LOT-00319,SUP-A,A,RT-C08,True,INS-04,Wed,2026-06-05,2026-06-05T17:00,scanner,1060.8,612.1,False,0,0.423
LOT-00320,SUP-A,A,RT-C07,True,INS-04,Sat,2026-06-17,2026-06-17T07:00,scanner,976.3,724.3,True,1,0.2581
LOT-00321,SUP-A,A,RT-C02,True,INS-03,Fri,2026-06-01,2026-06-01T11:00,scanner,1070.0,697.7,True,1,0.3479
LOT-00322,SUP-A,A,RT-C05,True,INS-07,Wed,2026-05-31,2026-05-31T19:00,scanner,989.7,689.9,True,1,0.3029
LOT-00323,SUP-A,A,RT-C02,True,INS-03,Tue,2026-06-10,2026-06-10T18:00,scanner,1127.4,732.2,True,1,0.3505
LOT-00324,SUP-A,A,RT-C08,True,INS-06,Fri,2026-06-12,2026-06-12T09:00,scanner,1099.3,732.7,True,1,0.3335
LOT-00325,SUP-A,A,RT-C06,True,INS-01,Mon,2026-06-19,2026-06-19T10:00,scanner,908.5,739.2,True,1,0.1864
LOT-00326,SUP-A,A,RT-C06,True,INS-07,Wed,2026-05-15,2026-05-15T07:00,scanner,938.0,667.9,True,1,0.288
LOT-00327,SUP-A,A,RT-C09,True,INS-02,Sat,2026-06-21,,broker_memory,,,True,1,
LOT-00328,SUP-A,A,RT-C05,True,INS-05,Wed,2026-07-04,2026-07-04T06:00,scanner,835.3,577.4,True,1,0.3088
LOT-00329,SUP-A,A,RT-C09,True,INS-05,Fri,2026-06-12,2026-06-12T16:00,scanner,1017.0,852.3,True,1,0.1619
LOT-00330,SUP-A,A,RT-C02,True,INS-05,Sat,2026-06-27,2026-06-27T19:00,scanner,939.8,571.0,True,1,0.3924
LOT-00331,SUP-A,A,RT-C00,True,INS-04,Tue,2026-06-21,2026-06-21T14:00,scanner,1029.3,690.7,True,1,0.329
LOT-00332,SUP-A,A,RT-C06,True,INS-05,Fri,2026-05-22,2026-05-22T11:00,scanner,957.0,646.6,True,1,0.3243
LOT-00333,SUP-A,A,RT-C01,True,INS-06,Tue,2026-06-22,2026-06-22T14:00,scanner,873.7,585.4,True,1,0.33
LOT-00334,SUP-A,A,RT-N02,False,INS-04,Tue,2026-07-16,,broker_memory,,,False,0,
LOT-00335,SUP-A,A,RT-C00,True,INS-05,Wed,2026-05-23,2026-05-23T09:00,scanner,1114.3,649.0,True,1,0.4176
LOT-00336,SUP-A,A,RT-C07,True,INS-07,Fri,2026-05-26,2026-05-26T16:00,scanner,1031.7,740.8,True,1,0.282
LOT-00337,SUP-A,A,RT-C00,True,INS-00,Thu,2026-05-04,2026-05-04T11:00,scanner,876.2,621.9,True,1,0.2902
LOT-00338,SUP-A,A,RT-C01,True,INS-04,Tue,2026-07-31,2026-07-31T18:00,scanner,850.3,628.1,True,1,0.2613
LOT-00339,SUP-A,A,RT-C07,True,INS-00,Wed,2026-07-16,2026-07-16T19:00,scanner,752.0,578.3,False,0,0.231
LOT-00340,SUP-A,A,RT-N00,False,INS-03,Mon,2026-07-16,2026-07-16T09:00,manual_scale,1126.6,832.6,False,0,0.261
LOT-00341,SUP-A,A,RT-C00,True,INS-03,Mon,2026-06-24,2026-06-24T19:00,scanner,946.2,693.4,True,1,0.2672
LOT-00342,SUP-A,A,RT-C01,True,INS-07,Sat,2026-05-07,2026-05-07T11:00,scanner,879.6,647.2,True,1,0.2642
LOT-00343,SUP-A,A,RT-C01,True,INS-05,Wed,2026-08-05,2026-08-05T09:00,scanner,840.5,679.1,True,1,0.192
LOT-00344,SUP-A,A,RT-N01,False,INS-01,Tue,2026-05-18,2026-05-18T17:00,manual_scale,994.8,667.3,False,0,0.3292
LOT-00345,SUP-A,A,RT-C04,True,INS-07,Thu,2026-06-29,2026-06-29T18:00,scanner,1015.8,660.0,True,1,0.3503
LOT-00346,SUP-A,A,RT-C05,True,INS-04,Wed,2026-06-08,2026-06-08T10:00,scanner,900.4,566.0,True,1,0.3714
LOT-00347,SUP-A,A,RT-C07,True,INS-02,Mon,2026-05-06,2026-05-06T16:00,scanner,983.5,728.7,True,1,0.2591
LOT-00348,SUP-A,A,RT-C01,True,INS-03,Mon,2026-07-10,,broker_memory,,,True,1,
LOT-00349,SUP-A,A,RT-C01,True,INS-07,Mon,2026-07-16,2026-07-16T13:00,scanner,823.7,525.0,True,1,0.3626
LOT-00350,SUP-A,A,RT-C06,True,INS-00,Tue,2026-08-06,2026-08-06T16:00,scanner,1039.2,693.9,False,0,0.3323
LOT-00351,SUP-A,A,RT-C06,True,INS-02,Sat,2026-05-09,2026-05-09T06:00,scanner,837.0,626.5,True,1,0.2515
LOT-00352,SUP-A,A,RT-C09,True,INS-04,Tue,2026-05-13,2026-05-13T13:00,scanner,787.4,597.3,True,1,0.2414
LOT-00353,SUP-A,A,RT-C05,True,INS-05,Mon,2026-07-06,2026-07-06T07:00,scanner,1166.0,872.7,True,1,0.2515
LOT-00354,SUP-A,A,RT-C07,True,INS-06,Thu,2026-07-15,2026-07-15T08:00,scanner,796.4,597.1,True,1,0.2503
LOT-00355,SUP-A,A,RT-C03,True,INS-03,Fri,2026-06-27,2026-06-27T10:00,scanner,1223.9,797.5,True,1,0.3484
LOT-00356,SUP-A,A,RT-N03,False,INS-05,Sat,2026-05-10,2026-05-10T13:00,manual_scale,1013.8,688.6,True,1,0.3208
LOT-00357,SUP-A,A,RT-C00,True,INS-01,Thu,2026-07-20,2026-07-20T15:00,scanner,889.9,560.4,True,1,0.3703
LOT-00358,SUP-A,A,RT-C03,True,INS-01,Thu,2026-07-05,2026-07-05T16:00,scanner,989.9,741.8,True,1,0.2506
LOT-00359,SUP-A,A,RT-C04,True,INS-02,Fri,2026-08-01,2026-08-01T16:00,scanner,688.6,470.8,True,1,0.3163
LOT-00360,SUP-A,A,RT-C00,True,INS-03,Thu,2026-07-12,,broker_memory,,,True,1,
LOT-00361,SUP-A,A,RT-C01,True,INS-06,Sat,2026-05-01,2026-05-01T16:00,scanner,819.7,597.3,True,1,0.2713
LOT-00362,SUP-A,A,RT-C06,True,INS-00,Wed,2026-08-05,2026-08-05T15:00,scanner,826.5,649.1,True,1,0.2146
LOT-00363,SUP-A,A,RT-N07,False,INS-07,Wed,2026-07-27,,broker_memory,,,False,0,
LOT-00364,SUP-A,A,RT-C05,True,INS-01,Wed,2026-08-03,2026-08-03T11:00,scanner,996.2,695.9,False,0,0.3014
LOT-00365,SUP-A,A,RT-N00,False,INS-03,Sat,2026-05-11,2026-05-11T17:00,manual_scale,983.4,632.7,True,1,0.3566
LOT-00366,SUP-A,A,RT-N03,False,INS-00,Tue,2026-06-23,2026-06-23T12:00,manual_scale,1113.6,857.8,True,1,0.2297
LOT-00367,SUP-A,A,RT-N05,False,INS-02,Sat,2026-06-19,,broker_memory,,,True,1,
LOT-00368,SUP-A,A,RT-C08,True,INS-05,Wed,2026-07-09,2026-07-09T14:00,scanner,799.7,608.7,True,1,0.2388
LOT-00369,SUP-A,A,RT-C08,True,INS-05,Fri,2026-07-29,2026-07-29T06:00,scanner,889.9,644.9,True,1,0.2753
LOT-00370,SUP-A,A,RT-C00,True,INS-02,Mon,2026-06-04,2026-06-04T18:00,scanner,798.9,567.8,True,1,0.2893
LOT-00371,SUP-A,A,RT-C02,True,INS-03,Wed,2026-05-05,2026-05-05T18:00,scanner,748.3,481.0,True,1,0.3572
LOT-00372,SUP-A,A,RT-C00,True,INS-00,Tue,2026-06-04,2026-06-04T10:00,scanner,1022.3,631.6,True,1,0.3822
LOT-00373,SUP-A,A,RT-C06,True,INS-03,Mon,2026-07-23,2026-07-23T07:00,scanner,1015.1,808.6,True,1,0.2034
LOT-00374,SUP-A,A,RT-C02,True,INS-02,Fri,2026-05-13,2026-05-13T15:00,scanner,1169.9,793.2,True,1,0.322
LOT-00375,SUP-A,A,RT-C08,True,INS-06,Fri,2026-05-29,,broker_memory,,,True,1,
LOT-00376,SUP-A,A,RT-C05,True,INS-03,Fri,2026-06-11,2026-06-11T19:00,scanner,938.9,725.6,True,1,0.2272
LOT-00377,SUP-A,A,RT-C03,True,INS-04,Fri,2026-05-01,2026-05-01T15:00,scanner,1139.3,769.9,True,1,0.3242
LOT-00378,SUP-A,A,RT-N03,False,INS-00,Mon,2026-07-29,,broker_memory,,,False,0,
LOT-00379,SUP-A,A,RT-N09,False,INS-00,Sat,2026-07-30,,broker_memory,,,False,0,
LOT-00380,SUP-A,A,RT-N07,False,INS-07,Fri,2026-05-13,,broker_memory,,,True,1,
LOT-00381,SUP-A,A,RT-C00,True,INS-03,Fri,2026-07-31,2026-07-31T17:00,scanner,916.2,646.0,True,1,0.2949
LOT-00382,SUP-A,A,RT-C04,True,INS-02,Tue,2026-06-28,2026-06-28T17:00,scanner,870.3,564.8,True,1,0.351
LOT-00383,SUP-A,A,RT-C05,True,INS-07,Wed,2026-07-24,2026-07-24T09:00,scanner,970.3,737.4,True,1,0.24
LOT-00384,SUP-A,A,RT-C06,True,INS-01,Wed,2026-05-15,2026-05-15T17:00,scanner,988.4,598.9,True,1,0.3941
LOT-00385,SUP-A,A,RT-C08,True,INS-06,Tue,2026-08-07,2026-08-07T16:00,scanner,986.0,694.8,True,1,0.2953
LOT-00386,SUP-A,A,RT-C09,True,INS-00,Thu,2026-05-12,2026-05-12T15:00,scanner,781.2,567.3,True,1,0.2738
LOT-00387,SUP-A,A,RT-C00,True,INS-01,Tue,2026-07-13,2026-07-13T07:00,scanner,979.2,655.2,True,1,0.3309
LOT-00388,SUP-A,A,RT-C00,True,INS-06,Sat,2026-08-08,2026-08-08T07:00,scanner,941.0,694.1,True,1,0.2624
LOT-00389,SUP-A,A,RT-C03,True,INS-03,Thu,2026-05-21,2026-05-21T07:00,scanner,1011.7,741.9,True,1,0.2667
LOT-00390,SUP-A,A,RT-C09,True,INS-02,Thu,2026-07-04,2026-07-04T09:00,scanner,957.2,711.5,True,1,0.2567
LOT-00391,SUP-A,A,RT-C03,True,INS-07,Fri,2026-08-07,2026-08-07T06:00,scanner,929.8,684.2,True,1,0.2641
LOT-00392,SUP-A,A,RT-C01,True,INS-00,Thu,2026-05-12,2026-05-12T16:00,scanner,845.6,554.9,False,0,0.3438
LOT-00393,SUP-A,A,RT-C01,True,INS-01,Wed,2026-07-30,2026-07-30T14:00,scanner,850.2,548.0,True,1,0.3554
LOT-00394,SUP-A,A,RT-C02,True,INS-04,Tue,2026-07-23,2026-07-23T15:00,scanner,937.5,666.6,True,1,0.289
LOT-00395,SUP-A,A,RT-N07,False,INS-05,Fri,2026-08-04,,broker_memory,,,False,0,
LOT-00396,SUP-A,A,RT-C04,True,INS-03,Wed,2026-05-09,2026-05-09T09:00,scanner,1175.1,864.2,True,1,0.2646
LOT-00397,SUP-A,A,RT-N03,False,INS-00,Tue,2026-05-28,,broker_memory,,,False,0,
LOT-00398,SUP-A,A,RT-C06,True,INS-03,Tue,2026-05-21,2026-05-21T13:00,scanner,801.7,554.5,True,1,0.3083
LOT-00399,SUP-A,A,RT-C07,True,INS-04,Sat,2026-07-06,2026-07-06T14:00,scanner,1137.4,830.6,True,1,0.2697
LOT-00400,SUP-A,A,RT-C05,True,INS-00,Sat,2026-05-29,2026-05-29T08:00,scanner,1155.5,854.3,True,1,0.2607
LOT-00401,SUP-A,A,RT-C04,True,INS-06,Tue,2026-07-18,2026-07-18T13:00,scanner,730.5,568.8,True,1,0.2214
LOT-00402,SUP-A,A,RT-C08,True,INS-07,Sat,2026-08-03,,broker_memory,,,True,1,
LOT-00403,SUP-A,A,RT-C06,True,INS-07,Tue,2026-05-25,2026-05-25T14:00,scanner,976.2,721.4,True,1,0.261
LOT-00404,SUP-A,A,RT-C01,True,INS-02,Tue,2026-07-14,2026-07-14T14:00,scanner,986.5,641.2,True,1,0.35
LOT-00405,SUP-A,A,RT-C06,True,INS-07,Mon,2026-08-04,2026-08-04T17:00,scanner,952.4,656.8,True,1,0.3104
LOT-00406,SUP-A,A,RT-C00,True,INS-02,Sat,2026-06-20,,broker_memory,,,True,1,
LOT-00407,SUP-A,A,RT-C04,True,INS-03,Tue,2026-05-06,2026-05-06T10:00,scanner,1012.7,638.9,True,1,0.3691
LOT-00408,SUP-A,A,RT-C05,True,INS-01,Tue,2026-05-19,,broker_memory,,,True,1,
LOT-00409,SUP-A,A,RT-C09,True,INS-02,Tue,2026-06-18,2026-06-18T19:00,scanner,1162.3,627.0,True,1,0.4606
LOT-00410,SUP-A,A,RT-C09,True,INS-07,Sat,2026-05-28,2026-05-28T18:00,scanner,859.8,589.0,True,1,0.315
LOT-00411,SUP-A,A,RT-C07,True,INS-02,Mon,2026-05-29,,broker_memory,,,True,1,
LOT-00412,SUP-A,A,RT-C01,True,INS-01,Tue,2026-05-11,2026-05-11T13:00,scanner,1092.1,781.2,True,1,0.2847
LOT-00413,SUP-A,A,RT-C02,True,INS-01,Fri,2026-05-23,2026-05-23T16:00,scanner,864.1,603.7,True,1,0.3014
LOT-00414,SUP-A,A,RT-C03,True,INS-07,Tue,2026-07-22,2026-07-22T06:00,scanner,895.5,668.4,True,1,0.2536
LOT-00415,SUP-A,A,RT-C09,True,INS-05,Mon,2026-06-11,2026-06-11T14:00,scanner,828.0,629.9,True,1,0.2393
LOT-00416,SUP-A,A,RT-C08,True,INS-00,Thu,2026-05-06,2026-05-06T13:00,scanner,1153.7,836.5,True,1,0.2749
LOT-00417,SUP-A,A,RT-C01,True,INS-06,Tue,2026-08-05,2026-08-05T16:00,scanner,681.4,445.3,True,1,0.3465
LOT-00418,SUP-A,A,RT-C01,True,INS-01,Tue,2026-06-29,2026-06-29T19:00,scanner,935.7,664.2,True,1,0.2902
LOT-00419,SUP-A,A,RT-C01,True,INS-05,Mon,2026-05-06,2026-05-06T13:00,scanner,1094.6,617.0,True,1,0.4363
LOT-00420,SUP-A,A,RT-N02,False,INS-06,Tue,2026-05-28,2026-05-28T16:00,manual_scale,1365.2,968.8,True,1,0.2904
LOT-00421,SUP-A,A,RT-C03,True,INS-05,Thu,2026-07-13,2026-07-13T09:00,scanner,941.9,654.7,True,1,0.3049
LOT-00422,SUP-A,A,RT-C09,True,INS-04,Fri,2026-07-11,2026-07-11T16:00,scanner,920.2,612.3,True,1,0.3346
LOT-00423,SUP-A,A,RT-C03,True,INS-00,Fri,2026-05-08,2026-05-08T13:00,scanner,1049.5,770.5,True,1,0.2658
LOT-00424,SUP-A,A,RT-C05,True,INS-04,Tue,2026-07-02,2026-07-02T17:00,scanner,958.9,633.3,True,1,0.3396
LOT-00425,SUP-A,A,RT-C01,True,INS-07,Wed,2026-05-22,2026-05-22T16:00,scanner,950.9,618.9,True,1,0.3491
LOT-00426,SUP-A,A,RT-C02,True,INS-02,Sat,2026-06-11,2026-06-11T12:00,scanner,1041.3,730.5,True,1,0.2985
LOT-00427,SUP-A,A,RT-C02,True,INS-06,Thu,2026-06-02,2026-06-02T10:00,scanner,828.2,603.7,True,1,0.2711
LOT-00428,SUP-A,A,RT-C08,True,INS-01,Thu,2026-06-11,2026-06-11T09:00,scanner,932.1,677.0,True,1,0.2737
LOT-00429,SUP-A,A,RT-C02,True,INS-00,Sat,2026-06-23,2026-06-23T19:00,scanner,1024.6,493.2,True,1,0.5186
LOT-00430,SUP-A,A,RT-C05,True,INS-07,Mon,2026-05-25,2026-05-25T07:00,scanner,923.9,656.2,True,1,0.2897
LOT-00431,SUP-A,A,RT-C00,True,INS-00,Sat,2026-05-01,2026-05-01T12:00,scanner,1049.8,685.8,True,1,0.3467
LOT-00432,SUP-A,A,RT-N02,False,INS-05,Wed,2026-05-18,,broker_memory,,,True,1,
LOT-00433,SUP-A,A,RT-N08,False,INS-03,Wed,2026-06-25,2026-06-25T13:00,manual_scale,851.6,586.2,True,1,0.3116
LOT-00434,SUP-A,A,RT-N03,False,INS-02,Sat,2026-05-20,2026-05-20T06:00,manual_scale,917.9,542.3,False,0,0.4092
LOT-00435,SUP-A,A,RT-C06,True,INS-01,Thu,2026-05-05,2026-05-05T08:00,scanner,728.9,430.7,True,1,0.4091
LOT-00436,SUP-A,A,RT-C03,True,INS-06,Tue,2026-06-26,2026-06-26T17:00,scanner,955.9,667.4,True,1,0.3018
LOT-00437,SUP-A,A,RT-C02,True,INS-05,Thu,2026-05-30,2026-05-30T07:00,scanner,1134.4,738.5,True,1,0.349
LOT-00438,SUP-A,A,RT-C03,True,INS-01,Wed,2026-07-16,2026-07-16T07:00,scanner,866.6,641.6,True,1,0.2596
LOT-00439,SUP-A,A,RT-C06,True,INS-01,Thu,2026-07-21,2026-07-21T19:00,scanner,855.4,681.1,True,1,0.2038
LOT-00440,SUP-A,A,RT-C09,True,INS-06,Mon,2026-06-03,,broker_memory,,,True,1,
LOT-00441,SUP-A,A,RT-C01,True,INS-06,Thu,2026-07-27,2026-07-27T16:00,scanner,1009.6,714.1,True,1,0.2927
LOT-00442,SUP-A,A,RT-C09,True,INS-06,Tue,2026-06-17,2026-06-17T15:00,scanner,947.8,734.2,True,1,0.2254
LOT-00443,SUP-A,A,RT-C02,True,INS-05,Wed,2026-06-29,2026-06-29T15:00,scanner,838.5,621.4,True,1,0.2589
LOT-00444,SUP-A,A,RT-C00,True,INS-05,Mon,2026-08-07,2026-08-07T10:00,scanner,951.9,710.2,True,1,0.2539
LOT-00445,SUP-A,A,RT-C00,True,INS-01,Mon,2026-07-31,2026-07-31T19:00,scanner,842.8,571.5,True,1,0.3219
LOT-00446,SUP-A,A,RT-C04,True,INS-07,Sat,2026-07-17,2026-07-17T15:00,scanner,888.4,595.9,True,1,0.3292
LOT-00447,SUP-A,A,RT-C08,True,INS-00,Fri,2026-07-22,2026-07-22T16:00,scanner,1107.9,707.2,True,1,0.3617
LOT-00448,SUP-A,A,RT-C02,True,INS-05,Mon,2026-05-09,2026-05-09T07:00,scanner,698.5,537.0,True,1,0.2312
LOT-00449,SUP-A,A,RT-C08,True,INS-07,Mon,2026-06-21,2026-06-21T13:00,scanner,1006.8,661.9,True,1,0.3426
LOT-00450,SUP-A,A,RT-C00,True,INS-02,Tue,2026-06-15,2026-06-15T14:00,scanner,781.0,573.8,True,1,0.2653
LOT-00451,SUP-A,A,RT-C01,True,INS-05,Fri,2026-08-04,2026-08-04T06:00,scanner,800.6,577.3,False,0,0.2789
LOT-00452,SUP-A,A,RT-N09,False,INS-02,Tue,2026-07-24,,broker_memory,,,False,0,
LOT-00453,SUP-A,A,RT-N05,False,INS-00,Wed,2026-05-21,2026-05-21T16:00,manual_scale,926.2,692.5,False,0,0.2523
LOT-00454,SUP-A,A,RT-N06,False,INS-00,Mon,2026-07-05,,broker_memory,,,True,1,
LOT-00455,SUP-A,A,RT-C02,True,INS-02,Tue,2026-05-11,2026-05-11T19:00,scanner,1041.4,679.7,True,1,0.3473
LOT-00456,SUP-A,A,RT-C00,True,INS-00,Tue,2026-05-05,,broker_memory,,,False,0,
LOT-00457,SUP-A,A,RT-C04,True,INS-00,Tue,2026-06-05,2026-06-05T15:00,scanner,978.0,648.9,True,1,0.3365
LOT-00458,SUP-A,A,RT-C06,True,INS-00,Fri,2026-06-01,2026-06-01T12:00,scanner,793.6,547.4,True,1,0.3102
LOT-00459,SUP-A,A,RT-C02,True,INS-04,Sat,2026-08-04,2026-08-04T17:00,scanner,809.9,608.1,True,1,0.2492
LOT-00460,SUP-A,A,RT-C07,True,INS-06,Fri,2026-06-12,2026-06-12T18:00,scanner,930.0,642.4,True,1,0.3092
LOT-00461,SUP-A,A,RT-C09,True,INS-06,Tue,2026-05-01,2026-05-01T17:00,scanner,938.1,627.5,True,1,0.3311
LOT-00462,SUP-A,A,RT-N06,False,INS-06,Tue,2026-07-16,2026-07-16T06:00,manual_scale,1105.6,779.8,True,1,0.2947
LOT-00463,SUP-A,A,RT-C06,True,INS-01,Thu,2026-05-30,2026-05-30T18:00,scanner,1131.0,789.6,True,1,0.3019
LOT-00464,SUP-A,A,RT-C07,True,INS-00,Thu,2026-06-17,2026-06-17T06:00,scanner,995.9,700.3,True,1,0.2968
LOT-00465,SUP-A,A,RT-C02,True,INS-04,Mon,2026-06-21,2026-06-21T07:00,scanner,1072.9,762.0,True,1,0.2898
LOT-00466,SUP-A,A,RT-C09,True,INS-06,Thu,2026-05-09,2026-05-09T12:00,scanner,990.1,749.1,True,1,0.2434
LOT-00467,SUP-A,A,RT-C01,True,INS-06,Tue,2026-07-01,2026-07-01T13:00,scanner,1033.3,784.2,True,1,0.2411
LOT-00468,SUP-A,A,RT-C02,True,INS-03,Sat,2026-08-07,2026-08-07T12:00,scanner,1163.9,675.6,False,0,0.4195
LOT-00469,SUP-A,A,RT-N07,False,INS-07,Mon,2026-05-13,2026-05-13T14:00,manual_scale,1055.2,788.4,True,1,0.2528
LOT-00470,SUP-A,A,RT-C00,True,INS-02,Sat,2026-07-01,2026-07-01T11:00,scanner,894.7,595.0,True,1,0.335
LOT-00471,SUP-A,A,RT-C02,True,INS-03,Sat,2026-07-16,2026-07-16T18:00,scanner,975.0,525.6,True,1,0.4609
LOT-00472,SUP-A,A,RT-N08,False,INS-01,Thu,2026-07-01,2026-07-01T06:00,manual_scale,753.8,535.0,False,0,0.2903
LOT-00473,SUP-A,A,RT-N03,False,INS-05,Tue,2026-07-11,2026-07-11T16:00,manual_scale,765.1,530.6,False,0,0.3065
LOT-00474,SUP-A,A,RT-C05,True,INS-00,Wed,2026-05-10,2026-05-10T16:00,scanner,971.0,670.3,True,1,0.3097
LOT-00475,SUP-A,A,RT-N03,False,INS-03,Fri,2026-05-27,2026-05-27T08:00,manual_scale,915.6,589.7,True,1,0.3559
LOT-00476,SUP-A,A,RT-N04,False,INS-06,Mon,2026-05-29,,broker_memory,,,True,1,
LOT-00477,SUP-A,A,RT-C02,True,INS-07,Tue,2026-06-09,,broker_memory,,,True,1,
LOT-00478,SUP-A,A,RT-C02,True,INS-02,Mon,2026-05-25,2026-05-25T11:00,scanner,982.2,578.5,True,1,0.411
LOT-00479,SUP-A,A,RT-C03,True,INS-06,Wed,2026-05-19,2026-05-19T10:00,scanner,716.0,474.4,True,1,0.3374
LOT-00480,SUP-A,A,RT-C09,True,INS-01,Tue,2026-05-31,2026-05-31T08:00,scanner,1053.2,738.0,True,1,0.2993
LOT-00481,SUP-A,A,RT-N09,False,INS-06,Fri,2026-05-15,2026-05-15T07:00,manual_scale,1024.8,675.1,False,0,0.3412
LOT-00482,SUP-A,A,RT-C08,True,INS-02,Tue,2026-05-01,2026-05-01T09:00,scanner,837.1,615.5,True,1,0.2647
LOT-00483,SUP-A,A,RT-C09,True,INS-02,Wed,2026-06-24,2026-06-24T08:00,scanner,1134.6,677.0,True,1,0.4033
LOT-00484,SUP-A,A,RT-C03,True,INS-00,Sat,2026-07-21,,broker_memory,,,True,1,
LOT-00485,SUP-A,A,RT-C09,True,INS-06,Sat,2026-07-15,2026-07-15T10:00,scanner,853.2,562.7,True,1,0.3405
LOT-00486,SUP-A,A,RT-C01,True,INS-07,Wed,2026-07-28,2026-07-28T07:00,scanner,1041.9,721.3,True,1,0.3077
LOT-00487,SUP-A,A,RT-C09,True,INS-05,Sat,2026-07-30,2026-07-30T17:00,scanner,1273.1,851.9,True,1,0.3308
LOT-00488,SUP-A,A,RT-C03,True,INS-02,Thu,2026-08-05,2026-08-05T15:00,scanner,890.7,624.0,True,1,0.2994
LOT-00489,SUP-A,A,RT-C01,True,INS-06,Sat,2026-08-07,2026-08-07T11:00,scanner,950.1,636.2,True,1,0.3304
LOT-00490,SUP-A,A,RT-C05,True,INS-02,Wed,2026-08-01,2026-08-01T14:00,scanner,1054.4,842.8,True,1,0.2007
LOT-00491,SUP-A,A,RT-C04,True,INS-00,Thu,2026-05-05,2026-05-05T12:00,scanner,1191.0,727.2,True,1,0.3894
LOT-00492,SUP-A,A,RT-N04,False,INS-04,Mon,2026-07-30,,broker_memory,,,True,1,
LOT-00493,SUP-A,A,RT-C07,True,INS-04,Tue,2026-05-02,2026-05-02T19:00,scanner,874.0,527.8,True,1,0.3961
LOT-00494,SUP-A,A,RT-C05,True,INS-04,Sat,2026-06-07,2026-06-07T13:00,scanner,1045.3,739.4,True,1,0.2926
LOT-00495,SUP-A,A,RT-C06,True,INS-04,Wed,2026-07-11,2026-07-11T12:00,scanner,1007.7,609.6,True,1,0.3951
LOT-00496,SUP-A,A,RT-C08,True,INS-06,Wed,2026-07-01,2026-07-01T10:00,scanner,1183.7,821.7,True,1,0.3058
LOT-00497,SUP-A,A,RT-C00,True,INS-02,Mon,2026-05-22,2026-05-22T08:00,scanner,1021.9,769.2,False,0,0.2473
LOT-00498,SUP-A,A,RT-C00,True,INS-02,Wed,2026-05-09,2026-05-09T15:00,scanner,1041.8,749.9,True,1,0.2802
LOT-00499,SUP-A,A,RT-C08,True,INS-04,Wed,2026-05-08,2026-05-08T16:00,scanner,1221.9,778.3,True,1,0.363
LOT-00500,SUP-A,A,RT-N04,False,INS-05,Sat,2026-06-01,2026-06-01T16:00,manual_scale,1049.8,648.2,True,1,0.3825
LOT-00501,SUP-A,A,RT-C05,True,INS-05,Wed,2026-05-07,2026-05-07T16:00,scanner,1046.1,758.6,True,1,0.2748
LOT-00502,SUP-A,A,RT-C01,True,INS-04,Fri,2026-06-21,2026-06-21T17:00,scanner,979.0,806.2,True,1,0.1765
LOT-00503,SUP-A,A,RT-C04,True,INS-02,Thu,2026-06-20,,broker_memory,,,True,1,
LOT-00504,SUP-A,A,RT-C04,True,INS-07,Tue,2026-06-12,2026-06-12T17:00,scanner,774.9,499.8,True,1,0.355
LOT-00505,SUP-A,A,RT-C05,True,INS-07,Fri,2026-06-25,2026-06-25T06:00,scanner,968.0,736.6,True,1,0.239
LOT-00506,SUP-A,A,RT-C02,True,INS-04,Fri,2026-08-04,2026-08-04T18:00,scanner,965.7,640.3,True,1,0.337
LOT-00507,SUP-A,A,RT-C00,True,INS-00,Tue,2026-05-10,2026-05-10T17:00,scanner,882.8,574.7,True,1,0.349
LOT-00508,SUP-A,A,RT-C07,True,INS-00,Wed,2026-05-11,2026-05-11T16:00,scanner,989.2,650.3,True,1,0.3426
LOT-00509,SUP-A,A,RT-C01,True,INS-06,Thu,2026-07-30,2026-07-30T10:00,scanner,890.8,609.9,True,1,0.3153
LOT-00510,SUP-A,A,RT-C07,True,INS-06,Mon,2026-05-31,2026-05-31T09:00,scanner,929.2,631.6,True,1,0.3203
LOT-00511,SUP-A,A,RT-C09,True,INS-01,Mon,2026-07-16,2026-07-16T08:00,scanner,1062.7,719.9,True,1,0.3226
LOT-00512,SUP-A,A,RT-C06,True,INS-07,Tue,2026-06-26,2026-06-26T19:00,scanner,1049.0,713.5,True,1,0.3198
LOT-00513,SUP-A,A,RT-C06,True,INS-05,Tue,2026-05-26,2026-05-26T09:00,scanner,1002.5,578.6,True,1,0.4228
LOT-00514,SUP-A,A,RT-C00,True,INS-05,Tue,2026-05-23,,broker_memory,,,True,1,
LOT-00515,SUP-A,A,RT-C03,True,INS-02,Wed,2026-05-18,2026-05-18T18:00,scanner,980.2,725.7,True,1,0.2596
LOT-00516,SUP-A,A,RT-N06,False,INS-01,Sat,2026-06-28,2026-06-28T08:00,manual_scale,1045.9,655.5,False,0,0.3733
LOT-00517,SUP-A,A,RT-C08,True,INS-06,Mon,2026-06-01,2026-06-01T12:00,scanner,926.2,587.9,True,1,0.3653
LOT-00518,SUP-A,A,RT-C09,True,INS-03,Tue,2026-05-30,2026-05-30T19:00,scanner,1045.6,608.9,True,1,0.4177
LOT-00519,SUP-A,A,RT-C04,True,INS-02,Mon,2026-07-25,,broker_memory,,,False,0,
LOT-00520,SUP-A,A,RT-C01,True,INS-01,Sat,2026-06-20,2026-06-20T09:00,scanner,999.9,645.0,True,1,0.3549
LOT-00521,SUP-A,A,RT-N04,False,INS-04,Wed,2026-07-13,2026-07-13T12:00,manual_scale,890.8,635.0,True,1,0.2872
LOT-00522,SUP-A,A,RT-C07,True,INS-04,Fri,2026-05-26,2026-05-26T06:00,scanner,742.0,484.6,True,1,0.3469
LOT-00523,SUP-A,A,RT-C04,True,INS-04,Tue,2026-05-14,2026-05-14T17:00,scanner,1068.8,723.8,True,1,0.3228
LOT-00524,SUP-A,A,RT-C09,True,INS-00,Sat,2026-07-21,2026-07-21T11:00,scanner,877.6,581.8,True,1,0.3371
LOT-00525,SUP-A,A,RT-N07,False,INS-04,Tue,2026-07-15,,broker_memory,,,False,0,
LOT-00526,SUP-A,A,RT-C02,True,INS-00,Wed,2026-07-08,,broker_memory,,,True,1,
LOT-00527,SUP-A,A,RT-C07,True,INS-07,Fri,2026-07-27,2026-07-27T11:00,scanner,805.6,574.1,True,1,0.2874
LOT-00528,SUP-A,A,RT-C05,True,INS-07,Sat,2026-07-20,,broker_memory,,,True,1,
LOT-00529,SUP-A,A,RT-N06,False,INS-00,Mon,2026-08-02,,broker_memory,,,False,0,
LOT-00530,SUP-A,A,RT-C06,True,INS-01,Sat,2026-05-03,2026-05-03T11:00,scanner,906.3,710.2,True,1,0.2164
LOT-00531,SUP-A,A,RT-C02,True,INS-02,Fri,2026-07-17,,broker_memory,,,True,1,
LOT-00532,SUP-A,A,RT-C06,True,INS-02,Wed,2026-05-15,2026-05-15T06:00,scanner,1247.0,948.4,True,1,0.2395
LOT-00533,SUP-A,A,RT-C00,True,INS-03,Sat,2026-08-01,2026-08-01T17:00,scanner,924.5,686.7,True,1,0.2572
LOT-00534,SUP-A,A,RT-C02,True,INS-05,Mon,2026-05-12,2026-05-12T09:00,scanner,840.3,557.2,True,1,0.3369
LOT-00535,SUP-A,A,RT-C08,True,INS-07,Fri,2026-07-07,2026-07-07T07:00,scanner,1042.3,800.4,True,1,0.2321
LOT-00536,SUP-A,A,RT-C04,True,INS-06,Tue,2026-08-08,2026-08-08T06:00,scanner,981.0,626.5,True,1,0.3614
LOT-00537,SUP-A,A,RT-C00,True,INS-01,Sat,2026-05-27,2026-05-27T12:00,scanner,1005.0,761.1,True,1,0.2427
LOT-00538,SUP-A,A,RT-C05,True,INS-00,Tue,2026-07-01,2026-07-01T16:00,scanner,794.2,535.1,True,1,0.3262
LOT-00539,SUP-A,A,RT-C08,True,INS-03,Sat,2026-05-27,2026-05-27T18:00,scanner,732.0,445.3,True,1,0.3917
LOT-00540,SUP-A,A,RT-C04,True,INS-04,Mon,2026-05-22,2026-05-22T15:00,scanner,970.1,644.0,True,1,0.3362
LOT-00541,SUP-A,A,RT-C07,True,INS-07,Mon,2026-07-19,2026-07-19T08:00,scanner,1002.9,749.7,True,1,0.2525
LOT-00542,SUP-A,A,RT-C02,True,INS-05,Tue,2026-06-07,2026-06-07T09:00,scanner,901.6,566.7,True,1,0.3715
LOT-00543,SUP-A,A,RT-C05,True,INS-01,Fri,2026-06-05,2026-06-05T18:00,scanner,994.2,749.9,True,1,0.2457
LOT-00544,SUP-A,A,RT-C06,True,INS-07,Mon,2026-08-03,,broker_memory,,,True,1,
LOT-00545,SUP-A,A,RT-N02,False,INS-07,Mon,2026-06-11,2026-06-11T07:00,manual_scale,981.6,718.4,False,0,0.2681
LOT-00546,SUP-A,A,RT-C02,True,INS-00,Thu,2026-05-24,2026-05-24T06:00,scanner,984.1,734.5,True,1,0.2536
LOT-00547,SUP-A,A,RT-C06,True,INS-00,Wed,2026-05-15,2026-05-15T15:00,scanner,882.3,589.2,True,1,0.3322
LOT-00548,SUP-A,A,RT-C05,True,INS-00,Tue,2026-05-25,2026-05-25T17:00,scanner,1002.0,646.5,True,1,0.3548
LOT-00549,SUP-A,A,RT-C03,True,INS-03,Wed,2026-05-31,2026-05-31T06:00,scanner,1026.5,711.2,True,1,0.3072
LOT-00550,SUP-A,A,RT-C00,True,INS-03,Sat,2026-07-19,,broker_memory,,,True,1,
LOT-00551,SUP-A,A,RT-C09,True,INS-06,Mon,2026-06-21,2026-06-21T07:00,scanner,901.1,586.7,True,1,0.3489
LOT-00552,SUP-A,A,RT-C03,True,INS-01,Tue,2026-05-04,,broker_memory,,,True,1,
LOT-00553,SUP-A,A,RT-C05,True,INS-05,Wed,2026-07-31,2026-07-31T12:00,scanner,1064.6,721.7,True,1,0.3221
LOT-00554,SUP-A,A,RT-C02,True,INS-02,Mon,2026-07-18,2026-07-18T08:00,scanner,821.9,546.0,True,1,0.3357
LOT-00555,SUP-A,A,RT-N05,False,INS-03,Fri,2026-05-13,,broker_memory,,,True,1,
LOT-00556,SUP-A,A,RT-C00,True,INS-03,Wed,2026-06-09,2026-06-09T08:00,scanner,951.7,626.4,True,1,0.3418
LOT-00557,SUP-A,A,RT-C04,True,INS-03,Sat,2026-07-11,2026-07-11T07:00,scanner,876.0,596.4,True,1,0.3192
LOT-00558,SUP-A,A,RT-C03,True,INS-02,Mon,2026-05-04,2026-05-04T18:00,scanner,864.4,539.7,True,1,0.3756
LOT-00559,SUP-A,A,RT-C07,True,INS-03,Mon,2026-08-07,2026-08-07T19:00,scanner,929.5,620.0,True,1,0.333
LOT-00560,SUP-A,A,RT-C02,True,INS-00,Sat,2026-06-25,2026-06-25T08:00,scanner,989.7,695.5,True,1,0.2973
LOT-00561,SUP-A,A,RT-C07,True,INS-06,Thu,2026-05-20,,broker_memory,,,True,1,
LOT-00562,SUP-A,A,RT-C04,True,INS-05,Thu,2026-06-17,2026-06-17T17:00,scanner,923.4,619.5,True,1,0.3291
LOT-00563,SUP-A,A,RT-C09,True,INS-04,Wed,2026-07-10,2026-07-10T16:00,scanner,744.1,489.0,True,1,0.3428
LOT-00564,SUP-A,A,RT-C09,True,INS-07,Sat,2026-05-17,2026-05-17T19:00,scanner,1028.3,635.6,True,1,0.3819
LOT-00565,SUP-A,A,RT-C01,True,INS-05,Tue,2026-07-09,2026-07-09T19:00,scanner,767.9,576.0,True,1,0.2499
LOT-00566,SUP-A,A,RT-C03,True,INS-00,Tue,2026-07-16,2026-07-16T12:00,scanner,695.3,488.4,True,1,0.2976
LOT-00567,SUP-A,A,RT-C07,True,INS-01,Mon,2026-07-15,2026-07-15T10:00,scanner,985.5,700.0,True,1,0.2897
LOT-00568,SUP-A,A,RT-C09,True,INS-05,Wed,2026-07-02,2026-07-02T10:00,scanner,843.3,528.1,True,1,0.3738
LOT-00569,SUP-A,A,RT-C06,True,INS-06,Sat,2026-06-12,2026-06-12T12:00,scanner,1046.9,809.6,True,1,0.2267
LOT-00570,SUP-A,A,RT-C09,True,INS-03,Wed,2026-05-07,2026-05-07T11:00,scanner,1003.8,748.4,True,1,0.2544
LOT-00571,SUP-A,A,RT-C01,True,INS-06,Fri,2026-06-29,2026-06-29T07:00,scanner,1012.4,699.1,True,1,0.3095
LOT-00572,SUP-A,A,RT-C09,True,INS-03,Thu,2026-08-07,2026-08-07T06:00,scanner,955.7,579.9,True,1,0.3932
LOT-00573,SUP-A,A,RT-C02,True,INS-00,Sat,2026-07-11,2026-07-11T16:00,scanner,1013.5,712.0,True,1,0.2975
LOT-00574,SUP-A,A,RT-N02,False,INS-04,Tue,2026-07-01,,broker_memory,,,False,0,
LOT-00575,SUP-A,A,RT-C08,True,INS-02,Tue,2026-05-11,2026-05-11T15:00,scanner,838.6,536.8,True,1,0.3599
LOT-00576,SUP-A,A,RT-C00,True,INS-05,Thu,2026-07-10,2026-07-10T07:00,scanner,1039.6,804.0,True,1,0.2266
LOT-00577,SUP-A,A,RT-C02,True,INS-02,Fri,2026-06-09,2026-06-09T11:00,scanner,1058.7,723.2,True,1,0.3169
LOT-00578,SUP-A,A,RT-C03,True,INS-03,Thu,2026-05-04,2026-05-04T19:00,scanner,751.4,508.7,True,1,0.323
LOT-00579,SUP-A,A,RT-C09,True,INS-04,Mon,2026-05-23,2026-05-23T16:00,scanner,870.8,601.9,True,1,0.3088
LOT-00580,SUP-A,A,RT-N04,False,INS-05,Tue,2026-07-26,,broker_memory,,,False,0,
LOT-00581,SUP-A,A,RT-C07,True,INS-04,Tue,2026-05-18,,broker_memory,,,True,1,
LOT-00582,SUP-A,A,RT-C02,True,INS-07,Thu,2026-06-04,2026-06-04T18:00,scanner,874.7,695.0,True,1,0.2054
LOT-00583,SUP-A,A,RT-C02,True,INS-06,Wed,2026-05-27,,broker_memory,,,True,1,
LOT-00584,SUP-A,A,RT-N07,False,INS-04,Fri,2026-08-06,2026-08-06T15:00,manual_scale,963.0,716.6,False,0,0.2559
LOT-00585,SUP-A,A,RT-C03,True,INS-00,Tue,2026-06-25,2026-06-25T06:00,scanner,978.3,721.5,False,0,0.2625
LOT-00586,SUP-A,A,RT-C02,True,INS-03,Fri,2026-05-09,2026-05-09T12:00,scanner,978.5,662.9,True,1,0.3225
LOT-00587,SUP-A,A,RT-N00,False,INS-04,Tue,2026-07-16,,broker_memory,,,False,0,
LOT-00588,SUP-A,A,RT-C09,True,INS-04,Thu,2026-07-08,2026-07-08T08:00,scanner,1096.2,762.2,True,1,0.3047
LOT-00589,SUP-A,A,RT-C06,True,INS-03,Sat,2026-06-14,2026-06-14T12:00,scanner,748.7,505.8,True,1,0.3244
LOT-00590,SUP-A,A,RT-C09,True,INS-03,Fri,2026-06-22,2026-06-22T07:00,scanner,1010.9,626.0,True,1,0.3807
LOT-00591,SUP-A,A,RT-C07,True,INS-07,Fri,2026-05-04,2026-05-04T13:00,scanner,830.4,565.4,True,1,0.3191
LOT-00592,SUP-A,A,RT-C07,True,INS-03,Fri,2026-06-22,,broker_memory,,,True,1,
LOT-00593,SUP-A,A,RT-C03,True,INS-03,Tue,2026-07-17,,broker_memory,,,True,1,
LOT-00594,SUP-A,A,RT-C03,True,INS-07,Mon,2026-08-07,2026-08-07T17:00,scanner,994.4,749.6,True,1,0.2462
LOT-00595,SUP-A,A,RT-C09,True,INS-00,Sat,2026-06-02,2026-06-02T19:00,scanner,999.7,642.4,True,1,0.3574
LOT-00596,SUP-A,A,RT-C09,True,INS-01,Fri,2026-06-17,,broker_memory,,,True,1,
LOT-00597,SUP-A,A,RT-C04,True,INS-02,Mon,2026-07-29,,broker_memory,,,True,1,
LOT-00598,SUP-A,A,RT-C06,True,INS-00,Tue,2026-06-20,2026-06-20T14:00,scanner,1040.8,681.9,True,1,0.3448
LOT-00599,SUP-A,A,RT-C08,True,INS-02,Wed,2026-08-01,2026-08-01T13:00,scanner,1170.9,785.7,True,1,0.329
LOT-00600,SUP-A,A,RT-C07,True,INS-01,Tue,2026-05-07,2026-05-07T10:00,scanner,990.7,649.2,True,1,0.3447
LOT-00601,SUP-A,A,RT-C00,True,INS-07,Fri,2026-06-23,2026-06-23T14:00,scanner,796.6,537.7,True,1,0.325
LOT-00602,SUP-A,A,RT-C02,True,INS-03,Thu,2026-07-05,2026-07-05T15:00,scanner,1045.2,731.5,True,1,0.3001
LOT-00603,SUP-A,A,RT-C01,True,INS-03,Fri,2026-06-12,2026-06-12T18:00,scanner,782.5,572.0,True,1,0.269
LOT-00604,SUP-A,A,RT-C07,True,INS-03,Thu,2026-05-18,2026-05-18T08:00,scanner,1071.9,812.4,True,1,0.2421
LOT-00605,SUP-A,A,RT-C02,True,INS-02,Tue,2026-06-16,2026-06-16T15:00,scanner,761.8,548.6,True,1,0.2799
LOT-00606,SUP-A,A,RT-C01,True,INS-05,Wed,2026-05-14,2026-05-14T11:00,scanner,872.3,524.4,True,1,0.3988
LOT-00607,SUP-A,A,RT-C04,True,INS-00,Sat,2026-06-28,2026-06-28T15:00,scanner,1061.8,712.5,False,0,0.329
LOT-00608,SUP-A,A,RT-C08,True,INS-03,Sat,2026-06-28,,broker_memory,,,True,1,
LOT-00609,SUP-A,A,RT-C06,True,INS-04,Sat,2026-06-22,2026-06-22T18:00,scanner,1117.4,759.5,True,1,0.3203
LOT-00610,SUP-A,A,RT-C05,True,INS-04,Mon,2026-07-02,2026-07-02T16:00,scanner,945.6,540.8,True,1,0.4281
LOT-00611,SUP-A,A,RT-C07,True,INS-00,Wed,2026-06-24,2026-06-24T09:00,scanner,1007.5,709.7,True,1,0.2956
LOT-00612,SUP-A,A,RT-C06,True,INS-03,Fri,2026-07-23,2026-07-23T18:00,scanner,863.4,546.8,True,1,0.3667
LOT-00613,SUP-A,A,RT-N04,False,INS-06,Sat,2026-05-22,2026-05-22T19:00,manual_scale,836.6,518.9,True,1,0.3798
LOT-00614,SUP-A,A,RT-C09,True,INS-02,Mon,2026-07-24,2026-07-24T11:00,scanner,1072.8,756.2,True,1,0.2951
LOT-00615,SUP-A,A,RT-C03,True,INS-04,Tue,2026-06-09,2026-06-09T12:00,scanner,1024.6,751.4,True,1,0.2666
LOT-00616,SUP-A,A,RT-C07,True,INS-03,Wed,2026-06-06,2026-06-06T10:00,scanner,1220.6,911.9,True,1,0.2529
LOT-00617,SUP-A,A,RT-C01,True,INS-00,Tue,2026-07-25,2026-07-25T11:00,scanner,890.2,550.7,True,1,0.3814
LOT-00618,SUP-A,A,RT-C05,True,INS-03,Tue,2026-06-24,2026-06-24T16:00,scanner,1067.1,707.2,True,1,0.3373
LOT-00619,SUP-A,A,RT-C02,True,INS-04,Mon,2026-06-19,2026-06-19T10:00,scanner,912.5,649.7,True,1,0.288
LOT-00620,SUP-A,A,RT-C04,True,INS-07,Fri,2026-05-06,2026-05-06T10:00,scanner,1009.8,706.8,True,1,0.3001
LOT-00621,SUP-A,A,RT-N09,False,INS-04,Mon,2026-07-29,2026-07-29T07:00,manual_scale,838.6,542.8,True,1,0.3527
LOT-00622,SUP-A,A,RT-C05,True,INS-00,Fri,2026-07-15,2026-07-15T15:00,scanner,1046.6,732.7,True,1,0.2999
LOT-00623,SUP-A,A,RT-C03,True,INS-02,Fri,2026-05-01,2026-05-01T12:00,scanner,1042.9,648.7,True,1,0.378
LOT-00624,SUP-A,A,RT-C00,True,INS-01,Sat,2026-06-16,2026-06-16T12:00,scanner,725.2,466.3,True,1,0.357
LOT-00625,SUP-A,A,RT-C07,True,INS-00,Tue,2026-06-10,2026-06-10T18:00,scanner,1023.4,660.1,True,1,0.355
LOT-00626,SUP-A,A,RT-C04,True,INS-03,Mon,2026-05-25,2026-05-25T19:00,scanner,967.5,689.2,True,1,0.2876
LOT-00627,SUP-A,A,RT-C05,True,INS-03,Wed,2026-06-29,2026-06-29T11:00,scanner,1102.4,753.3,True,1,0.3167
LOT-00628,SUP-A,A,RT-C04,True,INS-04,Wed,2026-06-26,2026-06-26T19:00,scanner,796.0,520.6,True,1,0.346
LOT-00629,SUP-A,A,RT-C03,True,INS-04,Wed,2026-07-18,2026-07-18T10:00,scanner,1115.3,792.7,True,1,0.2892
LOT-00630,SUP-A,A,RT-C07,True,INS-00,Sat,2026-08-07,2026-08-07T15:00,scanner,1000.8,792.7,True,1,0.2079
LOT-00631,SUP-A,A,RT-C06,True,INS-00,Thu,2026-07-30,2026-07-30T19:00,scanner,933.9,670.5,True,1,0.282
LOT-00632,SUP-A,A,RT-C06,True,INS-06,Thu,2026-08-06,2026-08-06T16:00,scanner,942.6,620.1,True,1,0.3421
LOT-00633,SUP-A,A,RT-N04,False,INS-00,Mon,2026-07-18,,broker_memory,,,False,0,
LOT-00634,SUP-A,A,RT-C08,True,INS-02,Fri,2026-06-27,2026-06-27T07:00,scanner,1001.2,678.7,True,1,0.3221
LOT-00635,SUP-A,A,RT-C00,True,INS-00,Mon,2026-06-05,2026-06-05T17:00,scanner,841.1,571.7,True,1,0.3203
LOT-00636,SUP-A,A,RT-C07,True,INS-03,Thu,2026-06-16,,broker_memory,,,True,1,
LOT-00637,SUP-A,A,RT-C09,True,INS-04,Sat,2026-07-14,2026-07-14T06:00,scanner,1064.9,702.1,True,1,0.3407
LOT-00638,SUP-A,A,RT-C03,True,INS-02,Fri,2026-07-27,2026-07-27T11:00,scanner,1068.7,703.1,True,1,0.3421
LOT-00639,SUP-A,A,RT-C02,True,INS-04,Wed,2026-07-10,,broker_memory,,,True,1,
LOT-00640,SUP-A,A,RT-N09,False,INS-06,Sat,2026-07-20,,broker_memory,,,True,1,
LOT-00641,SUP-A,A,RT-C05,True,INS-00,Sat,2026-06-02,2026-06-02T17:00,scanner,984.0,543.5,True,1,0.4477
LOT-00642,SUP-A,A,RT-C08,True,INS-05,Mon,2026-07-02,2026-07-02T12:00,scanner,1090.7,704.3,True,1,0.3543
LOT-00643,SUP-A,A,RT-C07,True,INS-00,Wed,2026-07-24,2026-07-24T10:00,scanner,1095.8,768.4,True,1,0.2988
LOT-00644,SUP-A,A,RT-C05,True,INS-02,Fri,2026-06-18,2026-06-18T16:00,scanner,951.0,647.7,True,1,0.3189
LOT-00645,SUP-A,A,RT-C00,True,INS-02,Mon,2026-06-15,2026-06-15T13:00,scanner,1043.0,691.4,True,1,0.3371
LOT-00646,SUP-A,A,RT-C01,True,INS-05,Wed,2026-07-09,2026-07-09T15:00,scanner,1093.0,669.6,True,1,0.3874
LOT-00647,SUP-A,A,RT-C06,True,INS-01,Mon,2026-07-23,2026-07-23T13:00,scanner,1041.9,720.2,True,1,0.3088
LOT-00648,SUP-A,A,RT-C03,True,INS-06,Sat,2026-07-30,2026-07-30T11:00,scanner,874.3,697.4,True,1,0.2023
LOT-00649,SUP-A,A,RT-C01,True,INS-04,Thu,2026-05-11,2026-05-11T16:00,scanner,1165.3,791.4,True,1,0.3209
LOT-00650,SUP-A,A,RT-C00,True,INS-02,Mon,2026-07-26,2026-07-26T11:00,scanner,981.2,625.3,False,0,0.3627
LOT-00651,SUP-A,A,RT-N09,False,INS-06,Mon,2026-07-20,2026-07-20T11:00,manual_scale,1068.1,676.4,True,1,0.3667
LOT-00652,SUP-A,A,RT-C07,True,INS-06,Sat,2026-08-02,2026-08-02T17:00,scanner,932.1,640.6,True,1,0.3127
LOT-00653,SUP-A,A,RT-C00,True,INS-00,Thu,2026-07-25,2026-07-25T10:00,scanner,876.4,579.2,True,1,0.3391
LOT-00654,SUP-A,A,RT-C02,True,INS-05,Mon,2026-06-06,,broker_memory,,,True,1,
LOT-00655,SUP-A,A,RT-C02,True,INS-00,Tue,2026-06-08,2026-06-08T11:00,scanner,930.9,721.1,True,1,0.2254
LOT-00656,SUP-A,A,RT-C09,True,INS-07,Sat,2026-08-03,2026-08-03T12:00,scanner,817.6,558.1,True,1,0.3174
LOT-00657,SUP-A,A,RT-C06,True,INS-03,Thu,2026-05-19,2026-05-19T07:00,scanner,1091.4,686.1,True,1,0.3714
LOT-00658,SUP-A,A,RT-C00,True,INS-04,Tue,2026-06-07,2026-06-07T10:00,scanner,910.8,678.2,True,1,0.2554
LOT-00659,SUP-A,A,RT-C02,True,INS-06,Tue,2026-05-12,2026-05-12T07:00,scanner,1175.0,840.6,True,1,0.2846
LOT-00660,SUP-A,A,RT-C03,True,INS-01,Mon,2026-06-17,2026-06-17T16:00,scanner,1222.3,863.2,True,1,0.2938
LOT-00661,SUP-A,A,RT-C03,True,INS-00,Mon,2026-05-01,,broker_memory,,,True,1,
LOT-00662,SUP-A,A,RT-C04,True,INS-05,Wed,2026-06-21,2026-06-21T09:00,scanner,951.1,666.3,True,1,0.2994
LOT-00663,SUP-A,A,RT-C09,True,INS-01,Tue,2026-05-14,,broker_memory,,,True,1,
LOT-00664,SUP-A,A,RT-N06,False,INS-00,Wed,2026-07-23,,broker_memory,,,False,0,
LOT-00665,SUP-A,A,RT-C01,True,INS-07,Tue,2026-07-22,2026-07-22T19:00,scanner,1057.6,736.1,True,1,0.304
LOT-00666,SUP-A,A,RT-C07,True,INS-03,Sat,2026-05-02,2026-05-02T14:00,scanner,1120.3,847.3,True,1,0.2437
LOT-00667,SUP-A,A,RT-C07,True,INS-02,Mon,2026-07-02,2026-07-02T09:00,scanner,928.9,552.5,True,1,0.4052
LOT-00668,SUP-A,A,RT-C08,True,INS-00,Thu,2026-07-27,2026-07-27T08:00,scanner,1016.0,592.3,True,1,0.417
LOT-00669,SUP-A,A,RT-N02,False,INS-06,Thu,2026-08-01,2026-08-01T14:00,manual_scale,1107.9,823.3,True,1,0.2569
LOT-00670,SUP-A,A,RT-N03,False,INS-00,Fri,2026-06-07,,broker_memory,,,False,0,
LOT-00671,SUP-A,A,RT-C05,True,INS-04,Tue,2026-05-19,2026-05-19T16:00,scanner,976.6,700.3,True,1,0.2829
LOT-00672,SUP-A,A,RT-C01,True,INS-00,Sat,2026-05-07,2026-05-07T11:00,scanner,910.7,592.7,True,1,0.3492
LOT-00673,SUP-A,A,RT-C02,True,INS-01,Mon,2026-06-04,2026-06-04T17:00,scanner,837.6,521.6,True,1,0.3773
LOT-00674,SUP-A,A,RT-C04,True,INS-01,Sat,2026-07-20,,broker_memory,,,True,1,
LOT-00675,SUP-A,A,RT-C08,True,INS-02,Mon,2026-05-20,2026-05-20T10:00,scanner,892.0,604.7,True,1,0.3221
LOT-00676,SUP-A,A,RT-N07,False,INS-06,Mon,2026-06-20,,broker_memory,,,True,1,
LOT-00677,SUP-A,A,RT-N09,False,INS-04,Tue,2026-07-08,,broker_memory,,,True,1,
LOT-00678,SUP-A,A,RT-C09,True,INS-01,Mon,2026-08-05,2026-08-05T16:00,scanner,1054.8,780.9,True,1,0.2597
LOT-00679,SUP-A,A,RT-C03,True,INS-03,Fri,2026-07-19,2026-07-19T08:00,scanner,875.9,606.9,True,1,0.3071
LOT-00680,SUP-A,A,RT-C02,True,INS-00,Mon,2026-05-31,2026-05-31T10:00,scanner,972.4,741.8,True,1,0.2371
LOT-00681,SUP-A,A,RT-N00,False,INS-03,Mon,2026-06-05,2026-06-05T12:00,manual_scale,902.8,568.9,True,1,0.3698
LOT-00682,SUP-A,A,RT-C09,True,INS-07,Wed,2026-05-29,2026-05-29T19:00,scanner,945.0,710.4,True,1,0.2483
LOT-00683,SUP-A,A,RT-N00,False,INS-04,Mon,2026-05-26,,broker_memory,,,False,0,
LOT-00684,SUP-A,A,RT-C08,True,INS-02,Sat,2026-07-07,2026-07-07T08:00,scanner,927.0,628.3,True,1,0.3222
LOT-00685,SUP-A,A,RT-C01,True,INS-00,Sat,2026-07-13,2026-07-13T06:00,scanner,1036.6,585.9,True,1,0.4348
LOT-00686,SUP-A,A,RT-C04,True,INS-04,Wed,2026-06-22,2026-06-22T14:00,scanner,786.1,488.5,True,1,0.3786
LOT-00687,SUP-A,A,RT-C08,True,INS-03,Wed,2026-05-13,2026-05-13T14:00,scanner,970.8,640.8,True,1,0.3399
LOT-00688,SUP-A,A,RT-C01,True,INS-07,Wed,2026-07-27,2026-07-27T10:00,scanner,1156.2,731.0,True,1,0.3678
LOT-00689,SUP-A,A,RT-N08,False,INS-00,Tue,2026-05-11,2026-05-11T10:00,manual_scale,1138.7,877.6,False,0,0.2293
LOT-00690,SUP-A,A,RT-C01,True,INS-05,Fri,2026-05-25,2026-05-25T15:00,scanner,1010.7,767.5,True,1,0.2406
LOT-00691,SUP-A,A,RT-N04,False,INS-02,Wed,2026-05-04,2026-05-04T16:00,manual_scale,839.8,585.6,True,1,0.3027
LOT-00692,SUP-A,A,RT-C01,True,INS-03,Sat,2026-07-01,2026-07-01T14:00,scanner,971.2,671.5,True,1,0.3086
LOT-00693,SUP-A,A,RT-C07,True,INS-07,Sat,2026-06-18,2026-06-18T15:00,scanner,703.6,489.7,True,1,0.304
LOT-00694,SUP-A,A,RT-C09,True,INS-05,Mon,2026-07-18,2026-07-18T13:00,scanner,1242.3,991.0,True,1,0.2023
LOT-00695,SUP-A,A,RT-C01,True,INS-03,Fri,2026-05-12,2026-05-12T06:00,scanner,1077.8,784.0,True,1,0.2726
LOT-00696,SUP-A,A,RT-C04,True,INS-00,Sat,2026-06-01,2026-06-01T06:00,scanner,784.6,515.3,True,1,0.3432
LOT-00697,SUP-A,A,RT-C02,True,INS-03,Fri,2026-07-15,2026-07-15T12:00,scanner,832.9,561.3,True,1,0.3261
LOT-00698,SUP-A,A,RT-C09,True,INS-05,Wed,2026-05-08,2026-05-08T12:00,scanner,789.1,444.4,True,1,0.4368
LOT-00699,SUP-A,A,RT-C08,True,INS-05,Mon,2026-05-09,2026-05-09T17:00,scanner,993.9,578.2,True,1,0.4183
LOT-00700,SUP-A,A,RT-C04,True,INS-04,Thu,2026-06-29,2026-06-29T12:00,scanner,944.1,639.4,True,1,0.3227
LOT-00701,SUP-A,A,RT-C01,True,INS-04,Tue,2026-05-08,2026-05-08T10:00,scanner,851.5,582.8,True,1,0.3156
LOT-00702,SUP-A,A,RT-C07,True,INS-01,Mon,2026-06-18,2026-06-18T13:00,scanner,643.7,498.4,True,1,0.2257
LOT-00703,SUP-A,A,RT-C09,True,INS-05,Sat,2026-07-23,2026-07-23T07:00,scanner,821.6,558.1,True,1,0.3207
LOT-00704,SUP-A,A,RT-C04,True,INS-05,Fri,2026-07-31,2026-07-31T12:00,scanner,778.1,577.4,True,1,0.2579
LOT-00705,SUP-A,A,RT-C06,True,INS-00,Wed,2026-06-07,2026-06-07T10:00,scanner,854.8,624.9,True,1,0.269
LOT-00706,SUP-A,A,RT-C07,True,INS-05,Wed,2026-05-05,2026-05-05T19:00,scanner,949.4,686.3,True,1,0.2771
LOT-00707,SUP-A,A,RT-C01,True,INS-00,Fri,2026-05-05,2026-05-05T12:00,scanner,1004.0,842.4,True,1,0.161
LOT-00708,SUP-A,A,RT-C02,True,INS-04,Fri,2026-06-06,2026-06-06T10:00,scanner,827.8,509.9,True,1,0.384
LOT-00709,SUP-A,A,RT-C06,True,INS-01,Sat,2026-07-31,2026-07-31T09:00,scanner,974.5,714.4,True,1,0.2669
LOT-00710,SUP-A,A,RT-C08,True,INS-07,Fri,2026-06-03,2026-06-03T11:00,scanner,1027.2,760.8,True,1,0.2593
LOT-00711,SUP-A,A,RT-C08,True,INS-04,Sat,2026-05-02,2026-05-02T14:00,scanner,1062.8,856.9,True,1,0.1937
LOT-00712,SUP-A,A,RT-C00,True,INS-07,Sat,2026-06-06,2026-06-06T18:00,scanner,969.9,596.2,True,1,0.3853
LOT-00713,SUP-A,A,RT-C01,True,INS-00,Sat,2026-06-08,2026-06-08T12:00,scanner,1044.9,802.8,False,0,0.2317
LOT-00714,SUP-A,A,RT-C00,True,INS-05,Tue,2026-06-18,,broker_memory,,,True,1,
LOT-00715,SUP-A,A,RT-N09,False,INS-02,Sat,2026-05-13,,broker_memory,,,False,0,
LOT-00716,SUP-A,A,RT-C02,True,INS-02,Mon,2026-06-08,2026-06-08T16:00,scanner,917.9,681.6,True,1,0.2574
LOT-00717,SUP-A,A,RT-C02,True,INS-03,Wed,2026-06-28,2026-06-28T12:00,scanner,1026.5,600.5,True,1,0.415
LOT-00718,SUP-A,A,RT-N07,False,INS-03,Thu,2026-06-29,2026-06-29T09:00,manual_scale,1021.4,639.0,True,1,0.3744
LOT-00719,SUP-A,A,RT-C02,True,INS-05,Wed,2026-06-12,2026-06-12T17:00,scanner,1092.9,839.8,True,1,0.2316
LOT-00720,SUP-A,A,RT-C02,True,INS-01,Tue,2026-07-30,2026-07-30T06:00,scanner,1099.3,802.9,True,1,0.2696
LOT-00721,SUP-A,A,RT-N01,False,INS-07,Mon,2026-07-03,,broker_memory,,,True,1,
LOT-00722,SUP-A,A,RT-N01,False,INS-05,Mon,2026-06-15,,broker_memory,,,False,0,
LOT-00723,SUP-A,A,RT-C08,True,INS-07,Wed,2026-05-23,2026-05-23T16:00,scanner,913.0,468.7,True,1,0.4866
LOT-00724,SUP-A,A,RT-C09,True,INS-01,Mon,2026-07-27,2026-07-27T08:00,scanner,965.3,659.8,True,1,0.3165
LOT-00725,SUP-A,A,RT-N07,False,INS-05,Thu,2026-07-05,,broker_memory,,,True,1,
LOT-00726,SUP-A,A,RT-C08,True,INS-06,Sat,2026-06-21,,broker_memory,,,True,1,
LOT-00727,SUP-A,A,RT-C00,True,INS-00,Mon,2026-06-06,2026-06-06T10:00,scanner,878.2,600.8,True,1,0.3159
LOT-00728,SUP-A,A,RT-C08,True,INS-06,Tue,2026-05-12,2026-05-12T06:00,scanner,740.0,479.8,True,1,0.3516
LOT-00729,SUP-A,A,RT-C06,True,INS-05,Wed,2026-05-30,2026-05-30T11:00,scanner,1061.1,810.4,True,1,0.2363
LOT-00730,SUP-A,A,RT-C02,True,INS-02,Mon,2026-06-10,2026-06-10T15:00,scanner,1134.9,801.2,True,1,0.294
LOT-00731,SUP-A,A,RT-C02,True,INS-05,Tue,2026-07-10,2026-07-10T16:00,scanner,1190.8,802.9,True,1,0.3257
LOT-00732,SUP-A,A,RT-C05,True,INS-00,Thu,2026-06-16,2026-06-16T15:00,scanner,1006.9,650.9,True,1,0.3536
LOT-00733,SUP-A,A,RT-C01,True,INS-01,Thu,2026-06-23,2026-06-23T08:00,scanner,1205.8,914.8,True,1,0.2413
LOT-00734,SUP-A,A,RT-C03,True,INS-01,Mon,2026-05-16,2026-05-16T19:00,scanner,881.5,541.5,True,1,0.3857
LOT-00735,SUP-A,A,RT-C07,True,INS-00,Fri,2026-05-20,2026-05-20T19:00,scanner,824.0,538.8,True,1,0.3461
LOT-00736,SUP-A,A,RT-C09,True,INS-04,Thu,2026-05-28,2026-05-28T15:00,scanner,956.2,697.3,True,1,0.2708
LOT-00737,SUP-A,A,RT-C09,True,INS-06,Tue,2026-08-02,2026-08-02T07:00,scanner,1149.2,736.2,True,1,0.3594
LOT-00738,SUP-A,A,RT-C06,True,INS-02,Sat,2026-07-28,2026-07-28T10:00,scanner,972.7,631.0,False,0,0.3513
LOT-00739,SUP-A,A,RT-N06,False,INS-01,Tue,2026-05-03,,broker_memory,,,True,1,
LOT-00740,SUP-A,A,RT-C09,True,INS-07,Wed,2026-07-10,2026-07-10T17:00,scanner,783.3,547.5,True,1,0.301
LOT-00741,SUP-A,A,RT-C06,True,INS-02,Mon,2026-05-22,2026-05-22T12:00,scanner,981.1,641.8,True,1,0.3458
LOT-00742,SUP-A,A,RT-C03,True,INS-02,Fri,2026-07-03,2026-07-03T13:00,scanner,1065.8,727.5,True,1,0.3174
LOT-00743,SUP-A,A,RT-C09,True,INS-04,Tue,2026-07-28,2026-07-28T11:00,scanner,1310.2,961.2,True,1,0.2664
LOT-00744,SUP-A,A,RT-C03,True,INS-02,Sat,2026-08-03,2026-08-03T07:00,scanner,983.0,658.1,True,1,0.3305
LOT-00745,SUP-A,A,RT-C03,True,INS-06,Fri,2026-07-29,2026-07-29T07:00,scanner,916.7,618.6,True,1,0.3252
LOT-00746,SUP-A,A,RT-C05,True,INS-06,Fri,2026-05-04,2026-05-04T14:00,scanner,1032.6,657.1,True,1,0.3636
LOT-00747,SUP-A,A,RT-C02,True,INS-05,Sat,2026-07-24,2026-07-24T13:00,scanner,826.2,542.1,True,1,0.3439
LOT-00748,SUP-A,A,RT-C03,True,INS-04,Mon,2026-07-19,2026-07-19T14:00,scanner,928.0,725.0,True,1,0.2188
LOT-00749,SUP-A,A,RT-N01,False,INS-00,Fri,2026-05-14,,broker_memory,,,False,0,
LOT-00750,SUP-A,A,RT-C00,True,INS-04,Mon,2026-05-13,2026-05-13T09:00,scanner,967.2,670.5,True,1,0.3068
LOT-00751,SUP-A,A,RT-C07,True,INS-04,Thu,2026-07-19,2026-07-19T13:00,scanner,951.9,564.6,True,1,0.4069
LOT-00752,SUP-A,A,RT-N01,False,INS-06,Tue,2026-07-08,2026-07-08T13:00,manual_scale,799.7,547.7,False,0,0.3151
LOT-00753,SUP-A,A,RT-C07,True,INS-03,Mon,2026-06-22,,broker_memory,,,True,1,
LOT-00754,SUP-A,A,RT-C03,True,INS-03,Wed,2026-08-04,2026-08-04T16:00,scanner,957.2,684.0,True,1,0.2854
LOT-00755,SUP-A,A,RT-C04,True,INS-07,Sat,2026-07-13,2026-07-13T18:00,scanner,986.2,613.6,True,1,0.3778
LOT-00756,SUP-A,A,RT-C08,True,INS-07,Thu,2026-05-10,2026-05-10T18:00,scanner,873.7,568.8,True,1,0.349
LOT-00757,SUP-A,A,RT-C02,True,INS-04,Sat,2026-06-13,2026-06-13T17:00,scanner,879.2,637.9,True,1,0.2745
LOT-00758,SUP-A,A,RT-C01,True,INS-04,Thu,2026-07-10,2026-07-10T16:00,scanner,834.5,660.0,True,1,0.2091
LOT-00759,SUP-A,A,RT-N06,False,INS-04,Sat,2026-07-04,2026-07-04T11:00,manual_scale,968.1,659.2,True,1,0.3191
LOT-00760,SUP-A,A,RT-C01,True,INS-02,Thu,2026-05-30,2026-05-30T13:00,scanner,1147.8,754.6,True,1,0.3426
LOT-00761,SUP-A,A,RT-C05,True,INS-06,Thu,2026-07-07,2026-07-07T08:00,scanner,896.2,566.0,True,1,0.3684
LOT-00762,SUP-A,A,RT-C00,True,INS-00,Tue,2026-07-26,2026-07-26T17:00,scanner,1168.8,806.0,True,1,0.3104
LOT-00763,SUP-A,A,RT-C03,True,INS-04,Thu,2026-06-21,2026-06-21T08:00,scanner,1013.6,636.8,True,1,0.3717
LOT-00764,SUP-A,A,RT-C09,True,INS-00,Sat,2026-06-07,2026-06-07T19:00,scanner,1009.2,786.4,True,1,0.2208
LOT-00765,SUP-A,A,RT-C02,True,INS-04,Thu,2026-07-02,2026-07-02T06:00,scanner,1217.7,742.2,True,1,0.3905
LOT-00766,SUP-A,A,RT-C05,True,INS-00,Fri,2026-05-26,2026-05-26T11:00,scanner,865.5,612.3,True,1,0.2925
LOT-00767,SUP-A,A,RT-C04,True,INS-02,Mon,2026-05-01,2026-05-01T14:00,scanner,1090.6,893.5,True,1,0.1807
LOT-00768,SUP-A,A,RT-C09,True,INS-05,Sat,2026-07-11,2026-07-11T16:00,scanner,874.2,669.3,True,1,0.2344
LOT-00769,SUP-A,A,RT-C00,True,INS-05,Sat,2026-06-09,2026-06-09T17:00,scanner,1067.0,792.3,True,1,0.2575
LOT-00770,SUP-A,A,RT-C04,True,INS-05,Fri,2026-07-19,2026-07-19T11:00,scanner,936.3,710.6,True,1,0.2411
LOT-00771,SUP-A,A,RT-N02,False,INS-04,Fri,2026-08-02,2026-08-02T17:00,manual_scale,890.7,610.9,False,0,0.3141
LOT-00772,SUP-A,A,RT-C02,True,INS-00,Fri,2026-05-12,2026-05-12T18:00,scanner,765.3,520.3,True,1,0.3201
LOT-00773,SUP-A,A,RT-C05,True,INS-02,Thu,2026-06-03,2026-06-03T09:00,scanner,917.2,605.8,True,1,0.3395
LOT-00774,SUP-A,A,RT-N05,False,INS-07,Mon,2026-06-04,2026-06-04T15:00,manual_scale,917.0,579.9,False,0,0.3676
LOT-00775,SUP-A,A,RT-C02,True,INS-04,Fri,2026-06-07,2026-06-07T13:00,scanner,785.9,557.6,True,1,0.2905
LOT-00776,SUP-A,A,RT-C01,True,INS-06,Wed,2026-06-05,2026-06-05T17:00,scanner,685.9,450.9,True,1,0.3426
LOT-00777,SUP-A,A,RT-C09,True,INS-01,Wed,2026-07-10,2026-07-10T10:00,scanner,1100.9,798.4,True,1,0.2748
LOT-00778,SUP-A,A,RT-N04,False,INS-05,Thu,2026-06-20,2026-06-20T07:00,manual_scale,1004.9,601.7,False,0,0.4012
LOT-00779,SUP-A,A,RT-C02,True,INS-04,Thu,2026-05-04,2026-05-04T06:00,scanner,838.7,521.2,True,1,0.3786
LOT-00780,SUP-A,A,RT-C04,True,INS-07,Sat,2026-05-15,2026-05-15T12:00,scanner,1000.6,728.9,True,1,0.2715
LOT-00781,SUP-A,A,RT-N05,False,INS-01,Tue,2026-07-03,2026-07-03T18:00,manual_scale,866.4,563.0,True,1,0.3502
LOT-00782,SUP-A,A,RT-C07,True,INS-03,Wed,2026-07-16,,broker_memory,,,True,1,
LOT-00783,SUP-A,A,RT-N08,False,INS-01,Thu,2026-07-04,,broker_memory,,,False,0,
LOT-00784,SUP-A,A,RT-C04,True,INS-05,Fri,2026-05-11,2026-05-11T07:00,scanner,888.0,712.8,True,1,0.1973
LOT-00785,SUP-A,A,RT-C06,True,INS-07,Mon,2026-05-24,2026-05-24T07:00,scanner,856.0,672.8,True,1,0.214
LOT-00786,SUP-A,A,RT-C06,True,INS-05,Sat,2026-06-30,2026-06-30T15:00,scanner,918.4,721.7,True,1,0.2142
LOT-00787,SUP-A,A,RT-C04,True,INS-04,Sat,2026-07-07,2026-07-07T15:00,scanner,1015.5,719.1,True,1,0.2919
LOT-00788,SUP-A,A,RT-C06,True,INS-03,Fri,2026-06-29,2026-06-29T09:00,scanner,989.4,607.9,False,0,0.3856
LOT-00789,SUP-A,A,RT-C07,True,INS-04,Tue,2026-06-06,2026-06-06T14:00,scanner,801.0,533.8,True,1,0.3336
LOT-00790,SUP-A,A,RT-C04,True,INS-00,Wed,2026-07-06,2026-07-06T13:00,scanner,1009.9,617.6,True,1,0.3885
LOT-00791,SUP-A,A,RT-C04,True,INS-01,Wed,2026-08-08,2026-08-08T06:00,scanner,977.6,695.9,True,1,0.2882
LOT-00792,SUP-A,A,RT-C06,True,INS-02,Wed,2026-05-08,2026-05-08T08:00,scanner,974.2,696.8,True,1,0.2847
LOT-00793,SUP-A,A,RT-C02,True,INS-05,Tue,2026-05-03,2026-05-03T07:00,scanner,998.4,678.6,True,1,0.3203
LOT-00794,SUP-A,A,RT-C06,True,INS-06,Thu,2026-05-14,2026-05-14T18:00,scanner,949.2,614.4,True,1,0.3527
LOT-00795,SUP-A,A,RT-C02,True,INS-05,Fri,2026-05-01,2026-05-01T15:00,scanner,772.8,611.1,True,1,0.2092
LOT-00796,SUP-A,A,RT-C07,True,INS-02,Mon,2026-07-20,2026-07-20T17:00,scanner,887.4,642.2,True,1,0.2763
LOT-00797,SUP-A,A,RT-N01,False,INS-06,Wed,2026-07-09,,broker_memory,,,False,0,
LOT-00798,SUP-A,A,RT-C08,True,INS-07,Fri,2026-05-10,2026-05-10T06:00,scanner,1038.4,561.8,True,1,0.459
LOT-00799,SUP-A,A,RT-C00,True,INS-06,Tue,2026-06-06,2026-06-06T10:00,scanner,900.8,612.3,True,1,0.3203
LOT-00800,SUP-A,A,RT-C00,True,INS-00,Fri,2026-06-06,2026-06-06T07:00,scanner,880.4,559.7,True,1,0.3643
LOT-00801,SUP-A,A,RT-C08,True,INS-02,Wed,2026-07-31,2026-07-31T12:00,scanner,1168.2,862.4,True,1,0.2618
LOT-00802,SUP-A,A,RT-C03,True,INS-03,Sat,2026-08-05,2026-08-05T08:00,scanner,957.5,637.0,True,1,0.3347
LOT-00803,SUP-A,A,RT-C07,True,INS-01,Fri,2026-08-01,2026-08-01T13:00,scanner,952.1,620.0,True,1,0.3488
LOT-00804,SUP-A,A,RT-C04,True,INS-02,Wed,2026-05-03,,broker_memory,,,True,1,
LOT-00805,SUP-A,A,RT-N03,False,INS-02,Fri,2026-08-01,2026-08-01T11:00,manual_scale,810.2,488.9,True,1,0.3966
LOT-00806,SUP-A,A,RT-N04,False,INS-04,Thu,2026-05-01,2026-05-01T09:00,manual_scale,1167.7,739.4,True,1,0.3668
LOT-00807,SUP-A,A,RT-N03,False,INS-02,Wed,2026-06-20,2026-06-20T07:00,manual_scale,1161.4,764.0,False,0,0.3422
LOT-00808,SUP-A,A,RT-C09,True,INS-03,Fri,2026-05-03,2026-05-03T16:00,scanner,1041.2,749.4,True,1,0.2803
LOT-00809,SUP-A,A,RT-C03,True,INS-02,Wed,2026-07-19,2026-07-19T11:00,scanner,1049.7,739.7,True,1,0.2953
LOT-00810,SUP-A,A,RT-C00,True,INS-02,Wed,2026-06-03,,broker_memory,,,True,1,
LOT-00811,SUP-A,A,RT-C07,True,INS-07,Mon,2026-05-20,2026-05-20T15:00,scanner,1014.6,818.7,True,1,0.1931
LOT-00812,SUP-A,A,RT-C01,True,INS-05,Mon,2026-06-27,2026-06-27T14:00,scanner,849.7,597.3,True,1,0.297
LOT-00813,SUP-A,A,RT-C02,True,INS-01,Thu,2026-06-13,2026-06-13T15:00,scanner,936.6,567.2,True,1,0.3944
LOT-00814,SUP-A,A,RT-C01,True,INS-06,Thu,2026-07-11,2026-07-11T18:00,scanner,832.1,645.6,True,1,0.2241
LOT-00815,SUP-A,A,RT-C04,True,INS-07,Thu,2026-06-14,2026-06-14T14:00,scanner,747.1,444.6,True,1,0.4049
LOT-00816,SUP-A,A,RT-C00,True,INS-01,Fri,2026-05-06,2026-05-06T12:00,scanner,709.1,457.6,True,1,0.3547
LOT-00817,SUP-A,A,RT-C00,True,INS-00,Sat,2026-05-10,2026-05-10T19:00,scanner,1007.7,617.0,True,1,0.3877
LOT-00818,SUP-A,A,RT-C03,True,INS-01,Sat,2026-06-27,,broker_memory,,,False,0,
LOT-00819,SUP-A,A,RT-C00,True,INS-07,Fri,2026-06-12,2026-06-12T07:00,scanner,1178.9,837.8,True,1,0.2893
LOT-00820,SUP-A,A,RT-C05,True,INS-00,Fri,2026-06-19,2026-06-19T12:00,scanner,1049.7,838.8,True,1,0.2009
LOT-00821,SUP-A,A,RT-C09,True,INS-07,Tue,2026-05-03,2026-05-03T09:00,scanner,1056.3,732.5,True,1,0.3065
LOT-00822,SUP-A,A,RT-C05,True,INS-05,Wed,2026-05-03,2026-05-03T07:00,scanner,867.5,608.0,True,1,0.2991
LOT-00823,SUP-A,A,RT-C09,True,INS-05,Fri,2026-06-09,,broker_memory,,,True,1,
LOT-00824,SUP-A,A,RT-N00,False,INS-00,Mon,2026-07-26,,broker_memory,,,False,0,
LOT-00825,SUP-A,A,RT-C09,True,INS-01,Mon,2026-07-17,2026-07-17T13:00,scanner,973.3,705.7,True,1,0.2749
LOT-00826,SUP-A,A,RT-N03,False,INS-01,Mon,2026-06-19,2026-06-19T06:00,manual_scale,916.3,583.5,True,1,0.3632
LOT-00827,SUP-A,A,RT-C00,True,INS-07,Sat,2026-07-13,2026-07-13T14:00,scanner,1044.8,803.0,True,1,0.2314
LOT-00828,SUP-A,A,RT-C08,True,INS-03,Thu,2026-05-22,2026-05-22T18:00,scanner,688.2,437.4,True,1,0.3644
LOT-00829,SUP-A,A,RT-C07,True,INS-01,Fri,2026-07-31,2026-07-31T11:00,scanner,955.4,568.2,True,1,0.4053
LOT-00830,SUP-A,A,RT-C03,True,INS-04,Thu,2026-07-07,2026-07-07T10:00,scanner,848.9,600.2,True,1,0.293
LOT-00831,SUP-A,A,RT-C01,True,INS-00,Fri,2026-06-24,2026-06-24T16:00,scanner,1027.0,827.9,False,0,0.1939
LOT-00832,SUP-A,A,RT-C02,True,INS-07,Fri,2026-05-08,2026-05-08T07:00,scanner,926.9,636.2,True,1,0.3136
LOT-00833,SUP-A,A,RT-C08,True,INS-06,Tue,2026-08-04,2026-08-04T13:00,scanner,981.3,693.5,True,1,0.2933
LOT-00834,SUP-A,A,RT-C01,True,INS-03,Tue,2026-05-13,2026-05-13T06:00,scanner,1070.0,736.0,True,1,0.3121
LOT-00835,SUP-A,A,RT-C05,True,INS-00,Tue,2026-07-12,2026-07-12T10:00,scanner,1003.4,784.7,True,1,0.218
LOT-00836,SUP-A,A,RT-C06,True,INS-01,Sat,2026-05-09,2026-05-09T11:00,scanner,1038.4,781.8,True,1,0.2471
LOT-00837,SUP-A,A,RT-C09,True,INS-04,Mon,2026-05-17,2026-05-17T10:00,scanner,1019.4,818.6,True,1,0.197
LOT-00838,SUP-A,A,RT-C05,True,INS-07,Tue,2026-06-17,,broker_memory,,,True,1,
LOT-00839,SUP-A,A,RT-C09,True,INS-01,Fri,2026-06-17,2026-06-17T13:00,scanner,805.5,528.9,True,1,0.3434
LOT-00840,SUP-A,A,RT-C04,True,INS-00,Tue,2026-06-24,2026-06-24T13:00,scanner,1110.9,837.9,True,1,0.2457
LOT-00841,SUP-A,A,RT-C07,True,INS-03,Fri,2026-05-06,2026-05-06T13:00,scanner,783.7,562.3,True,1,0.2825
LOT-00842,SUP-A,A,RT-C02,True,INS-07,Wed,2026-07-02,2026-07-02T06:00,scanner,870.3,550.4,True,1,0.3676
LOT-00843,SUP-A,A,RT-C04,True,INS-01,Mon,2026-07-21,2026-07-21T09:00,scanner,755.6,541.1,True,1,0.2839
LOT-00844,SUP-A,A,RT-C05,True,INS-02,Tue,2026-06-09,2026-06-09T14:00,scanner,1043.9,607.5,True,1,0.418
LOT-00845,SUP-A,A,RT-C04,True,INS-00,Wed,2026-06-21,2026-06-21T08:00,scanner,989.0,701.2,True,1,0.291
LOT-00846,SUP-A,A,RT-C07,True,INS-07,Wed,2026-06-24,2026-06-24T12:00,scanner,1156.7,797.3,True,1,0.3107
LOT-00847,SUP-A,A,RT-C04,True,INS-00,Fri,2026-06-30,2026-06-30T18:00,scanner,1000.8,626.3,True,1,0.3742
LOT-00848,SUP-A,A,RT-N06,False,INS-04,Sat,2026-06-20,2026-06-20T08:00,manual_scale,1009.3,690.2,True,1,0.3162
LOT-00849,SUP-A,A,RT-C04,True,INS-01,Thu,2026-07-06,2026-07-06T07:00,scanner,1109.3,797.0,True,1,0.2815
LOT-00850,SUP-A,A,RT-C03,True,INS-04,Thu,2026-07-14,2026-07-14T07:00,scanner,674.6,494.0,True,1,0.2677
LOT-00851,SUP-A,A,RT-C00,True,INS-01,Wed,2026-06-25,2026-06-25T11:00,scanner,949.3,610.9,True,1,0.3565
LOT-00852,SUP-A,A,RT-C07,True,INS-01,Tue,2026-05-31,2026-05-31T08:00,scanner,968.8,792.9,True,1,0.1816
LOT-00853,SUP-A,A,RT-C01,True,INS-02,Thu,2026-06-09,2026-06-09T17:00,scanner,950.5,650.1,True,1,0.316
LOT-00854,SUP-A,A,RT-C07,True,INS-06,Mon,2026-07-03,2026-07-03T18:00,scanner,884.0,586.8,True,1,0.3362
LOT-00855,SUP-A,A,RT-C07,True,INS-04,Thu,2026-05-25,2026-05-25T09:00,scanner,911.0,619.8,True,1,0.3196
LOT-00856,SUP-A,A,RT-C02,True,INS-01,Sat,2026-06-01,2026-06-01T13:00,scanner,986.9,560.8,True,1,0.4318
LOT-00857,SUP-A,A,RT-C08,True,INS-00,Fri,2026-06-29,2026-06-29T06:00,scanner,782.6,605.1,True,1,0.2268
LOT-00858,SUP-A,A,RT-C01,True,INS-03,Wed,2026-07-15,2026-07-15T18:00,scanner,868.7,524.3,True,1,0.3965
LOT-00859,SUP-A,A,RT-C03,True,INS-01,Thu,2026-06-17,2026-06-17T15:00,scanner,883.3,663.3,True,1,0.2491
LOT-00860,SUP-A,A,RT-C02,True,INS-02,Sat,2026-05-31,2026-05-31T06:00,scanner,1048.4,752.2,True,1,0.2825
LOT-00861,SUP-A,A,RT-C03,True,INS-03,Mon,2026-06-17,2026-06-17T14:00,scanner,813.5,599.4,True,1,0.2632
LOT-00862,SUP-A,A,RT-C07,True,INS-00,Tue,2026-06-24,2026-06-24T17:00,scanner,899.7,621.0,True,1,0.3098
LOT-00863,SUP-A,A,RT-C02,True,INS-04,Fri,2026-07-28,2026-07-28T14:00,scanner,1066.1,664.9,True,1,0.3763
LOT-00864,SUP-A,A,RT-C05,True,INS-02,Mon,2026-05-07,2026-05-07T16:00,scanner,1149.4,778.6,True,1,0.3226
LOT-00865,SUP-A,A,RT-C04,True,INS-05,Wed,2026-06-16,,broker_memory,,,True,1,
LOT-00866,SUP-A,A,RT-C09,True,INS-01,Mon,2026-07-08,2026-07-08T08:00,scanner,958.2,669.1,True,1,0.3017
LOT-00867,SUP-A,A,RT-C00,True,INS-07,Tue,2026-07-29,2026-07-29T13:00,scanner,868.4,579.8,True,1,0.3323
LOT-00868,SUP-A,A,RT-C09,True,INS-00,Wed,2026-06-15,2026-06-15T15:00,scanner,940.1,622.4,True,1,0.3379
LOT-00869,SUP-A,A,RT-C01,True,INS-06,Sat,2026-07-05,2026-07-05T12:00,scanner,916.0,715.3,True,1,0.2191
LOT-00870,SUP-A,A,RT-C06,True,INS-03,Mon,2026-06-04,2026-06-04T12:00,scanner,1013.4,657.1,True,1,0.3516
LOT-00871,SUP-A,A,RT-N07,False,INS-02,Thu,2026-08-02,2026-08-02T18:00,manual_scale,1074.0,779.7,False,0,0.274
LOT-00872,SUP-A,A,RT-C00,True,INS-07,Mon,2026-07-26,2026-07-26T18:00,scanner,926.8,671.9,True,1,0.275
LOT-00873,SUP-A,A,RT-C06,True,INS-00,Mon,2026-07-16,2026-07-16T14:00,scanner,876.7,571.9,True,1,0.3477
LOT-00874,SUP-A,A,RT-N00,False,INS-06,Thu,2026-05-13,2026-05-13T14:00,manual_scale,1265.0,766.1,True,1,0.3944
LOT-00875,SUP-A,A,RT-C00,True,INS-04,Mon,2026-06-16,2026-06-16T12:00,scanner,1274.6,857.3,True,1,0.3274
LOT-00876,SUP-A,A,RT-C09,True,INS-02,Thu,2026-05-30,2026-05-30T18:00,scanner,963.3,698.7,True,1,0.2747
LOT-00877,SUP-A,A,RT-C06,True,INS-07,Sat,2026-08-01,2026-08-01T12:00,scanner,1263.3,799.1,True,1,0.3675
LOT-00878,SUP-A,A,RT-C01,True,INS-02,Sat,2026-06-24,,broker_memory,,,True,1,
LOT-00879,SUP-A,A,RT-C04,True,INS-01,Fri,2026-05-20,2026-05-20T08:00,scanner,1199.6,1006.9,True,1,0.1606
LOT-00880,SUP-A,A,RT-N09,False,INS-02,Sat,2026-08-07,,broker_memory,,,True,1,
LOT-00881,SUP-A,A,RT-C04,True,INS-05,Tue,2026-06-28,2026-06-28T13:00,scanner,925.5,646.8,True,1,0.3011
LOT-00882,SUP-A,A,RT-C08,True,INS-02,Fri,2026-05-01,2026-05-01T19:00,scanner,1009.8,810.6,True,1,0.1973
LOT-00883,SUP-A,A,RT-N00,False,INS-04,Tue,2026-05-08,2026-05-08T10:00,manual_scale,1090.0,780.9,False,0,0.2836
LOT-00884,SUP-A,A,RT-C04,True,INS-07,Mon,2026-05-30,2026-05-30T17:00,scanner,943.4,704.5,True,1,0.2532
LOT-00885,SUP-A,A,RT-N00,False,INS-05,Fri,2026-07-16,2026-07-16T07:00,manual_scale,1020.7,789.0,False,0,0.227
LOT-00886,SUP-A,A,RT-C00,True,INS-04,Mon,2026-07-23,2026-07-23T13:00,scanner,901.3,466.0,True,1,0.483
LOT-00887,SUP-A,A,RT-C04,True,INS-03,Thu,2026-07-22,2026-07-22T08:00,scanner,1058.5,720.1,True,1,0.3197
LOT-00888,SUP-A,A,RT-N06,False,INS-04,Thu,2026-05-17,,broker_memory,,,False,0,
LOT-00889,SUP-A,A,RT-C02,True,INS-05,Sat,2026-05-22,2026-05-22T17:00,scanner,906.0,617.6,True,1,0.3183
LOT-00890,SUP-A,A,RT-C09,True,INS-06,Tue,2026-06-05,2026-06-05T13:00,scanner,905.4,596.9,True,1,0.3407
LOT-00891,SUP-A,A,RT-C03,True,INS-00,Fri,2026-07-14,2026-07-14T14:00,scanner,1035.4,725.1,True,1,0.2997
LOT-00892,SUP-A,A,RT-C08,True,INS-04,Mon,2026-07-01,2026-07-01T10:00,scanner,758.3,527.0,True,1,0.305
LOT-00893,SUP-A,A,RT-C05,True,INS-00,Wed,2026-07-12,2026-07-12T08:00,scanner,925.4,558.9,True,1,0.396
LOT-00894,SUP-A,A,RT-C09,True,INS-00,Tue,2026-05-18,2026-05-18T11:00,scanner,812.4,599.1,False,0,0.2626
LOT-00895,SUP-A,A,RT-C06,True,INS-04,Wed,2026-06-06,2026-06-06T09:00,scanner,754.0,470.3,True,1,0.3763
LOT-00896,SUP-A,A,RT-C07,True,INS-06,Tue,2026-06-12,2026-06-12T08:00,scanner,1173.3,824.3,True,1,0.2975
LOT-00897,SUP-A,A,RT-N09,False,INS-05,Thu,2026-05-09,,broker_memory,,,False,0,
LOT-00898,SUP-A,A,RT-C02,True,INS-01,Fri,2026-07-04,2026-07-04T11:00,scanner,972.8,595.7,True,1,0.3876
LOT-00899,SUP-A,A,RT-C03,True,INS-01,Fri,2026-05-10,2026-05-10T10:00,scanner,955.4,610.7,True,1,0.3608
LOT-00900,SUP-A,A,RT-C00,True,INS-05,Fri,2026-06-28,2026-06-28T13:00,scanner,934.0,521.1,True,1,0.4421
LOT-00901,SUP-A,A,RT-C08,True,INS-07,Fri,2026-08-08,2026-08-08T06:00,scanner,1118.8,770.7,True,1,0.3111
LOT-00902,SUP-A,A,RT-C02,True,INS-03,Tue,2026-05-21,2026-05-21T09:00,scanner,841.6,520.4,True,1,0.3817
LOT-00903,SUP-A,A,RT-C07,True,INS-07,Tue,2026-06-23,2026-06-23T15:00,scanner,984.0,658.2,True,1,0.3311
LOT-00904,SUP-A,A,RT-C06,True,INS-05,Thu,2026-05-25,2026-05-25T16:00,scanner,1008.5,677.4,False,0,0.3283
LOT-00905,SUP-A,A,RT-C03,True,INS-06,Thu,2026-06-23,2026-06-23T07:00,scanner,822.3,573.0,True,1,0.3032
LOT-00906,SUP-A,A,RT-C08,True,INS-01,Tue,2026-07-09,2026-07-09T16:00,scanner,1225.5,892.0,True,1,0.2721
LOT-00907,SUP-A,A,RT-C06,True,INS-06,Mon,2026-05-01,2026-05-01T09:00,scanner,812.4,519.0,True,1,0.3612
LOT-00908,SUP-A,A,RT-C00,True,INS-07,Fri,2026-07-19,,broker_memory,,,True,1,
LOT-00909,SUP-A,A,RT-C06,True,INS-03,Thu,2026-06-07,2026-06-07T15:00,scanner,953.9,604.7,True,1,0.3661
LOT-00910,SUP-A,A,RT-C05,True,INS-05,Mon,2026-06-10,2026-06-10T15:00,scanner,809.0,492.3,True,1,0.3915
LOT-00911,SUP-A,A,RT-C09,True,INS-00,Tue,2026-05-20,2026-05-20T07:00,scanner,1081.2,768.7,True,1,0.289
LOT-00912,SUP-A,A,RT-C03,True,INS-01,Thu,2026-05-18,2026-05-18T14:00,scanner,1106.7,877.7,True,1,0.2069
LOT-00913,SUP-A,A,RT-C01,True,INS-06,Sat,2026-06-24,,broker_memory,,,True,1,
LOT-00914,SUP-A,A,RT-N09,False,INS-00,Thu,2026-07-23,2026-07-23T15:00,manual_scale,1043.9,743.8,True,1,0.2875
LOT-00915,SUP-A,A,RT-C07,True,INS-05,Tue,2026-08-07,2026-08-07T15:00,scanner,1059.5,781.7,True,1,0.2622
LOT-00916,SUP-A,A,RT-N04,False,INS-05,Mon,2026-08-02,,broker_memory,,,True,1,
LOT-00917,SUP-A,A,RT-C03,True,INS-03,Sat,2026-06-30,2026-06-30T13:00,scanner,1138.5,855.0,True,1,0.249
LOT-00918,SUP-A,A,RT-C07,True,INS-07,Tue,2026-07-15,2026-07-15T19:00,scanner,1028.8,596.7,True,1,0.42
LOT-00919,SUP-A,A,RT-C09,True,INS-03,Tue,2026-05-07,2026-05-07T10:00,scanner,1178.0,865.0,True,1,0.2657
LOT-00920,SUP-A,A,RT-N04,False,INS-07,Wed,2026-06-23,2026-06-23T11:00,manual_scale,1146.2,732.5,False,0,0.3609
LOT-00921,SUP-A,A,RT-N06,False,INS-00,Fri,2026-07-31,,broker_memory,,,False,0,
LOT-00922,SUP-A,A,RT-C03,True,INS-00,Mon,2026-07-14,2026-07-14T06:00,scanner,889.2,611.6,True,1,0.3122
LOT-00923,SUP-A,A,RT-C08,True,INS-03,Fri,2026-05-02,,broker_memory,,,True,1,
LOT-00924,SUP-A,A,RT-N09,False,INS-05,Tue,2026-08-04,2026-08-04T07:00,manual_scale,806.4,514.9,True,1,0.3615
LOT-00925,SUP-A,A,RT-C04,True,INS-07,Mon,2026-05-13,2026-05-13T15:00,scanner,1105.0,719.2,True,1,0.3491
LOT-00926,SUP-A,A,RT-C02,True,INS-03,Wed,2026-05-05,2026-05-05T11:00,scanner,969.6,683.0,True,1,0.2956
LOT-00927,SUP-A,A,RT-C01,True,INS-02,Tue,2026-06-23,2026-06-23T14:00,scanner,981.2,633.6,True,1,0.3543
LOT-00928,SUP-A,A,RT-C02,True,INS-02,Thu,2026-06-03,2026-06-03T07:00,scanner,1001.5,650.2,True,1,0.3508
LOT-00929,SUP-A,A,RT-C03,True,INS-06,Sat,2026-05-28,2026-05-28T14:00,scanner,1045.8,773.8,True,1,0.2601
LOT-00930,SUP-A,A,RT-C06,True,INS-06,Tue,2026-07-31,2026-07-31T15:00,scanner,874.7,632.0,True,1,0.2775
LOT-00931,SUP-A,A,RT-C01,True,INS-07,Thu,2026-06-03,2026-06-03T19:00,scanner,898.9,600.0,True,1,0.3325
LOT-00932,SUP-A,A,RT-C01,True,INS-00,Tue,2026-05-27,2026-05-27T17:00,scanner,887.5,616.6,True,1,0.3052
LOT-00933,SUP-A,A,RT-N00,False,INS-06,Mon,2026-06-16,2026-06-16T09:00,manual_scale,952.0,616.4,True,1,0.3525
LOT-00934,SUP-A,A,RT-C06,True,INS-04,Mon,2026-07-23,2026-07-23T19:00,scanner,1052.0,784.9,True,1,0.2539
LOT-00935,SUP-A,A,RT-C04,True,INS-05,Tue,2026-05-12,2026-05-12T09:00,scanner,1130.7,739.9,True,1,0.3456
LOT-00936,SUP-A,A,RT-C07,True,INS-02,Wed,2026-06-27,2026-06-27T12:00,scanner,769.2,476.1,True,1,0.381
LOT-00937,SUP-A,A,RT-C08,True,INS-06,Tue,2026-05-24,2026-05-24T18:00,scanner,962.0,704.3,True,1,0.2679
LOT-00938,SUP-A,A,RT-C08,True,INS-07,Mon,2026-07-02,2026-07-02T16:00,scanner,817.0,594.5,True,1,0.2723
LOT-00939,SUP-A,A,RT-C07,True,INS-06,Sat,2026-08-07,2026-08-07T14:00,scanner,1095.4,929.3,True,1,0.1516
LOT-00940,SUP-A,A,RT-C01,True,INS-00,Wed,2026-05-12,2026-05-12T07:00,scanner,867.8,597.1,True,1,0.3119
LOT-00941,SUP-A,A,RT-C06,True,INS-06,Wed,2026-05-17,2026-05-17T08:00,scanner,990.7,610.4,True,1,0.3839
LOT-00942,SUP-A,A,RT-C07,True,INS-01,Thu,2026-08-05,2026-08-05T06:00,scanner,763.6,595.8,True,1,0.2197
LOT-00943,SUP-A,A,RT-C03,True,INS-04,Wed,2026-08-06,2026-08-06T18:00,scanner,1005.0,685.1,True,1,0.3183
LOT-00944,SUP-A,A,RT-N03,False,INS-02,Thu,2026-08-01,2026-08-01T11:00,manual_scale,1024.9,721.8,True,1,0.2957
LOT-00945,SUP-A,A,RT-C06,True,INS-07,Wed,2026-05-24,2026-05-24T11:00,scanner,1037.9,698.1,True,1,0.3274
LOT-00946,SUP-A,A,RT-C08,True,INS-01,Fri,2026-05-04,,broker_memory,,,True,1,
LOT-00947,SUP-A,A,RT-C07,True,INS-06,Fri,2026-05-23,2026-05-23T09:00,scanner,1096.9,684.3,True,1,0.3762
LOT-00948,SUP-A,A,RT-N04,False,INS-02,Wed,2026-07-08,2026-07-08T12:00,manual_scale,1033.1,735.5,True,1,0.2881
LOT-00949,SUP-A,A,RT-N08,False,INS-00,Tue,2026-06-22,2026-06-22T19:00,manual_scale,767.0,525.2,True,1,0.3153
LOT-00950,SUP-A,A,RT-C04,True,INS-03,Fri,2026-05-14,,broker_memory,,,True,1,
LOT-00951,SUP-A,A,RT-C08,True,INS-02,Fri,2026-07-07,,broker_memory,,,True,1,
LOT-00952,SUP-A,A,RT-C08,True,INS-04,Tue,2026-05-07,,broker_memory,,,True,1,
LOT-00953,SUP-A,A,RT-C07,True,INS-03,Fri,2026-06-12,2026-06-12T14:00,scanner,909.6,579.7,True,1,0.3627
LOT-00954,SUP-A,A,RT-C05,True,INS-02,Tue,2026-05-08,2026-05-08T19:00,scanner,1250.0,940.7,True,1,0.2474
LOT-00955,SUP-A,A,RT-C05,True,INS-02,Sat,2026-06-10,2026-06-10T19:00,scanner,952.0,653.1,True,1,0.314
LOT-00956,SUP-A,A,RT-C04,True,INS-06,Wed,2026-05-22,2026-05-22T07:00,scanner,1078.3,717.8,True,1,0.3343
LOT-00957,SUP-A,A,RT-C01,True,INS-01,Thu,2026-05-09,2026-05-09T10:00,scanner,750.5,477.0,True,1,0.3644
LOT-00958,SUP-A,A,RT-C02,True,INS-02,Fri,2026-06-23,2026-06-23T07:00,scanner,1148.8,835.3,True,1,0.2729
LOT-00959,SUP-A,A,RT-C07,True,INS-05,Wed,2026-06-10,2026-06-10T09:00,scanner,1108.8,736.7,True,1,0.3356
LOT-00960,SUP-A,A,RT-C07,True,INS-07,Mon,2026-07-02,2026-07-02T14:00,scanner,883.8,464.5,True,1,0.4744
LOT-00961,SUP-A,A,RT-C02,True,INS-06,Sat,2026-05-05,2026-05-05T18:00,scanner,1028.4,713.3,False,0,0.3064
LOT-00962,SUP-A,A,RT-C01,True,INS-02,Fri,2026-06-28,2026-06-28T16:00,scanner,1026.3,696.8,True,1,0.3211
LOT-00963,SUP-A,A,RT-N06,False,INS-03,Sat,2026-07-24,,broker_memory,,,True,1,
LOT-00964,SUP-A,A,RT-C07,True,INS-00,Fri,2026-07-26,2026-07-26T12:00,scanner,699.1,533.1,False,0,0.2374
LOT-00965,SUP-A,A,RT-C08,True,INS-02,Sat,2026-07-18,2026-07-18T07:00,scanner,945.9,631.2,True,1,0.3327
LOT-00966,SUP-A,A,RT-C08,True,INS-01,Tue,2026-05-14,,broker_memory,,,True,1,
LOT-00967,SUP-A,A,RT-C08,True,INS-04,Wed,2026-07-10,2026-07-10T13:00,scanner,700.5,490.2,True,1,0.3002
LOT-00968,SUP-A,A,RT-C03,True,INS-02,Fri,2026-06-26,2026-06-26T11:00,scanner,846.5,556.9,True,1,0.3421
LOT-00969,SUP-A,A,RT-C02,True,INS-03,Tue,2026-05-05,2026-05-05T14:00,scanner,882.5,648.1,True,1,0.2656
LOT-00970,SUP-A,A,RT-C06,True,INS-07,Fri,2026-06-30,,broker_memory,,,True,1,
LOT-00971,SUP-A,A,RT-C08,True,INS-06,Fri,2026-05-16,2026-05-16T14:00,scanner,1055.2,749.0,True,1,0.2902
LOT-00972,SUP-A,A,RT-C04,True,INS-07,Sat,2026-07-06,2026-07-06T06:00,scanner,958.3,670.9,True,1,0.2999
LOT-00973,SUP-A,A,RT-C00,True,INS-00,Tue,2026-06-20,2026-06-20T17:00,scanner,926.8,619.9,True,1,0.3311
LOT-00974,SUP-A,A,RT-C00,True,INS-04,Sat,2026-05-29,2026-05-29T14:00,scanner,1000.7,747.5,True,1,0.253
LOT-00975,SUP-A,A,RT-C00,True,INS-04,Fri,2026-05-06,2026-05-06T13:00,scanner,803.2,549.1,True,1,0.3164
LOT-00976,SUP-A,A,RT-C02,True,INS-06,Sat,2026-05-05,2026-05-05T08:00,scanner,969.9,650.0,True,1,0.3298
LOT-00977,SUP-A,A,RT-C09,True,INS-00,Wed,2026-05-28,2026-05-28T07:00,scanner,967.9,625.4,True,1,0.3539
LOT-00978,SUP-A,A,RT-C00,True,INS-07,Tue,2026-06-25,2026-06-25T13:00,scanner,729.7,523.1,True,1,0.2831
LOT-00979,SUP-A,A,RT-C07,True,INS-00,Mon,2026-06-16,2026-06-16T14:00,scanner,1100.8,792.1,True,1,0.2804
LOT-00980,SUP-A,A,RT-N02,False,INS-06,Thu,2026-05-11,2026-05-11T14:00,manual_scale,989.1,695.9,False,0,0.2964
LOT-00981,SUP-A,A,RT-C07,True,INS-06,Tue,2026-05-29,2026-05-29T18:00,scanner,964.0,702.8,True,1,0.271
LOT-00982,SUP-A,A,RT-C06,True,INS-06,Sat,2026-08-04,2026-08-04T16:00,scanner,965.4,730.2,True,1,0.2436
LOT-00983,SUP-A,A,RT-C01,True,INS-00,Thu,2026-06-25,2026-06-25T17:00,scanner,1171.9,644.2,True,1,0.4503
LOT-00984,SUP-A,A,RT-C08,True,INS-02,Wed,2026-07-13,2026-07-13T18:00,scanner,888.2,688.2,True,1,0.2252
LOT-00985,SUP-A,A,RT-C02,True,INS-05,Fri,2026-06-13,2026-06-13T06:00,scanner,1024.1,701.9,True,1,0.3146
LOT-00986,SUP-A,A,RT-C02,True,INS-00,Sat,2026-07-26,2026-07-26T07:00,scanner,742.5,546.4,True,1,0.2641
LOT-00987,SUP-A,A,RT-C02,True,INS-00,Wed,2026-06-10,2026-06-10T18:00,scanner,989.5,683.2,True,1,0.3096
LOT-00988,SUP-A,A,RT-C07,True,INS-02,Mon,2026-07-17,2026-07-17T14:00,scanner,867.7,589.9,True,1,0.3202
LOT-00989,SUP-A,A,RT-C08,True,INS-05,Sat,2026-07-16,2026-07-16T08:00,scanner,809.1,564.0,True,1,0.3029
LOT-00990,SUP-A,A,RT-C09,True,INS-07,Wed,2026-06-26,2026-06-26T14:00,scanner,1147.1,753.7,True,1,0.343
LOT-00991,SUP-A,A,RT-N08,False,INS-03,Sat,2026-05-10,2026-05-10T07:00,manual_scale,1081.8,793.7,False,0,0.2663
LOT-00992,SUP-A,A,RT-C08,True,INS-04,Fri,2026-06-03,2026-06-03T08:00,scanner,770.6,576.7,True,1,0.2516
LOT-00993,SUP-A,A,RT-C01,True,INS-05,Sat,2026-05-20,2026-05-20T18:00,scanner,794.0,534.0,True,1,0.3275
LOT-00994,SUP-A,A,RT-C02,True,INS-03,Sat,2026-07-03,2026-07-03T16:00,scanner,895.1,647.2,True,1,0.277
LOT-00995,SUP-A,A,RT-C04,True,INS-00,Sat,2026-08-08,2026-08-08T16:00,scanner,790.9,538.9,True,1,0.3186
LOT-00996,SUP-A,A,RT-C06,True,INS-06,Fri,2026-05-08,2026-05-08T17:00,scanner,1122.4,853.6,True,1,0.2395
LOT-00997,SUP-A,A,RT-C08,True,INS-04,Wed,2026-08-06,2026-08-06T10:00,scanner,902.5,661.6,True,1,0.2669
LOT-00998,SUP-A,A,RT-C03,True,INS-01,Wed,2026-05-07,2026-05-07T17:00,scanner,1062.8,719.6,True,1,0.3229
LOT-00999,SUP-A,A,RT-C08,True,INS-02,Fri,2026-07-14,2026-07-14T18:00,scanner,839.8,579.3,True,1,0.3102
LOT-01000,SUP-A,A,RT-C06,True,INS-07,Wed,2026-06-24,2026-06-24T14:00,scanner,1134.5,863.2,True,1,0.2391
LOT-01001,SUP-B,B,RT-N06,False,INS-04,Sat,2026-06-02,2026-06-02T12:00,manual_scale,1028.2,769.7,True,1,0.2514
LOT-01002,SUP-B,B,RT-N05,False,INS-07,Tue,2026-05-04,2026-05-04T10:00,manual_scale,926.9,617.0,True,1,0.3343
LOT-01003,SUP-B,B,RT-N00,False,INS-03,Fri,2026-05-06,2026-05-06T09:00,manual_scale,754.1,499.8,True,1,0.3372
LOT-01004,SUP-B,B,RT-N02,False,INS-03,Wed,2026-05-11,,broker_memory,,,False,0,
LOT-01005,SUP-B,B,RT-N05,False,INS-05,Mon,2026-07-25,,broker_memory,,,True,1,
LOT-01006,SUP-B,B,RT-N01,False,INS-07,Wed,2026-06-03,2026-06-03T11:00,manual_scale,875.9,702.9,False,0,0.1975
LOT-01007,SUP-B,B,RT-N01,False,INS-03,Tue,2026-06-20,,broker_memory,,,True,1,
LOT-01008,SUP-B,B,RT-N09,False,INS-07,Wed,2026-05-23,2026-05-23T09:00,manual_scale,938.3,682.4,True,1,0.2727
LOT-01009,SUP-B,B,RT-C09,True,INS-02,Thu,2026-05-03,2026-05-03T14:00,scanner,756.9,600.6,True,1,0.2065
LOT-01010,SUP-B,B,RT-N06,False,INS-00,Thu,2026-07-10,2026-07-10T08:00,manual_scale,1161.2,716.4,False,0,0.3831
LOT-01011,SUP-B,B,RT-N07,False,INS-03,Tue,2026-07-06,2026-07-06T11:00,manual_scale,1050.3,727.8,True,1,0.3071
LOT-01012,SUP-B,B,RT-N03,False,INS-07,Thu,2026-07-04,,broker_memory,,,True,1,
LOT-01013,SUP-B,B,RT-N08,False,INS-07,Wed,2026-05-08,,broker_memory,,,True,1,
LOT-01014,SUP-B,B,RT-N09,False,INS-06,Mon,2026-05-10,,broker_memory,,,True,1,
LOT-01015,SUP-B,B,RT-N04,False,INS-02,Sat,2026-05-17,,broker_memory,,,False,0,
LOT-01016,SUP-B,B,RT-N08,False,INS-02,Tue,2026-07-03,,broker_memory,,,False,0,
LOT-01017,SUP-B,B,RT-N02,False,INS-06,Thu,2026-05-05,2026-05-05T11:00,manual_scale,1091.5,724.9,True,1,0.3359
LOT-01018,SUP-B,B,RT-N01,False,INS-03,Tue,2026-06-20,2026-06-20T08:00,manual_scale,944.9,690.4,True,1,0.2693
LOT-01019,SUP-B,B,RT-N07,False,INS-04,Wed,2026-05-30,,broker_memory,,,True,1,
LOT-01020,SUP-B,B,RT-N04,False,INS-04,Thu,2026-07-06,,broker_memory,,,True,1,
LOT-01021,SUP-B,B,RT-N04,False,INS-00,Thu,2026-07-05,,broker_memory,,,True,1,
LOT-01022,SUP-B,B,RT-N05,False,INS-06,Tue,2026-07-24,,broker_memory,,,False,0,
LOT-01023,SUP-B,B,RT-C02,True,INS-04,Sat,2026-07-10,2026-07-10T17:00,scanner,1039.0,685.0,False,0,0.3407
LOT-01024,SUP-B,B,RT-N05,False,INS-05,Mon,2026-06-30,,broker_memory,,,True,1,
LOT-01025,SUP-B,B,RT-C00,True,INS-04,Tue,2026-06-10,2026-06-10T10:00,scanner,1089.8,759.6,True,1,0.303
LOT-01026,SUP-B,B,RT-N03,False,INS-00,Sat,2026-07-06,,broker_memory,,,True,1,
LOT-01027,SUP-B,B,RT-N07,False,INS-05,Thu,2026-06-19,2026-06-19T09:00,manual_scale,969.0,679.7,True,1,0.2986
LOT-01028,SUP-B,B,RT-C06,True,INS-07,Mon,2026-07-25,2026-07-25T07:00,scanner,1030.4,692.7,True,1,0.3277
LOT-01029,SUP-B,B,RT-C02,True,INS-07,Sat,2026-07-15,2026-07-15T18:00,scanner,1012.7,707.6,True,1,0.3013
LOT-01030,SUP-B,B,RT-C01,True,INS-01,Sat,2026-07-04,2026-07-04T11:00,scanner,960.9,664.9,True,1,0.308
LOT-01031,SUP-B,B,RT-C01,True,INS-03,Wed,2026-05-24,2026-05-24T06:00,scanner,1163.2,815.6,True,1,0.2988
LOT-01032,SUP-B,B,RT-N05,False,INS-05,Tue,2026-05-08,,broker_memory,,,True,1,
LOT-01033,SUP-B,B,RT-N02,False,INS-01,Mon,2026-07-19,,broker_memory,,,True,1,
LOT-01034,SUP-B,B,RT-N03,False,INS-03,Fri,2026-05-16,2026-05-16T17:00,manual_scale,934.4,737.0,True,1,0.2113
LOT-01035,SUP-B,B,RT-N08,False,INS-01,Thu,2026-08-03,,broker_memory,,,True,1,
LOT-01036,SUP-B,B,RT-N04,False,INS-04,Mon,2026-05-24,2026-05-24T19:00,manual_scale,1115.2,750.8,False,0,0.3268
LOT-01037,SUP-B,B,RT-N03,False,INS-01,Mon,2026-06-10,,broker_memory,,,False,0,
LOT-01038,SUP-B,B,RT-N04,False,INS-04,Wed,2026-07-30,,broker_memory,,,True,1,
LOT-01039,SUP-B,B,RT-N03,False,INS-06,Thu,2026-07-25,2026-07-25T17:00,manual_scale,918.0,620.4,True,1,0.3242
LOT-01040,SUP-B,B,RT-N06,False,INS-07,Wed,2026-05-31,,broker_memory,,,True,1,
LOT-01041,SUP-B,B,RT-C09,True,INS-04,Tue,2026-06-08,2026-06-08T07:00,scanner,1005.6,642.9,True,1,0.3607
LOT-01042,SUP-B,B,RT-N03,False,INS-04,Sat,2026-08-05,,broker_memory,,,False,0,
LOT-01043,SUP-B,B,RT-C07,True,INS-07,Sat,2026-06-07,2026-06-07T06:00,scanner,1063.7,650.7,True,1,0.3883
LOT-01044,SUP-B,B,RT-C06,True,INS-07,Tue,2026-05-16,2026-05-16T18:00,scanner,956.4,611.5,True,1,0.3606
LOT-01045,SUP-B,B,RT-N05,False,INS-03,Thu,2026-05-29,,broker_memory,,,False,0,
LOT-01046,SUP-B,B,RT-N00,False,INS-03,Fri,2026-07-09,2026-07-09T06:00,manual_scale,876.9,674.5,True,1,0.2308
LOT-01047,SUP-B,B,RT-N05,False,INS-01,Sat,2026-05-14,2026-05-14T19:00,manual_scale,1172.8,620.8,True,1,0.4707
LOT-01048,SUP-B,B,RT-N01,False,INS-01,Wed,2026-05-14,,broker_memory,,,False,0,
LOT-01049,SUP-B,B,RT-N07,False,INS-07,Sat,2026-07-02,2026-07-02T10:00,manual_scale,870.1,581.8,False,0,0.3313
LOT-01050,SUP-B,B,RT-N05,False,INS-03,Sat,2026-06-21,,broker_memory,,,True,1,
LOT-01051,SUP-B,B,RT-N01,False,INS-07,Tue,2026-07-16,2026-07-16T16:00,manual_scale,923.8,584.2,False,0,0.3676
LOT-01052,SUP-B,B,RT-N07,False,INS-02,Fri,2026-06-15,2026-06-15T13:00,manual_scale,878.0,661.4,True,1,0.2467
LOT-01053,SUP-B,B,RT-N04,False,INS-07,Tue,2026-05-06,2026-05-06T10:00,manual_scale,789.3,560.7,True,1,0.2896
LOT-01054,SUP-B,B,RT-N04,False,INS-05,Mon,2026-06-18,,broker_memory,,,False,0,
LOT-01055,SUP-B,B,RT-N06,False,INS-03,Thu,2026-06-26,,broker_memory,,,True,1,
LOT-01056,SUP-B,B,RT-N04,False,INS-04,Mon,2026-08-06,2026-08-06T14:00,manual_scale,821.7,479.3,False,0,0.4167
LOT-01057,SUP-B,B,RT-N02,False,INS-02,Mon,2026-07-18,2026-07-18T09:00,manual_scale,787.8,520.1,True,1,0.3398
LOT-01058,SUP-B,B,RT-N05,False,INS-05,Wed,2026-06-22,,broker_memory,,,False,0,
LOT-01059,SUP-B,B,RT-N04,False,INS-02,Mon,2026-06-23,2026-06-23T18:00,manual_scale,900.9,607.5,True,1,0.3257
LOT-01060,SUP-B,B,RT-N08,False,INS-03,Fri,2026-05-01,2026-05-01T16:00,manual_scale,920.3,610.5,True,1,0.3366
LOT-01061,SUP-B,B,RT-N05,False,INS-07,Wed,2026-08-07,,broker_memory,,,True,1,
LOT-01062,SUP-B,B,RT-N03,False,INS-04,Mon,2026-05-07,2026-05-07T12:00,manual_scale,776.6,576.8,True,1,0.2573
LOT-01063,SUP-B,B,RT-N09,False,INS-00,Fri,2026-05-25,,broker_memory,,,True,1,
LOT-01064,SUP-B,B,RT-N02,False,INS-07,Fri,2026-05-07,2026-05-07T07:00,manual_scale,916.7,517.2,False,0,0.4358
LOT-01065,SUP-B,B,RT-N00,False,INS-07,Sat,2026-06-03,2026-06-03T13:00,manual_scale,933.1,591.1,False,0,0.3665
LOT-01066,SUP-B,B,RT-N02,False,INS-06,Sat,2026-05-30,,broker_memory,,,True,1,
LOT-01067,SUP-B,B,RT-N08,False,INS-06,Fri,2026-05-10,,broker_memory,,,False,0,
LOT-01068,SUP-B,B,RT-N02,False,INS-03,Sat,2026-06-25,2026-06-25T07:00,manual_scale,958.4,590.1,True,1,0.3843
LOT-01069,SUP-B,B,RT-N09,False,INS-02,Mon,2026-07-31,2026-07-31T16:00,manual_scale,1054.0,648.5,True,1,0.3847
LOT-01070,SUP-B,B,RT-N02,False,INS-02,Fri,2026-05-29,,broker_memory,,,False,0,
LOT-01071,SUP-B,B,RT-C09,True,INS-02,Wed,2026-06-26,2026-06-26T12:00,scanner,806.7,546.1,True,1,0.323
LOT-01072,SUP-B,B,RT-N01,False,INS-00,Mon,2026-07-23,,broker_memory,,,True,1,
LOT-01073,SUP-B,B,RT-C07,True,INS-06,Sat,2026-07-03,2026-07-03T12:00,scanner,754.7,507.7,True,1,0.3273
LOT-01074,SUP-B,B,RT-N05,False,INS-07,Tue,2026-07-26,,broker_memory,,,True,1,
LOT-01075,SUP-B,B,RT-C03,True,INS-00,Wed,2026-06-24,2026-06-24T17:00,scanner,801.4,487.8,True,1,0.3913
LOT-01076,SUP-B,B,RT-N08,False,INS-06,Mon,2026-06-15,,broker_memory,,,False,0,
LOT-01077,SUP-B,B,RT-N00,False,INS-00,Sat,2026-08-03,,broker_memory,,,True,1,
LOT-01078,SUP-B,B,RT-N02,False,INS-04,Wed,2026-06-21,2026-06-21T08:00,manual_scale,982.3,695.2,True,1,0.2923
LOT-01079,SUP-B,B,RT-N04,False,INS-06,Sat,2026-05-07,2026-05-07T15:00,manual_scale,901.0,680.8,False,0,0.2444
LOT-01080,SUP-B,B,RT-N07,False,INS-00,Tue,2026-07-05,2026-07-05T12:00,manual_scale,766.0,616.9,True,1,0.1946
LOT-01081,SUP-B,B,RT-N05,False,INS-04,Sat,2026-05-16,2026-05-16T13:00,manual_scale,917.5,690.9,False,0,0.247
LOT-01082,SUP-B,B,RT-N08,False,INS-04,Thu,2026-06-13,,broker_memory,,,True,1,
LOT-01083,SUP-B,B,RT-N06,False,INS-00,Mon,2026-05-24,,broker_memory,,,True,1,
LOT-01084,SUP-B,B,RT-N06,False,INS-05,Sat,2026-08-08,,broker_memory,,,False,0,
LOT-01085,SUP-B,B,RT-N05,False,INS-06,Tue,2026-07-25,2026-07-25T08:00,manual_scale,862.7,595.0,True,1,0.3103
LOT-01086,SUP-B,B,RT-N02,False,INS-00,Tue,2026-05-23,,broker_memory,,,False,0,
LOT-01087,SUP-B,B,RT-N08,False,INS-03,Mon,2026-05-13,2026-05-13T12:00,manual_scale,899.6,582.8,True,1,0.3522
LOT-01088,SUP-B,B,RT-N07,False,INS-03,Tue,2026-06-03,2026-06-03T17:00,manual_scale,1000.8,769.5,True,1,0.2311
LOT-01089,SUP-B,B,RT-N04,False,INS-02,Wed,2026-07-13,,broker_memory,,,True,1,
LOT-01090,SUP-B,B,RT-N00,False,INS-06,Thu,2026-07-09,2026-07-09T19:00,manual_scale,861.6,590.8,True,1,0.3143
LOT-01091,SUP-B,B,RT-N09,False,INS-06,Sat,2026-07-11,,broker_memory,,,True,1,
LOT-01092,SUP-B,B,RT-N07,False,INS-06,Mon,2026-06-13,2026-06-13T18:00,manual_scale,1050.1,784.2,True,1,0.2532
LOT-01093,SUP-B,B,RT-N05,False,INS-04,Wed,2026-07-22,,broker_memory,,,True,1,
LOT-01094,SUP-B,B,RT-N04,False,INS-06,Wed,2026-05-01,,broker_memory,,,False,0,
LOT-01095,SUP-B,B,RT-N09,False,INS-00,Mon,2026-07-19,2026-07-19T07:00,manual_scale,1026.0,764.3,True,1,0.2551
LOT-01096,SUP-B,B,RT-C01,True,INS-03,Wed,2026-05-15,2026-05-15T14:00,scanner,868.9,680.9,True,1,0.2164
LOT-01097,SUP-B,B,RT-N08,False,INS-05,Wed,2026-07-12,,broker_memory,,,True,1,
LOT-01098,SUP-B,B,RT-N04,False,INS-07,Thu,2026-08-04,2026-08-04T15:00,manual_scale,772.2,526.7,True,1,0.3179
LOT-01099,SUP-B,B,RT-N06,False,INS-04,Wed,2026-05-24,2026-05-24T13:00,manual_scale,949.0,607.7,False,0,0.3596
LOT-01100,SUP-B,B,RT-N06,False,INS-04,Mon,2026-08-01,,broker_memory,,,True,1,
LOT-01101,SUP-B,B,RT-C05,True,INS-00,Fri,2026-07-17,2026-07-17T06:00,scanner,1055.2,713.0,True,1,0.3243
LOT-01102,SUP-B,B,RT-N01,False,INS-06,Mon,2026-05-22,,broker_memory,,,True,1,
LOT-01103,SUP-B,B,RT-N03,False,INS-07,Mon,2026-06-27,2026-06-27T14:00,manual_scale,886.2,659.5,False,0,0.2558
LOT-01104,SUP-B,B,RT-N03,False,INS-03,Wed,2026-07-21,,broker_memory,,,True,1,
LOT-01105,SUP-B,B,RT-N05,False,INS-02,Tue,2026-06-14,2026-06-14T06:00,manual_scale,943.6,676.2,True,1,0.2834
LOT-01106,SUP-B,B,RT-N02,False,INS-06,Fri,2026-06-01,,broker_memory,,,True,1,
LOT-01107,SUP-B,B,RT-N01,False,INS-06,Sat,2026-08-07,,broker_memory,,,True,1,
LOT-01108,SUP-B,B,RT-N02,False,INS-03,Fri,2026-07-13,,broker_memory,,,True,1,
LOT-01109,SUP-B,B,RT-N00,False,INS-05,Tue,2026-07-08,2026-07-08T09:00,manual_scale,904.7,682.4,False,0,0.2457
LOT-01110,SUP-B,B,RT-N07,False,INS-07,Thu,2026-08-02,2026-08-02T09:00,manual_scale,1003.3,697.4,True,1,0.3049
LOT-01111,SUP-B,B,RT-N00,False,INS-07,Fri,2026-05-11,,broker_memory,,,False,0,
LOT-01112,SUP-B,B,RT-N02,False,INS-05,Thu,2026-05-18,,broker_memory,,,True,1,
LOT-01113,SUP-B,B,RT-N02,False,INS-04,Tue,2026-06-18,2026-06-18T07:00,manual_scale,1096.7,799.8,True,1,0.2707
LOT-01114,SUP-B,B,RT-N02,False,INS-00,Wed,2026-07-04,,broker_memory,,,True,1,
LOT-01115,SUP-B,B,RT-N02,False,INS-04,Sat,2026-06-12,2026-06-12T14:00,manual_scale,1007.8,715.4,False,0,0.2901
LOT-01116,SUP-B,B,RT-N03,False,INS-04,Thu,2026-05-10,,broker_memory,,,False,0,
LOT-01117,SUP-B,B,RT-N03,False,INS-01,Mon,2026-07-24,2026-07-24T18:00,manual_scale,1018.7,770.8,False,0,0.2433
LOT-01118,SUP-B,B,RT-N09,False,INS-02,Sat,2026-05-21,,broker_memory,,,True,1,
LOT-01119,SUP-B,B,RT-N04,False,INS-00,Tue,2026-08-08,2026-08-08T07:00,manual_scale,811.8,437.9,True,1,0.4606
LOT-01120,SUP-B,B,RT-N02,False,INS-07,Tue,2026-06-02,2026-06-02T11:00,manual_scale,845.8,495.3,True,1,0.4144
LOT-01121,SUP-B,B,RT-C03,True,INS-07,Sat,2026-08-01,2026-08-01T19:00,scanner,886.6,655.0,True,1,0.2612
LOT-01122,SUP-B,B,RT-N09,False,INS-04,Mon,2026-05-04,2026-05-04T13:00,manual_scale,967.2,757.1,True,1,0.2172
LOT-01123,SUP-B,B,RT-C05,True,INS-03,Tue,2026-06-20,,broker_memory,,,True,1,
LOT-01124,SUP-B,B,RT-N05,False,INS-05,Sat,2026-07-31,,broker_memory,,,False,0,
LOT-01125,SUP-B,B,RT-N01,False,INS-02,Sat,2026-05-02,2026-05-02T19:00,manual_scale,756.3,583.5,True,1,0.2285
LOT-01126,SUP-B,B,RT-N00,False,INS-06,Wed,2026-06-29,,broker_memory,,,True,1,
LOT-01127,SUP-B,B,RT-N09,False,INS-00,Tue,2026-06-15,2026-06-15T12:00,manual_scale,884.8,600.6,True,1,0.3212
LOT-01128,SUP-B,B,RT-N00,False,INS-03,Mon,2026-07-16,2026-07-16T08:00,manual_scale,892.0,603.9,True,1,0.323
LOT-01129,SUP-B,B,RT-N00,False,INS-03,Wed,2026-06-19,,broker_memory,,,True,1,
LOT-01130,SUP-B,B,RT-C06,True,INS-04,Mon,2026-06-07,2026-06-07T16:00,scanner,1022.6,552.8,True,1,0.4594
LOT-01131,SUP-B,B,RT-C02,True,INS-04,Tue,2026-08-07,2026-08-07T12:00,scanner,866.1,621.9,True,1,0.282
LOT-01132,SUP-B,B,RT-N07,False,INS-07,Fri,2026-06-13,2026-06-13T07:00,manual_scale,870.0,604.8,True,1,0.3048
LOT-01133,SUP-B,B,RT-N09,False,INS-03,Tue,2026-05-14,,broker_memory,,,False,0,
LOT-01134,SUP-B,B,RT-C05,True,INS-05,Tue,2026-06-26,2026-06-26T15:00,scanner,911.5,675.2,True,1,0.2592
LOT-01135,SUP-B,B,RT-N06,False,INS-00,Wed,2026-06-02,2026-06-02T12:00,manual_scale,885.8,676.6,True,1,0.2362
LOT-01136,SUP-B,B,RT-N03,False,INS-06,Mon,2026-05-21,2026-05-21T12:00,manual_scale,903.6,685.0,True,1,0.2419
LOT-01137,SUP-B,B,RT-N05,False,INS-02,Tue,2026-07-15,2026-07-15T10:00,manual_scale,1021.5,736.7,True,1,0.2788
LOT-01138,SUP-B,B,RT-N07,False,INS-07,Fri,2026-07-28,2026-07-28T13:00,manual_scale,804.4,501.1,True,1,0.3771
LOT-01139,SUP-B,B,RT-N06,False,INS-02,Tue,2026-06-09,2026-06-09T07:00,manual_scale,1053.1,776.4,True,1,0.2627
LOT-01140,SUP-B,B,RT-N06,False,INS-06,Mon,2026-06-01,,broker_memory,,,True,1,
LOT-01141,SUP-B,B,RT-N04,False,INS-07,Mon,2026-08-04,2026-08-04T06:00,manual_scale,1131.5,734.8,True,1,0.3506
LOT-01142,SUP-B,B,RT-N02,False,INS-00,Sat,2026-05-14,,broker_memory,,,True,1,
LOT-01143,SUP-B,B,RT-N00,False,INS-05,Tue,2026-07-14,2026-07-14T07:00,manual_scale,698.6,485.1,False,0,0.3056
LOT-01144,SUP-B,B,RT-C02,True,INS-03,Sat,2026-06-09,2026-06-09T12:00,scanner,1137.1,838.0,True,1,0.263
LOT-01145,SUP-B,B,RT-N03,False,INS-05,Sat,2026-07-18,,broker_memory,,,True,1,
LOT-01146,SUP-B,B,RT-N01,False,INS-00,Thu,2026-06-21,2026-06-21T14:00,manual_scale,1011.2,674.6,True,1,0.3329
LOT-01147,SUP-B,B,RT-N02,False,INS-02,Sat,2026-07-23,2026-07-23T17:00,manual_scale,912.2,692.5,True,1,0.2408
LOT-01148,SUP-B,B,RT-N06,False,INS-05,Sat,2026-08-01,2026-08-01T09:00,manual_scale,948.4,674.4,True,1,0.2889
LOT-01149,SUP-B,B,RT-N02,False,INS-07,Wed,2026-07-19,2026-07-19T15:00,manual_scale,850.6,517.2,False,0,0.392
LOT-01150,SUP-B,B,RT-N07,False,INS-01,Sat,2026-07-24,,broker_memory,,,True,1,
LOT-01151,SUP-B,B,RT-N06,False,INS-00,Fri,2026-05-05,2026-05-05T06:00,manual_scale,809.9,561.2,True,1,0.3071
LOT-01152,SUP-B,B,RT-N03,False,INS-06,Fri,2026-07-04,2026-07-04T17:00,manual_scale,896.5,658.9,True,1,0.265
LOT-01153,SUP-B,B,RT-N06,False,INS-01,Sat,2026-07-23,2026-07-23T12:00,manual_scale,835.9,580.2,True,1,0.3059
LOT-01154,SUP-B,B,RT-N04,False,INS-01,Mon,2026-07-18,2026-07-18T14:00,manual_scale,729.6,500.9,True,1,0.3135
LOT-01155,SUP-B,B,RT-N08,False,INS-04,Tue,2026-06-06,2026-06-06T13:00,manual_scale,969.5,672.9,False,0,0.3059
LOT-01156,SUP-B,B,RT-N08,False,INS-04,Fri,2026-07-27,,broker_memory,,,True,1,
LOT-01157,SUP-B,B,RT-N02,False,INS-06,Thu,2026-07-05,,broker_memory,,,False,0,
LOT-01158,SUP-B,B,RT-N08,False,INS-00,Sat,2026-07-02,,broker_memory,,,True,1,
LOT-01159,SUP-B,B,RT-C07,True,INS-01,Wed,2026-05-25,2026-05-25T16:00,scanner,996.1,673.3,True,1,0.3241
LOT-01160,SUP-B,B,RT-N00,False,INS-04,Wed,2026-06-10,2026-06-10T09:00,manual_scale,1047.1,691.9,True,1,0.3392
LOT-01161,SUP-B,B,RT-N08,False,INS-02,Fri,2026-08-08,,broker_memory,,,False,0,
LOT-01162,SUP-B,B,RT-C08,True,INS-06,Thu,2026-07-22,2026-07-22T10:00,scanner,1123.2,694.2,True,1,0.3819
LOT-01163,SUP-B,B,RT-N05,False,INS-00,Fri,2026-05-06,2026-05-06T18:00,manual_scale,1109.1,890.0,True,1,0.1975
LOT-01164,SUP-B,B,RT-N05,False,INS-06,Tue,2026-07-31,,broker_memory,,,False,0,
LOT-01165,SUP-B,B,RT-N02,False,INS-01,Fri,2026-05-17,,broker_memory,,,False,0,
LOT-01166,SUP-B,B,RT-N03,False,INS-06,Thu,2026-05-06,2026-05-06T11:00,manual_scale,1110.5,717.5,False,0,0.3539
LOT-01167,SUP-B,B,RT-C07,True,INS-05,Sat,2026-07-16,2026-07-16T06:00,scanner,755.7,529.5,True,1,0.2993
LOT-01168,SUP-B,B,RT-N07,False,INS-07,Mon,2026-05-11,,broker_memory,,,True,1,
LOT-01169,SUP-B,B,RT-N08,False,INS-05,Tue,2026-07-01,2026-07-01T09:00,manual_scale,906.3,617.3,True,1,0.3189
LOT-01170,SUP-B,B,RT-N02,False,INS-05,Thu,2026-06-26,,broker_memory,,,True,1,
LOT-01171,SUP-B,B,RT-C03,True,INS-05,Thu,2026-05-30,,broker_memory,,,True,1,
LOT-01172,SUP-B,B,RT-N00,False,INS-02,Fri,2026-08-02,,broker_memory,,,False,0,
LOT-01173,SUP-B,B,RT-N07,False,INS-05,Tue,2026-05-09,2026-05-09T18:00,manual_scale,986.6,609.4,True,1,0.3823
LOT-01174,SUP-B,B,RT-N08,False,INS-01,Fri,2026-05-02,2026-05-02T08:00,manual_scale,961.2,694.5,True,1,0.2775
LOT-01175,SUP-B,B,RT-C01,True,INS-06,Fri,2026-05-11,2026-05-11T11:00,scanner,1209.4,786.4,True,1,0.3498
LOT-01176,SUP-B,B,RT-N09,False,INS-07,Wed,2026-07-09,2026-07-09T16:00,manual_scale,1026.1,669.9,True,1,0.3471
LOT-01177,SUP-B,B,RT-N05,False,INS-02,Wed,2026-08-08,2026-08-08T12:00,manual_scale,978.2,648.4,True,1,0.3371
LOT-01178,SUP-B,B,RT-N00,False,INS-07,Mon,2026-05-07,2026-05-07T14:00,manual_scale,944.1,577.1,True,1,0.3887
LOT-01179,SUP-B,B,RT-N04,False,INS-01,Mon,2026-08-06,2026-08-06T09:00,manual_scale,620.2,428.7,True,1,0.3088
LOT-01180,SUP-B,B,RT-N08,False,INS-02,Sat,2026-06-19,,broker_memory,,,False,0,
LOT-01181,SUP-B,B,RT-N02,False,INS-07,Sat,2026-07-07,2026-07-07T12:00,manual_scale,900.6,608.2,False,0,0.3247
LOT-01182,SUP-B,B,RT-N09,False,INS-05,Wed,2026-08-01,,broker_memory,,,False,0,
LOT-01183,SUP-B,B,RT-N01,False,INS-01,Mon,2026-07-05,2026-07-05T11:00,manual_scale,1048.7,672.8,True,1,0.3584
LOT-01184,SUP-B,B,RT-N08,False,INS-07,Fri,2026-08-02,,broker_memory,,,True,1,
LOT-01185,SUP-B,B,RT-N07,False,INS-01,Sat,2026-07-09,,broker_memory,,,True,1,
LOT-01186,SUP-B,B,RT-N08,False,INS-00,Thu,2026-06-26,,broker_memory,,,True,1,
LOT-01187,SUP-B,B,RT-N00,False,INS-03,Fri,2026-06-23,2026-06-23T18:00,manual_scale,912.8,631.0,False,0,0.3087
LOT-01188,SUP-B,B,RT-N02,False,INS-01,Sat,2026-05-25,,broker_memory,,,True,1,
LOT-01189,SUP-B,B,RT-C09,True,INS-03,Mon,2026-05-21,2026-05-21T16:00,scanner,1057.3,746.1,True,1,0.2943
LOT-01190,SUP-B,B,RT-N00,False,INS-03,Wed,2026-06-03,2026-06-03T10:00,manual_scale,1029.8,722.5,True,1,0.2984
LOT-01191,SUP-B,B,RT-N09,False,INS-04,Tue,2026-06-02,2026-06-02T11:00,manual_scale,948.2,645.9,False,0,0.3188
LOT-01192,SUP-B,B,RT-C05,True,INS-00,Fri,2026-07-11,,broker_memory,,,True,1,
LOT-01193,SUP-B,B,RT-N06,False,INS-07,Thu,2026-05-30,,broker_memory,,,True,1,
LOT-01194,SUP-B,B,RT-N02,False,INS-02,Fri,2026-07-17,2026-07-17T16:00,manual_scale,1058.1,717.8,True,1,0.3216
LOT-01195,SUP-B,B,RT-N06,False,INS-01,Tue,2026-07-10,2026-07-10T08:00,manual_scale,1214.8,859.5,True,1,0.2925
LOT-01196,SUP-B,B,RT-N02,False,INS-05,Mon,2026-07-02,2026-07-02T11:00,manual_scale,754.5,484.3,True,1,0.3581
LOT-01197,SUP-B,B,RT-C09,True,INS-01,Fri,2026-06-27,,broker_memory,,,True,1,
LOT-01198,SUP-B,B,RT-N01,False,INS-00,Wed,2026-06-20,2026-06-20T12:00,manual_scale,878.2,654.3,True,1,0.255
LOT-01199,SUP-B,B,RT-C00,True,INS-07,Wed,2026-07-21,2026-07-21T16:00,scanner,844.9,656.8,True,1,0.2226
LOT-01200,SUP-B,B,RT-N01,False,INS-00,Sat,2026-07-21,,broker_memory,,,False,0,
LOT-01201,SUP-B,B,RT-N06,False,INS-05,Sat,2026-05-19,,broker_memory,,,True,1,
LOT-01202,SUP-B,B,RT-N00,False,INS-02,Fri,2026-06-02,2026-06-02T07:00,manual_scale,946.2,711.3,True,1,0.2483
LOT-01203,SUP-B,B,RT-N04,False,INS-02,Thu,2026-07-06,2026-07-06T13:00,manual_scale,821.8,566.6,True,1,0.3105
LOT-01204,SUP-B,B,RT-N07,False,INS-05,Wed,2026-07-11,,broker_memory,,,False,0,
LOT-01205,SUP-B,B,RT-N03,False,INS-04,Fri,2026-07-21,,broker_memory,,,True,1,
LOT-01206,SUP-B,B,RT-N08,False,INS-04,Fri,2026-06-25,,broker_memory,,,True,1,
LOT-01207,SUP-B,B,RT-N09,False,INS-06,Fri,2026-05-27,2026-05-27T12:00,manual_scale,995.7,785.1,False,0,0.2115
LOT-01208,SUP-B,B,RT-N06,False,INS-02,Fri,2026-05-07,,broker_memory,,,True,1,
LOT-01209,SUP-B,B,RT-N00,False,INS-00,Thu,2026-05-17,,broker_memory,,,True,1,
LOT-01210,SUP-B,B,RT-N09,False,INS-02,Thu,2026-05-27,,broker_memory,,,True,1,
LOT-01211,SUP-B,B,RT-C04,True,INS-02,Tue,2026-05-15,,broker_memory,,,True,1,
LOT-01212,SUP-B,B,RT-N05,False,INS-03,Mon,2026-08-07,,broker_memory,,,True,1,
LOT-01213,SUP-B,B,RT-N04,False,INS-06,Tue,2026-05-19,2026-05-19T09:00,manual_scale,1001.7,742.9,True,1,0.2584
LOT-01214,SUP-B,B,RT-N02,False,INS-00,Sat,2026-07-28,2026-07-28T19:00,manual_scale,853.7,494.2,True,1,0.4211
LOT-01215,SUP-B,B,RT-N04,False,INS-05,Thu,2026-06-21,2026-06-21T07:00,manual_scale,913.2,638.7,False,0,0.3006
LOT-01216,SUP-B,B,RT-N05,False,INS-00,Wed,2026-06-13,2026-06-13T14:00,manual_scale,764.4,492.7,True,1,0.3554
LOT-01217,SUP-B,B,RT-C05,True,INS-06,Thu,2026-05-02,2026-05-02T09:00,scanner,678.8,543.1,True,1,0.1999
LOT-01218,SUP-B,B,RT-N01,False,INS-07,Mon,2026-05-21,2026-05-21T09:00,manual_scale,895.9,617.7,False,0,0.3105
LOT-01219,SUP-B,B,RT-N05,False,INS-02,Sat,2026-07-10,,broker_memory,,,True,1,
LOT-01220,SUP-B,B,RT-N09,False,INS-01,Thu,2026-05-30,2026-05-30T10:00,manual_scale,953.5,555.6,False,0,0.4173
LOT-01221,SUP-B,B,RT-N02,False,INS-04,Sat,2026-05-08,,broker_memory,,,False,0,
LOT-01222,SUP-B,B,RT-N03,False,INS-02,Thu,2026-07-05,,broker_memory,,,False,0,
LOT-01223,SUP-B,B,RT-N09,False,INS-03,Tue,2026-07-27,,broker_memory,,,True,1,
LOT-01224,SUP-B,B,RT-N01,False,INS-01,Fri,2026-06-25,2026-06-25T19:00,manual_scale,780.3,507.3,True,1,0.3499
LOT-01225,SUP-B,B,RT-N07,False,INS-02,Mon,2026-05-07,2026-05-07T08:00,manual_scale,1093.1,854.6,False,0,0.2182
LOT-01226,SUP-B,B,RT-N08,False,INS-02,Thu,2026-05-11,2026-05-11T18:00,manual_scale,935.7,639.7,True,1,0.3163
LOT-01227,SUP-B,B,RT-C02,True,INS-06,Sat,2026-06-19,2026-06-19T19:00,scanner,1023.8,669.7,True,1,0.3459
LOT-01228,SUP-B,B,RT-N04,False,INS-06,Wed,2026-06-27,2026-06-27T13:00,manual_scale,1064.1,819.6,True,1,0.2298
LOT-01229,SUP-B,B,RT-N00,False,INS-01,Tue,2026-06-16,,broker_memory,,,True,1,
LOT-01230,SUP-B,B,RT-N08,False,INS-04,Tue,2026-08-08,,broker_memory,,,True,1,
LOT-01231,SUP-B,B,RT-N04,False,INS-02,Sat,2026-07-24,,broker_memory,,,False,0,
LOT-01232,SUP-B,B,RT-N05,False,INS-02,Thu,2026-07-08,,broker_memory,,,True,1,
LOT-01233,SUP-B,B,RT-N00,False,INS-04,Fri,2026-06-03,,broker_memory,,,False,0,
LOT-01234,SUP-B,B,RT-C01,True,INS-07,Sat,2026-06-05,2026-06-05T08:00,scanner,945.7,697.2,True,1,0.2628
LOT-01235,SUP-B,B,RT-N01,False,INS-05,Thu,2026-06-22,2026-06-22T15:00,manual_scale,1075.0,801.7,True,1,0.2542
LOT-01236,SUP-B,B,RT-N07,False,INS-02,Tue,2026-06-22,,broker_memory,,,True,1,
LOT-01237,SUP-B,B,RT-N08,False,INS-04,Tue,2026-05-05,,broker_memory,,,True,1,
LOT-01238,SUP-B,B,RT-N05,False,INS-06,Thu,2026-07-15,,broker_memory,,,False,0,
LOT-01239,SUP-B,B,RT-N02,False,INS-02,Sat,2026-07-02,2026-07-02T08:00,manual_scale,1008.0,618.9,True,1,0.386
LOT-01240,SUP-B,B,RT-N08,False,INS-01,Sat,2026-05-09,2026-05-09T18:00,manual_scale,804.8,617.7,True,1,0.2325
LOT-01241,SUP-B,B,RT-N04,False,INS-04,Fri,2026-05-25,,broker_memory,,,False,0,
LOT-01242,SUP-B,B,RT-N04,False,INS-00,Tue,2026-06-14,,broker_memory,,,True,1,
LOT-01243,SUP-B,B,RT-C03,True,INS-02,Sat,2026-07-03,2026-07-03T08:00,scanner,809.8,625.6,True,1,0.2275
LOT-01244,SUP-B,B,RT-C09,True,INS-05,Wed,2026-05-20,2026-05-20T19:00,scanner,980.1,744.1,True,1,0.2408
LOT-01245,SUP-B,B,RT-N08,False,INS-05,Thu,2026-07-03,2026-07-03T15:00,manual_scale,972.4,581.4,True,1,0.4021
LOT-01246,SUP-B,B,RT-N02,False,INS-06,Tue,2026-05-07,,broker_memory,,,True,1,
LOT-01247,SUP-B,B,RT-N06,False,INS-02,Wed,2026-06-30,2026-06-30T18:00,manual_scale,1088.7,836.4,True,1,0.2317
LOT-01248,SUP-B,B,RT-N05,False,INS-05,Wed,2026-05-26,,broker_memory,,,True,1,
LOT-01249,SUP-B,B,RT-N03,False,INS-00,Thu,2026-07-15,,broker_memory,,,True,1,
LOT-01250,SUP-B,B,RT-N09,False,INS-04,Wed,2026-06-13,,broker_memory,,,False,0,
LOT-01251,SUP-B,B,RT-C07,True,INS-07,Mon,2026-07-07,2026-07-07T08:00,scanner,972.0,677.3,True,1,0.3032
LOT-01252,SUP-B,B,RT-N00,False,INS-01,Wed,2026-05-27,2026-05-27T16:00,manual_scale,1129.1,863.2,True,1,0.2355
LOT-01253,SUP-B,B,RT-N03,False,INS-01,Thu,2026-07-20,2026-07-20T13:00,manual_scale,1211.1,766.6,True,1,0.367
LOT-01254,SUP-B,B,RT-N05,False,INS-07,Sat,2026-06-30,,broker_memory,,,True,1,
LOT-01255,SUP-B,B,RT-N01,False,INS-00,Thu,2026-05-12,,broker_memory,,,True,1,
LOT-01256,SUP-B,B,RT-N04,False,INS-05,Thu,2026-07-29,,broker_memory,,,True,1,
LOT-01257,SUP-B,B,RT-N06,False,INS-02,Mon,2026-06-06,,broker_memory,,,False,0,
LOT-01258,SUP-B,B,RT-N05,False,INS-02,Sat,2026-05-18,2026-05-18T11:00,manual_scale,1063.1,875.7,True,1,0.1763
LOT-01259,SUP-B,B,RT-N09,False,INS-05,Tue,2026-06-09,2026-06-09T16:00,manual_scale,974.8,767.7,True,1,0.2125
LOT-01260,SUP-B,B,RT-N04,False,INS-05,Mon,2026-05-28,2026-05-28T09:00,manual_scale,899.0,566.5,False,0,0.3699
LOT-01261,SUP-B,B,RT-N06,False,INS-05,Thu,2026-05-24,2026-05-24T16:00,manual_scale,824.4,651.6,False,0,0.2096
LOT-01262,SUP-B,B,RT-N04,False,INS-03,Sat,2026-05-13,,broker_memory,,,False,0,
LOT-01263,SUP-B,B,RT-N01,False,INS-04,Fri,2026-06-17,2026-06-17T13:00,manual_scale,1243.7,885.4,True,1,0.2881
LOT-01264,SUP-B,B,RT-N05,False,INS-05,Thu,2026-06-21,2026-06-21T11:00,manual_scale,779.3,520.7,True,1,0.3318
LOT-01265,SUP-B,B,RT-N03,False,INS-03,Wed,2026-06-29,,broker_memory,,,False,0,
LOT-01266,SUP-B,B,RT-N01,False,INS-03,Tue,2026-07-15,2026-07-15T17:00,manual_scale,911.2,667.1,True,1,0.2679
LOT-01267,SUP-B,B,RT-N03,False,INS-04,Mon,2026-07-25,2026-07-25T13:00,manual_scale,692.9,537.1,False,0,0.2249
LOT-01268,SUP-B,B,RT-N01,False,INS-00,Tue,2026-06-26,2026-06-26T06:00,manual_scale,867.1,607.9,True,1,0.2989
LOT-01269,SUP-B,B,RT-N06,False,INS-00,Thu,2026-05-18,,broker_memory,,,False,0,
LOT-01270,SUP-B,B,RT-N00,False,INS-02,Mon,2026-06-29,2026-06-29T15:00,manual_scale,903.3,595.9,True,1,0.3403
LOT-01271,SUP-B,B,RT-N06,False,INS-03,Thu,2026-05-31,,broker_memory,,,True,1,
LOT-01272,SUP-B,B,RT-N09,False,INS-02,Sat,2026-06-26,2026-06-26T19:00,manual_scale,934.6,652.0,True,1,0.3024
LOT-01273,SUP-B,B,RT-N05,False,INS-02,Wed,2026-06-17,2026-06-17T09:00,manual_scale,1150.4,925.8,True,1,0.1952
LOT-01274,SUP-B,B,RT-C03,True,INS-02,Fri,2026-07-08,2026-07-08T06:00,scanner,1047.3,757.5,True,1,0.2767
LOT-01275,SUP-B,B,RT-N05,False,INS-01,Mon,2026-06-18,,broker_memory,,,True,1,
LOT-01276,SUP-B,B,RT-N00,False,INS-01,Thu,2026-07-22,2026-07-22T14:00,manual_scale,967.7,656.5,False,0,0.3216
LOT-01277,SUP-B,B,RT-N04,False,INS-00,Fri,2026-07-29,,broker_memory,,,True,1,
LOT-01278,SUP-B,B,RT-N03,False,INS-01,Fri,2026-07-07,,broker_memory,,,True,1,
LOT-01279,SUP-B,B,RT-N08,False,INS-03,Sat,2026-06-09,,broker_memory,,,False,0,
LOT-01280,SUP-B,B,RT-N00,False,INS-07,Wed,2026-07-09,,broker_memory,,,False,0,
LOT-01281,SUP-B,B,RT-N06,False,INS-03,Thu,2026-08-01,2026-08-01T19:00,manual_scale,773.8,525.1,True,1,0.3214
LOT-01282,SUP-B,B,RT-N05,False,INS-07,Mon,2026-07-07,,broker_memory,,,False,0,
LOT-01283,SUP-B,B,RT-N01,False,INS-06,Wed,2026-06-25,2026-06-25T08:00,manual_scale,829.8,540.8,True,1,0.3483
LOT-01284,SUP-B,B,RT-N02,False,INS-05,Thu,2026-06-03,,broker_memory,,,True,1,
LOT-01285,SUP-B,B,RT-N03,False,INS-06,Wed,2026-07-28,,broker_memory,,,False,0,
LOT-01286,SUP-B,B,RT-N01,False,INS-06,Mon,2026-07-31,,broker_memory,,,True,1,
LOT-01287,SUP-B,B,RT-N08,False,INS-05,Fri,2026-07-04,,broker_memory,,,True,1,
LOT-01288,SUP-B,B,RT-N01,False,INS-00,Thu,2026-05-27,,broker_memory,,,True,1,
LOT-01289,SUP-B,B,RT-N01,False,INS-06,Tue,2026-06-14,2026-06-14T09:00,manual_scale,905.7,676.8,True,1,0.2527
LOT-01290,SUP-B,B,RT-N02,False,INS-01,Fri,2026-05-15,,broker_memory,,,False,0,
LOT-01291,SUP-B,B,RT-C09,True,INS-07,Sat,2026-07-26,2026-07-26T19:00,scanner,964.8,664.2,True,1,0.3116
LOT-01292,SUP-B,B,RT-C00,True,INS-03,Fri,2026-06-10,2026-06-10T15:00,scanner,916.1,637.8,True,1,0.3038
LOT-01293,SUP-B,B,RT-N08,False,INS-00,Thu,2026-05-28,,broker_memory,,,True,1,
LOT-01294,SUP-B,B,RT-N09,False,INS-06,Fri,2026-07-19,2026-07-19T11:00,manual_scale,1189.4,733.4,True,1,0.3834
LOT-01295,SUP-B,B,RT-N05,False,INS-03,Sat,2026-06-30,2026-06-30T08:00,manual_scale,864.6,547.1,True,1,0.3672
LOT-01296,SUP-B,B,RT-C09,True,INS-03,Wed,2026-05-12,2026-05-12T06:00,scanner,904.8,693.4,True,1,0.2336
LOT-01297,SUP-B,B,RT-N03,False,INS-01,Mon,2026-07-24,2026-07-24T16:00,manual_scale,1016.9,818.6,True,1,0.195
LOT-01298,SUP-B,B,RT-N03,False,INS-00,Thu,2026-05-07,2026-05-07T18:00,manual_scale,791.8,535.6,False,0,0.3236
LOT-01299,SUP-B,B,RT-N02,False,INS-05,Mon,2026-05-06,2026-05-06T16:00,manual_scale,842.4,586.4,True,1,0.3039
LOT-01300,SUP-B,B,RT-N03,False,INS-05,Sat,2026-05-23,,broker_memory,,,True,1,
LOT-01301,SUP-B,B,RT-N08,False,INS-06,Wed,2026-05-23,,broker_memory,,,True,1,
LOT-01302,SUP-B,B,RT-N01,False,INS-01,Tue,2026-06-16,,broker_memory,,,True,1,
LOT-01303,SUP-B,B,RT-N03,False,INS-07,Thu,2026-05-01,,broker_memory,,,True,1,
LOT-01304,SUP-B,B,RT-N09,False,INS-02,Tue,2026-07-05,,broker_memory,,,False,0,
LOT-01305,SUP-B,B,RT-N01,False,INS-00,Sat,2026-05-18,2026-05-18T13:00,manual_scale,847.9,556.9,True,1,0.3432
LOT-01306,SUP-B,B,RT-N08,False,INS-01,Tue,2026-07-06,,broker_memory,,,True,1,
LOT-01307,SUP-B,B,RT-N04,False,INS-02,Sat,2026-05-26,2026-05-26T16:00,manual_scale,941.3,659.3,True,1,0.2996
LOT-01308,SUP-B,B,RT-N07,False,INS-05,Mon,2026-07-13,2026-07-13T15:00,manual_scale,873.7,610.1,True,1,0.3017
LOT-01309,SUP-B,B,RT-N05,False,INS-05,Thu,2026-07-12,,broker_memory,,,False,0,
LOT-01310,SUP-B,B,RT-N07,False,INS-01,Sat,2026-06-20,,broker_memory,,,True,1,
LOT-01311,SUP-B,B,RT-N00,False,INS-02,Fri,2026-07-02,,broker_memory,,,True,1,
LOT-01312,SUP-B,B,RT-N09,False,INS-05,Fri,2026-05-04,,broker_memory,,,True,1,
LOT-01313,SUP-B,B,RT-C08,True,INS-03,Thu,2026-05-31,2026-05-31T09:00,scanner,834.9,551.1,True,1,0.3399
LOT-01314,SUP-B,B,RT-N07,False,INS-00,Mon,2026-05-31,2026-05-31T15:00,manual_scale,1216.8,837.8,True,1,0.3115
LOT-01315,SUP-B,B,RT-N01,False,INS-01,Fri,2026-06-04,2026-06-04T08:00,manual_scale,986.4,697.2,False,0,0.2932
LOT-01316,SUP-B,B,RT-N08,False,INS-00,Sat,2026-05-21,,broker_memory,,,True,1,
LOT-01317,SUP-B,B,RT-N03,False,INS-05,Thu,2026-06-10,2026-06-10T15:00,manual_scale,936.5,583.9,True,1,0.3765
LOT-01318,SUP-B,B,RT-N05,False,INS-01,Wed,2026-07-23,2026-07-23T15:00,manual_scale,1091.8,762.3,False,0,0.3018
LOT-01319,SUP-B,B,RT-N06,False,INS-01,Tue,2026-05-08,2026-05-08T06:00,manual_scale,901.8,618.6,False,0,0.314
LOT-01320,SUP-B,B,RT-N01,False,INS-06,Tue,2026-06-17,,broker_memory,,,False,0,
LOT-01321,SUP-B,B,RT-C04,True,INS-03,Mon,2026-07-31,2026-07-31T15:00,scanner,944.4,644.4,True,1,0.3177
LOT-01322,SUP-B,B,RT-N04,False,INS-04,Mon,2026-06-07,2026-06-07T08:00,manual_scale,867.1,530.8,False,0,0.3878
LOT-01323,SUP-B,B,RT-N05,False,INS-04,Sat,2026-05-31,2026-05-31T17:00,manual_scale,1035.6,705.2,True,1,0.319
LOT-01324,SUP-B,B,RT-N04,False,INS-07,Wed,2026-07-26,2026-07-26T14:00,manual_scale,1081.1,695.6,True,1,0.3566
LOT-01325,SUP-B,B,RT-N00,False,INS-07,Mon,2026-05-01,2026-05-01T08:00,manual_scale,660.5,594.3,True,1,0.1002
LOT-01326,SUP-B,B,RT-N07,False,INS-02,Thu,2026-07-14,2026-07-14T10:00,manual_scale,932.3,686.4,True,1,0.2638
LOT-01327,SUP-B,B,RT-C02,True,INS-00,Tue,2026-05-25,,broker_memory,,,True,1,
LOT-01328,SUP-B,B,RT-C04,True,INS-04,Thu,2026-07-08,2026-07-08T10:00,scanner,838.3,520.7,True,1,0.3789
LOT-01329,SUP-B,B,RT-N07,False,INS-06,Wed,2026-07-19,,broker_memory,,,True,1,
LOT-01330,SUP-B,B,RT-N03,False,INS-06,Tue,2026-05-21,2026-05-21T19:00,manual_scale,889.0,586.1,True,1,0.3407
LOT-01331,SUP-B,B,RT-N03,False,INS-00,Fri,2026-07-22,2026-07-22T15:00,manual_scale,908.1,719.0,True,1,0.2082
LOT-01332,SUP-B,B,RT-N02,False,INS-06,Tue,2026-06-14,2026-06-14T12:00,manual_scale,1113.8,764.0,False,0,0.3141
LOT-01333,SUP-B,B,RT-N04,False,INS-01,Wed,2026-05-20,,broker_memory,,,True,1,
LOT-01334,SUP-B,B,RT-N05,False,INS-02,Fri,2026-06-20,,broker_memory,,,True,1,
LOT-01335,SUP-B,B,RT-N00,False,INS-07,Mon,2026-05-25,,broker_memory,,,True,1,
LOT-01336,SUP-B,B,RT-N05,False,INS-02,Fri,2026-07-16,2026-07-16T16:00,manual_scale,1116.5,775.2,True,1,0.3057
LOT-01337,SUP-B,B,RT-N01,False,INS-00,Sat,2026-08-04,,broker_memory,,,True,1,
LOT-01338,SUP-B,B,RT-N00,False,INS-07,Fri,2026-06-24,,broker_memory,,,True,1,
LOT-01339,SUP-B,B,RT-N03,False,INS-05,Thu,2026-05-29,2026-05-29T15:00,manual_scale,811.4,624.8,True,1,0.23
LOT-01340,SUP-B,B,RT-N01,False,INS-06,Sat,2026-05-02,,broker_memory,,,True,1,
LOT-01341,SUP-B,B,RT-N03,False,INS-07,Tue,2026-06-06,,broker_memory,,,True,1,
LOT-01342,SUP-B,B,RT-N00,False,INS-06,Mon,2026-07-02,2026-07-02T17:00,manual_scale,853.9,630.0,False,0,0.2622
LOT-01343,SUP-B,B,RT-N09,False,INS-01,Wed,2026-05-02,2026-05-02T16:00,manual_scale,993.2,706.9,True,1,0.2883
LOT-01344,SUP-B,B,RT-N06,False,INS-01,Sat,2026-05-20,2026-05-20T14:00,manual_scale,963.0,574.2,False,0,0.4037
LOT-01345,SUP-B,B,RT-N07,False,INS-03,Tue,2026-05-13,2026-05-13T12:00,manual_scale,890.0,592.1,True,1,0.3347
LOT-01346,SUP-B,B,RT-C06,True,INS-00,Wed,2026-06-15,2026-06-15T18:00,scanner,1182.1,839.7,True,1,0.2897
LOT-01347,SUP-B,B,RT-N06,False,INS-03,Wed,2026-05-16,,broker_memory,,,True,1,
LOT-01348,SUP-B,B,RT-N05,False,INS-03,Wed,2026-07-19,,broker_memory,,,True,1,
LOT-01349,SUP-B,B,RT-N00,False,INS-00,Mon,2026-07-26,2026-07-26T06:00,manual_scale,1030.6,720.3,True,1,0.3011
LOT-01350,SUP-B,B,RT-N03,False,INS-03,Thu,2026-08-08,,broker_memory,,,True,1,
LOT-01351,SUP-B,B,RT-N05,False,INS-00,Mon,2026-05-11,,broker_memory,,,True,1,
LOT-01352,SUP-B,B,RT-N07,False,INS-02,Mon,2026-07-29,,broker_memory,,,True,1,
LOT-01353,SUP-B,B,RT-N06,False,INS-00,Thu,2026-05-31,,broker_memory,,,True,1,
LOT-01354,SUP-B,B,RT-N02,False,INS-05,Fri,2026-05-04,2026-05-04T18:00,manual_scale,990.2,662.7,True,1,0.3307
LOT-01355,SUP-B,B,RT-N07,False,INS-04,Mon,2026-07-31,,broker_memory,,,True,1,
LOT-01356,SUP-B,B,RT-N05,False,INS-04,Mon,2026-06-23,2026-06-23T19:00,manual_scale,949.4,642.3,False,0,0.3235
LOT-01357,SUP-B,B,RT-N02,False,INS-01,Wed,2026-06-07,2026-06-07T09:00,manual_scale,960.2,712.0,True,1,0.2585
LOT-01358,SUP-B,B,RT-N07,False,INS-02,Wed,2026-06-17,,broker_memory,,,True,1,
LOT-01359,SUP-B,B,RT-N07,False,INS-05,Fri,2026-07-01,,broker_memory,,,False,0,
LOT-01360,SUP-B,B,RT-N08,False,INS-07,Thu,2026-06-19,,broker_memory,,,True,1,
LOT-01361,SUP-B,B,RT-N08,False,INS-01,Thu,2026-07-02,,broker_memory,,,True,1,
LOT-01362,SUP-B,B,RT-N06,False,INS-06,Tue,2026-06-15,,broker_memory,,,True,1,
LOT-01363,SUP-B,B,RT-C01,True,INS-01,Wed,2026-06-13,2026-06-13T11:00,scanner,963.0,740.2,True,1,0.2314
LOT-01364,SUP-B,B,RT-N03,False,INS-05,Fri,2026-07-22,2026-07-22T14:00,manual_scale,961.0,641.2,True,1,0.3328
LOT-01365,SUP-B,B,RT-N08,False,INS-03,Sat,2026-05-21,,broker_memory,,,True,1,
LOT-01366,SUP-B,B,RT-N05,False,INS-03,Fri,2026-06-16,2026-06-16T10:00,manual_scale,995.7,680.2,False,0,0.3169
LOT-01367,SUP-B,B,RT-N02,False,INS-01,Sat,2026-05-06,2026-05-06T19:00,manual_scale,952.8,610.7,True,1,0.359
LOT-01368,SUP-B,B,RT-N05,False,INS-03,Sat,2026-06-25,2026-06-25T19:00,manual_scale,917.3,535.0,True,1,0.4168
LOT-01369,SUP-B,B,RT-N07,False,INS-00,Fri,2026-05-30,,broker_memory,,,False,0,
LOT-01370,SUP-B,B,RT-N00,False,INS-06,Wed,2026-05-02,,broker_memory,,,True,1,
LOT-01371,SUP-B,B,RT-N03,False,INS-01,Sat,2026-07-02,2026-07-02T12:00,manual_scale,907.8,710.4,True,1,0.2174
LOT-01372,SUP-B,B,RT-N01,False,INS-05,Wed,2026-07-11,,broker_memory,,,True,1,
LOT-01373,SUP-B,B,RT-C08,True,INS-01,Mon,2026-06-25,2026-06-25T19:00,scanner,1034.4,766.1,True,1,0.2594
LOT-01374,SUP-B,B,RT-N03,False,INS-05,Wed,2026-07-27,2026-07-27T15:00,manual_scale,911.1,616.4,True,1,0.3235
LOT-01375,SUP-B,B,RT-N02,False,INS-03,Mon,2026-05-08,2026-05-08T07:00,manual_scale,900.4,587.5,False,0,0.3475
LOT-01376,SUP-B,B,RT-N03,False,INS-07,Mon,2026-07-21,,broker_memory,,,True,1,
LOT-01377,SUP-B,B,RT-N03,False,INS-06,Tue,2026-07-28,,broker_memory,,,True,1,
LOT-01378,SUP-B,B,RT-C06,True,INS-05,Tue,2026-07-10,2026-07-10T18:00,scanner,1167.9,790.8,True,1,0.3229
LOT-01379,SUP-B,B,RT-N04,False,INS-05,Wed,2026-07-09,2026-07-09T17:00,manual_scale,959.7,677.1,True,1,0.2945
LOT-01380,SUP-B,B,RT-C01,True,INS-04,Fri,2026-05-03,2026-05-03T06:00,scanner,987.4,667.0,True,1,0.3245
LOT-01381,SUP-B,B,RT-N06,False,INS-06,Tue,2026-05-29,2026-05-29T13:00,manual_scale,898.9,601.8,False,0,0.3305
LOT-01382,SUP-B,B,RT-N00,False,INS-06,Thu,2026-06-02,,broker_memory,,,False,0,
LOT-01383,SUP-B,B,RT-N06,False,INS-00,Wed,2026-07-06,2026-07-06T07:00,manual_scale,861.2,617.9,False,0,0.2825
LOT-01384,SUP-B,B,RT-N07,False,INS-05,Mon,2026-06-21,,broker_memory,,,True,1,
LOT-01385,SUP-B,B,RT-N05,False,INS-07,Wed,2026-06-06,,broker_memory,,,False,0,
LOT-01386,SUP-B,B,RT-N07,False,INS-04,Wed,2026-07-23,2026-07-23T07:00,manual_scale,851.5,616.1,False,0,0.2765
LOT-01387,SUP-B,B,RT-N00,False,INS-01,Tue,2026-07-29,,broker_memory,,,True,1,
LOT-01388,SUP-B,B,RT-N09,False,INS-00,Mon,2026-05-17,2026-05-17T16:00,manual_scale,985.8,665.8,True,1,0.3246
LOT-01389,SUP-B,B,RT-N08,False,INS-07,Fri,2026-06-17,2026-06-17T19:00,manual_scale,1109.1,842.7,True,1,0.2402
LOT-01390,SUP-B,B,RT-N08,False,INS-03,Tue,2026-07-16,2026-07-16T08:00,manual_scale,980.7,661.0,True,1,0.326
LOT-01391,SUP-B,B,RT-N04,False,INS-07,Fri,2026-06-27,2026-06-27T19:00,manual_scale,969.6,762.3,True,1,0.2138
LOT-01392,SUP-B,B,RT-N07,False,INS-03,Thu,2026-06-24,2026-06-24T07:00,manual_scale,944.3,718.0,False,0,0.2396
LOT-01393,SUP-B,B,RT-N00,False,INS-00,Fri,2026-06-17,2026-06-17T07:00,manual_scale,976.3,690.6,True,1,0.2926
LOT-01394,SUP-B,B,RT-N02,False,INS-01,Mon,2026-05-26,2026-05-26T10:00,manual_scale,987.2,657.4,True,1,0.3341
LOT-01395,SUP-B,B,RT-N06,False,INS-02,Tue,2026-07-03,,broker_memory,,,True,1,
LOT-01396,SUP-B,B,RT-N06,False,INS-02,Sat,2026-05-30,2026-05-30T19:00,manual_scale,959.2,661.9,True,1,0.3099
LOT-01397,SUP-B,B,RT-N08,False,INS-06,Sat,2026-06-22,2026-06-22T13:00,manual_scale,779.9,491.3,True,1,0.37
LOT-01398,SUP-B,B,RT-N09,False,INS-04,Thu,2026-06-18,2026-06-18T08:00,manual_scale,817.1,570.9,True,1,0.3013
LOT-01399,SUP-B,B,RT-C07,True,INS-04,Mon,2026-05-02,2026-05-02T14:00,scanner,1049.1,691.5,True,1,0.3409
LOT-01400,SUP-B,B,RT-N04,False,INS-02,Tue,2026-05-12,,broker_memory,,,True,1,
LOT-01401,SUP-B,B,RT-N09,False,INS-04,Fri,2026-05-04,2026-05-04T06:00,manual_scale,1080.8,757.3,True,1,0.2993
LOT-01402,SUP-B,B,RT-N00,False,INS-01,Sat,2026-05-24,,broker_memory,,,True,1,
LOT-01403,SUP-B,B,RT-C08,True,INS-06,Mon,2026-06-15,,broker_memory,,,True,1,
LOT-01404,SUP-B,B,RT-N04,False,INS-04,Mon,2026-06-08,2026-06-08T08:00,manual_scale,1287.8,899.4,True,1,0.3016
LOT-01405,SUP-B,B,RT-N01,False,INS-07,Mon,2026-05-23,2026-05-23T13:00,manual_scale,753.4,567.5,False,0,0.2467
LOT-01406,SUP-B,B,RT-N00,False,INS-03,Tue,2026-05-15,,broker_memory,,,True,1,
LOT-01407,SUP-B,B,RT-N04,False,INS-06,Thu,2026-06-10,,broker_memory,,,True,1,
LOT-01408,SUP-B,B,RT-N04,False,INS-02,Thu,2026-07-10,2026-07-10T13:00,manual_scale,856.5,604.7,True,1,0.294
LOT-01409,SUP-B,B,RT-N07,False,INS-01,Fri,2026-05-15,,broker_memory,,,True,1,
LOT-01410,SUP-B,B,RT-N02,False,INS-00,Sat,2026-05-09,,broker_memory,,,True,1,
LOT-01411,SUP-B,B,RT-N04,False,INS-03,Thu,2026-06-28,,broker_memory,,,False,0,
LOT-01412,SUP-B,B,RT-N09,False,INS-01,Sat,2026-05-01,2026-05-01T09:00,manual_scale,1035.0,746.1,False,0,0.2791
LOT-01413,SUP-B,B,RT-N06,False,INS-00,Fri,2026-08-07,2026-08-07T10:00,manual_scale,945.3,641.1,True,1,0.3218
LOT-01414,SUP-B,B,RT-N08,False,INS-05,Mon,2026-07-06,2026-07-06T07:00,manual_scale,625.2,458.5,True,1,0.2666
LOT-01415,SUP-B,B,RT-N08,False,INS-03,Thu,2026-07-06,,broker_memory,,,True,1,
LOT-01416,SUP-B,B,RT-N05,False,INS-03,Tue,2026-07-18,,broker_memory,,,True,1,
LOT-01417,SUP-B,B,RT-N00,False,INS-03,Thu,2026-07-27,,broker_memory,,,False,0,
LOT-01418,SUP-B,B,RT-N08,False,INS-06,Sat,2026-08-05,2026-08-05T18:00,manual_scale,1055.6,665.1,False,0,0.3699
LOT-01419,SUP-B,B,RT-N07,False,INS-04,Tue,2026-06-25,2026-06-25T18:00,manual_scale,848.2,581.7,True,1,0.3142
LOT-01420,SUP-B,B,RT-N06,False,INS-07,Fri,2026-06-02,2026-06-02T09:00,manual_scale,702.8,474.9,True,1,0.3243
LOT-01421,SUP-B,B,RT-N06,False,INS-04,Mon,2026-05-03,2026-05-03T07:00,manual_scale,1122.6,824.6,False,0,0.2655
LOT-01422,SUP-B,B,RT-N00,False,INS-06,Thu,2026-07-20,,broker_memory,,,True,1,
LOT-01423,SUP-B,B,RT-N01,False,INS-00,Wed,2026-07-09,,broker_memory,,,False,0,
LOT-01424,SUP-B,B,RT-N09,False,INS-02,Tue,2026-07-08,2026-07-08T09:00,manual_scale,898.3,657.0,False,0,0.2686
LOT-01425,SUP-B,B,RT-N01,False,INS-04,Mon,2026-06-04,2026-06-04T12:00,manual_scale,970.8,717.8,True,1,0.2606
LOT-01426,SUP-B,B,RT-N09,False,INS-03,Fri,2026-07-31,2026-07-31T12:00,manual_scale,1051.1,705.9,True,1,0.3284
LOT-01427,SUP-B,B,RT-N01,False,INS-02,Mon,2026-06-03,,broker_memory,,,True,1,
LOT-01428,SUP-B,B,RT-N06,False,INS-00,Sat,2026-05-25,,broker_memory,,,True,1,
LOT-01429,SUP-B,B,RT-N05,False,INS-07,Fri,2026-05-22,2026-05-22T16:00,manual_scale,976.9,607.2,True,1,0.3784
LOT-01430,SUP-B,B,RT-N09,False,INS-03,Fri,2026-08-05,2026-08-05T14:00,manual_scale,994.2,780.7,True,1,0.2147
LOT-01431,SUP-B,B,RT-N04,False,INS-07,Sat,2026-07-09,2026-07-09T15:00,manual_scale,759.1,532.9,True,1,0.298
LOT-01432,SUP-B,B,RT-N08,False,INS-01,Thu,2026-05-04,,broker_memory,,,True,1,
LOT-01433,SUP-B,B,RT-N07,False,INS-01,Tue,2026-06-27,,broker_memory,,,True,1,
LOT-01434,SUP-B,B,RT-N03,False,INS-03,Mon,2026-05-06,,broker_memory,,,False,0,
LOT-01435,SUP-B,B,RT-N04,False,INS-05,Sat,2026-07-19,2026-07-19T15:00,manual_scale,896.8,658.2,False,0,0.2661
LOT-01436,SUP-B,B,RT-N03,False,INS-01,Thu,2026-05-02,2026-05-02T17:00,manual_scale,832.3,652.3,True,1,0.2163
LOT-01437,SUP-B,B,RT-C02,True,INS-00,Sat,2026-06-26,2026-06-26T17:00,scanner,678.2,490.9,True,1,0.2762
LOT-01438,SUP-B,B,RT-N02,False,INS-01,Tue,2026-07-09,,broker_memory,,,True,1,
LOT-01439,SUP-B,B,RT-N00,False,INS-04,Tue,2026-07-12,,broker_memory,,,True,1,
LOT-01440,SUP-B,B,RT-N03,False,INS-05,Tue,2026-07-26,,broker_memory,,,True,1,
LOT-01441,SUP-B,B,RT-N07,False,INS-05,Fri,2026-07-02,,broker_memory,,,False,0,
LOT-01442,SUP-B,B,RT-N03,False,INS-05,Fri,2026-05-08,,broker_memory,,,True,1,
LOT-01443,SUP-B,B,RT-N03,False,INS-07,Mon,2026-07-17,,broker_memory,,,True,1,
LOT-01444,SUP-B,B,RT-N08,False,INS-02,Thu,2026-05-21,2026-05-21T07:00,manual_scale,908.7,636.0,True,1,0.3001
LOT-01445,SUP-B,B,RT-C07,True,INS-03,Sat,2026-07-15,2026-07-15T10:00,scanner,1067.8,690.2,True,1,0.3536
LOT-01446,SUP-B,B,RT-C00,True,INS-00,Thu,2026-05-19,2026-05-19T11:00,scanner,1116.9,802.1,True,1,0.2819
LOT-01447,SUP-B,B,RT-N08,False,INS-07,Tue,2026-05-03,2026-05-03T18:00,manual_scale,1200.3,797.5,True,1,0.3356
LOT-01448,SUP-B,B,RT-N07,False,INS-02,Mon,2026-05-02,2026-05-02T17:00,manual_scale,952.2,789.6,True,1,0.1708
LOT-01449,SUP-B,B,RT-N06,False,INS-07,Tue,2026-07-24,,broker_memory,,,True,1,
LOT-01450,SUP-B,B,RT-N03,False,INS-00,Wed,2026-06-03,2026-06-03T10:00,manual_scale,923.9,648.3,True,1,0.2983
LOT-01451,SUP-B,B,RT-N08,False,INS-00,Fri,2026-05-01,,broker_memory,,,True,1,
LOT-01452,SUP-B,B,RT-N06,False,INS-04,Fri,2026-08-06,2026-08-06T07:00,manual_scale,767.9,503.1,True,1,0.3448
LOT-01453,SUP-B,B,RT-N00,False,INS-01,Sat,2026-07-01,,broker_memory,,,True,1,
LOT-01454,SUP-B,B,RT-N04,False,INS-04,Thu,2026-05-29,2026-05-29T09:00,manual_scale,802.5,564.5,True,1,0.2966
LOT-01455,SUP-B,B,RT-N00,False,INS-03,Mon,2026-07-05,,broker_memory,,,True,1,
LOT-01456,SUP-B,B,RT-N05,False,INS-02,Thu,2026-07-26,2026-07-26T08:00,manual_scale,856.6,562.4,True,1,0.3435
LOT-01457,SUP-B,B,RT-N02,False,INS-07,Mon,2026-05-29,,broker_memory,,,True,1,
LOT-01458,SUP-B,B,RT-N06,False,INS-00,Tue,2026-06-29,,broker_memory,,,True,1,
LOT-01459,SUP-B,B,RT-C07,True,INS-01,Sat,2026-06-11,2026-06-11T11:00,scanner,1071.6,592.4,True,1,0.4472
LOT-01460,SUP-B,B,RT-N03,False,INS-05,Fri,2026-06-11,2026-06-11T08:00,manual_scale,969.1,764.1,False,0,0.2115
LOT-01461,SUP-B,B,RT-N04,False,INS-02,Fri,2026-07-18,2026-07-18T19:00,manual_scale,1065.5,721.0,False,0,0.3233
LOT-01462,SUP-B,B,RT-N07,False,INS-07,Wed,2026-06-29,2026-06-29T09:00,manual_scale,747.5,522.3,False,0,0.3013
LOT-01463,SUP-B,B,RT-N01,False,INS-05,Mon,2026-06-29,2026-06-29T14:00,manual_scale,996.9,647.6,False,0,0.3504
LOT-01464,SUP-B,B,RT-N04,False,INS-07,Tue,2026-07-12,,broker_memory,,,True,1,
LOT-01465,SUP-B,B,RT-N03,False,INS-01,Mon,2026-06-20,2026-06-20T14:00,manual_scale,959.2,736.7,True,1,0.232
LOT-01466,SUP-B,B,RT-N08,False,INS-06,Sat,2026-08-08,,broker_memory,,,False,0,
LOT-01467,SUP-B,B,RT-N04,False,INS-04,Sat,2026-05-31,,broker_memory,,,True,1,
LOT-01468,SUP-B,B,RT-N01,False,INS-00,Sat,2026-07-06,2026-07-06T10:00,manual_scale,995.8,895.4,True,1,0.1008
LOT-01469,SUP-B,B,RT-N06,False,INS-02,Mon,2026-05-12,2026-05-12T18:00,manual_scale,876.8,582.4,True,1,0.3358
LOT-01470,SUP-B,B,RT-C07,True,INS-07,Wed,2026-05-24,2026-05-24T11:00,scanner,875.1,617.8,True,1,0.294
LOT-01471,SUP-B,B,RT-N03,False,INS-06,Wed,2026-08-08,,broker_memory,,,True,1,
LOT-01472,SUP-B,B,RT-C01,True,INS-05,Mon,2026-07-10,2026-07-10T19:00,scanner,831.1,590.4,True,1,0.2896
LOT-01473,SUP-B,B,RT-N04,False,INS-01,Sat,2026-05-14,,broker_memory,,,True,1,
LOT-01474,SUP-B,B,RT-N01,False,INS-06,Sat,2026-06-30,2026-06-30T18:00,manual_scale,851.8,639.8,True,1,0.2489
LOT-01475,SUP-B,B,RT-C08,True,INS-06,Wed,2026-05-26,2026-05-26T13:00,scanner,986.0,723.6,True,1,0.2661
LOT-01476,SUP-B,B,RT-C02,True,INS-04,Sat,2026-06-16,,broker_memory,,,True,1,
LOT-01477,SUP-B,B,RT-N02,False,INS-03,Mon,2026-07-03,,broker_memory,,,True,1,
LOT-01478,SUP-B,B,RT-N06,False,INS-04,Thu,2026-06-22,,broker_memory,,,True,1,
LOT-01479,SUP-B,B,RT-C07,True,INS-01,Sat,2026-06-30,2026-06-30T16:00,scanner,865.4,581.9,True,1,0.3276
LOT-01480,SUP-B,B,RT-N01,False,INS-07,Tue,2026-05-26,2026-05-26T11:00,manual_scale,897.6,668.5,True,1,0.2552
LOT-01481,SUP-B,B,RT-N00,False,INS-05,Sat,2026-06-05,2026-06-05T19:00,manual_scale,1014.5,818.6,True,1,0.1931
LOT-01482,SUP-B,B,RT-N07,False,INS-01,Mon,2026-06-13,2026-06-13T13:00,manual_scale,1002.6,671.8,False,0,0.3299
LOT-01483,SUP-B,B,RT-N04,False,INS-07,Thu,2026-06-01,,broker_memory,,,True,1,
LOT-01484,SUP-B,B,RT-N02,False,INS-07,Sat,2026-07-13,2026-07-13T12:00,manual_scale,1053.8,729.9,False,0,0.3074
LOT-01485,SUP-B,B,RT-N04,False,INS-05,Tue,2026-07-08,,broker_memory,,,False,0,
LOT-01486,SUP-B,B,RT-N06,False,INS-07,Sat,2026-06-07,2026-06-07T13:00,manual_scale,943.6,529.2,True,1,0.4392
LOT-01487,SUP-B,B,RT-N02,False,INS-05,Thu,2026-06-15,,broker_memory,,,True,1,
LOT-01488,SUP-B,B,RT-N02,False,INS-04,Sat,2026-07-24,2026-07-24T06:00,manual_scale,955.5,668.4,True,1,0.3005
LOT-01489,SUP-B,B,RT-N04,False,INS-07,Mon,2026-07-15,2026-07-15T19:00,manual_scale,1003.1,631.0,False,0,0.371
LOT-01490,SUP-B,B,RT-N07,False,INS-03,Wed,2026-06-22,2026-06-22T16:00,manual_scale,1116.8,853.4,True,1,0.2359
LOT-01491,SUP-B,B,RT-C08,True,INS-01,Mon,2026-05-10,2026-05-10T16:00,scanner,912.3,726.6,True,1,0.2036
LOT-01492,SUP-B,B,RT-C01,True,INS-05,Wed,2026-06-04,2026-06-04T16:00,scanner,1060.1,779.0,True,1,0.2652
LOT-01493,SUP-B,B,RT-N06,False,INS-06,Mon,2026-06-25,2026-06-25T16:00,manual_scale,767.4,580.1,True,1,0.2441
LOT-01494,SUP-B,B,RT-N07,False,INS-05,Tue,2026-05-07,2026-05-07T16:00,manual_scale,901.2,692.9,False,0,0.2311
LOT-01495,SUP-B,B,RT-N02,False,INS-03,Mon,2026-06-03,2026-06-03T11:00,manual_scale,1070.4,827.1,False,0,0.2273
LOT-01496,SUP-B,B,RT-N04,False,INS-01,Sat,2026-07-23,,broker_memory,,,True,1,
LOT-01497,SUP-B,B,RT-N07,False,INS-01,Thu,2026-07-18,2026-07-18T10:00,manual_scale,647.7,444.7,True,1,0.3134
LOT-01498,SUP-B,B,RT-N00,False,INS-00,Thu,2026-06-13,,broker_memory,,,False,0,
LOT-01499,SUP-B,B,RT-C01,True,INS-07,Sat,2026-06-24,2026-06-24T09:00,scanner,867.1,555.5,True,1,0.3594
LOT-01500,SUP-B,B,RT-N03,False,INS-05,Mon,2026-05-13,2026-05-13T18:00,manual_scale,752.6,455.0,True,1,0.3954
LOT-01501,SUP-B,B,RT-N06,False,INS-07,Thu,2026-05-14,2026-05-14T18:00,manual_scale,819.1,633.7,True,1,0.2263
LOT-01502,SUP-B,B,RT-N08,False,INS-00,Wed,2026-05-16,2026-05-16T15:00,manual_scale,1095.9,821.0,True,1,0.2508
LOT-01503,SUP-B,B,RT-N04,False,INS-07,Tue,2026-07-01,,broker_memory,,,False,0,
LOT-01504,SUP-B,B,RT-C03,True,INS-06,Thu,2026-06-03,2026-06-03T15:00,scanner,1218.0,794.4,True,1,0.3478
LOT-01505,SUP-B,B,RT-N05,False,INS-05,Tue,2026-05-25,,broker_memory,,,False,0,
LOT-01506,SUP-B,B,RT-N06,False,INS-05,Sat,2026-06-11,,broker_memory,,,True,1,
LOT-01507,SUP-B,B,RT-C07,True,INS-04,Thu,2026-07-13,2026-07-13T08:00,scanner,1037.4,773.0,True,1,0.2549
LOT-01508,SUP-B,B,RT-N01,False,INS-02,Wed,2026-07-09,2026-07-09T15:00,manual_scale,1088.5,676.4,True,1,0.3786
LOT-01509,SUP-B,B,RT-C00,True,INS-06,Fri,2026-08-04,2026-08-04T06:00,scanner,894.9,559.7,True,1,0.3746
LOT-01510,SUP-B,B,RT-N08,False,INS-06,Thu,2026-05-04,,broker_memory,,,True,1,
LOT-01511,SUP-B,B,RT-N01,False,INS-00,Tue,2026-07-26,,broker_memory,,,True,1,
LOT-01512,SUP-B,B,RT-N02,False,INS-00,Tue,2026-07-28,2026-07-28T06:00,manual_scale,1048.7,694.5,True,1,0.3378
LOT-01513,SUP-B,B,RT-C04,True,INS-05,Thu,2026-05-20,2026-05-20T18:00,scanner,767.6,540.2,True,1,0.2962
LOT-01514,SUP-B,B,RT-N03,False,INS-02,Wed,2026-05-20,2026-05-20T19:00,manual_scale,862.0,505.0,False,0,0.4142
LOT-01515,SUP-B,B,RT-N09,False,INS-05,Sat,2026-07-13,,broker_memory,,,True,1,
LOT-01516,SUP-B,B,RT-N03,False,INS-03,Tue,2026-05-06,2026-05-06T10:00,manual_scale,908.3,538.2,True,1,0.4075
LOT-01517,SUP-B,B,RT-N00,False,INS-04,Tue,2026-06-13,,broker_memory,,,False,0,
LOT-01518,SUP-B,B,RT-N06,False,INS-03,Thu,2026-07-23,2026-07-23T10:00,manual_scale,797.4,524.6,True,1,0.3421
LOT-01519,SUP-B,B,RT-N07,False,INS-01,Tue,2026-07-30,2026-07-30T11:00,manual_scale,1069.1,795.8,True,1,0.2556
LOT-01520,SUP-B,B,RT-N08,False,INS-03,Tue,2026-05-18,,broker_memory,,,True,1,
LOT-01521,SUP-B,B,RT-N01,False,INS-02,Fri,2026-07-26,,broker_memory,,,True,1,
LOT-01522,SUP-B,B,RT-N05,False,INS-03,Mon,2026-05-03,2026-05-03T07:00,manual_scale,1242.5,862.3,True,1,0.306
LOT-01523,SUP-B,B,RT-N00,False,INS-03,Fri,2026-07-15,2026-07-15T17:00,manual_scale,679.2,552.4,True,1,0.1867
LOT-01524,SUP-B,B,RT-N02,False,INS-01,Mon,2026-06-18,,broker_memory,,,False,0,
LOT-01525,SUP-B,B,RT-N07,False,INS-07,Sat,2026-07-13,2026-07-13T06:00,manual_scale,822.7,502.5,False,0,0.3892
LOT-01526,SUP-B,B,RT-C05,True,INS-03,Tue,2026-07-06,2026-07-06T13:00,scanner,1111.2,732.9,True,1,0.3404
LOT-01527,SUP-B,B,RT-N03,False,INS-04,Thu,2026-05-24,2026-05-24T12:00,manual_scale,870.6,581.6,True,1,0.332
LOT-01528,SUP-B,B,RT-N01,False,INS-03,Fri,2026-06-07,2026-06-07T16:00,manual_scale,776.6,589.1,True,1,0.2414
LOT-01529,SUP-B,B,RT-N01,False,INS-05,Fri,2026-05-23,,broker_memory,,,True,1,
LOT-01530,SUP-B,B,RT-N06,False,INS-02,Fri,2026-06-19,2026-06-19T11:00,manual_scale,1137.7,830.4,True,1,0.2701
LOT-01531,SUP-B,B,RT-N04,False,INS-07,Sat,2026-06-30,,broker_memory,,,True,1,
LOT-01532,SUP-B,B,RT-N09,False,INS-07,Tue,2026-06-12,2026-06-12T07:00,manual_scale,1108.3,726.5,True,1,0.3445
LOT-01533,SUP-B,B,RT-C06,True,INS-07,Fri,2026-07-16,2026-07-16T11:00,scanner,988.2,694.4,True,1,0.2973
LOT-01534,SUP-B,B,RT-N08,False,INS-03,Fri,2026-05-02,2026-05-02T06:00,manual_scale,751.6,548.3,True,1,0.2705
LOT-01535,SUP-B,B,RT-N06,False,INS-04,Fri,2026-07-13,,broker_memory,,,False,0,
LOT-01536,SUP-B,B,RT-N00,False,INS-03,Mon,2026-07-20,2026-07-20T14:00,manual_scale,1138.1,867.7,True,1,0.2376
LOT-01537,SUP-B,B,RT-N00,False,INS-04,Fri,2026-05-06,2026-05-06T08:00,manual_scale,848.5,614.6,True,1,0.2757
LOT-01538,SUP-B,B,RT-N01,False,INS-02,Sat,2026-07-27,2026-07-27T09:00,manual_scale,927.5,645.6,True,1,0.3039
LOT-01539,SUP-B,B,RT-N06,False,INS-04,Sat,2026-06-15,2026-06-15T19:00,manual_scale,809.9,557.2,True,1,0.312
LOT-01540,SUP-B,B,RT-N06,False,INS-03,Sat,2026-05-22,2026-05-22T06:00,manual_scale,1077.8,780.3,False,0,0.276
LOT-01541,SUP-B,B,RT-N08,False,INS-06,Wed,2026-07-06,,broker_memory,,,False,0,
LOT-01542,SUP-B,B,RT-N03,False,INS-06,Wed,2026-06-20,,broker_memory,,,True,1,
LOT-01543,SUP-B,B,RT-N06,False,INS-06,Tue,2026-05-16,2026-05-16T16:00,manual_scale,1063.7,672.8,True,1,0.3675
LOT-01544,SUP-B,B,RT-C06,True,INS-04,Tue,2026-06-28,,broker_memory,,,True,1,
LOT-01545,SUP-B,B,RT-C09,True,INS-06,Fri,2026-07-18,,broker_memory,,,True,1,
LOT-01546,SUP-B,B,RT-N06,False,INS-02,Thu,2026-05-28,,broker_memory,,,False,0,
LOT-01547,SUP-B,B,RT-N04,False,INS-06,Fri,2026-06-20,,broker_memory,,,True,1,
LOT-01548,SUP-B,B,RT-N03,False,INS-02,Fri,2026-05-03,,broker_memory,,,True,1,
LOT-01549,SUP-B,B,RT-N03,False,INS-00,Mon,2026-05-12,,broker_memory,,,True,1,
LOT-01550,SUP-B,B,RT-N01,False,INS-07,Fri,2026-05-27,,broker_memory,,,True,1,
LOT-01551,SUP-B,B,RT-C09,True,INS-01,Sat,2026-07-28,2026-07-28T13:00,scanner,933.5,612.1,True,1,0.3443
LOT-01552,SUP-B,B,RT-N00,False,INS-04,Thu,2026-05-20,,broker_memory,,,False,0,
LOT-01553,SUP-B,B,RT-N05,False,INS-05,Thu,2026-06-21,,broker_memory,,,False,0,
LOT-01554,SUP-B,B,RT-N09,False,INS-01,Tue,2026-07-09,2026-07-09T17:00,manual_scale,888.1,723.0,True,1,0.1859
LOT-01555,SUP-B,B,RT-N07,False,INS-04,Thu,2026-07-05,,broker_memory,,,False,0,
LOT-01556,SUP-B,B,RT-N07,False,INS-06,Fri,2026-06-01,2026-06-01T16:00,manual_scale,1146.7,712.0,False,0,0.3791
LOT-01557,SUP-B,B,RT-C04,True,INS-00,Wed,2026-07-16,2026-07-16T06:00,scanner,1092.3,717.3,True,1,0.3433
LOT-01558,SUP-B,B,RT-N00,False,INS-07,Fri,2026-06-04,,broker_memory,,,True,1,
LOT-01559,SUP-B,B,RT-N01,False,INS-03,Fri,2026-06-11,,broker_memory,,,False,0,
LOT-01560,SUP-B,B,RT-N00,False,INS-03,Wed,2026-06-04,2026-06-04T13:00,manual_scale,1047.8,739.5,True,1,0.2942
LOT-01561,SUP-B,B,RT-C07,True,INS-05,Mon,2026-05-06,2026-05-06T15:00,scanner,896.6,529.8,True,1,0.4091
LOT-01562,SUP-B,B,RT-N08,False,INS-07,Thu,2026-07-26,2026-07-26T13:00,manual_scale,971.1,728.3,True,1,0.25
LOT-01563,SUP-B,B,RT-N07,False,INS-01,Sat,2026-06-07,2026-06-07T14:00,manual_scale,744.1,560.6,True,1,0.2466
LOT-01564,SUP-B,B,RT-N01,False,INS-03,Wed,2026-07-14,2026-07-14T12:00,manual_scale,921.8,695.3,True,1,0.2457
LOT-01565,SUP-B,B,RT-C05,True,INS-04,Tue,2026-06-18,,broker_memory,,,True,1,
LOT-01566,SUP-B,B,RT-N04,False,INS-03,Sat,2026-05-06,2026-05-06T15:00,manual_scale,842.8,544.4,False,0,0.3541
LOT-01567,SUP-B,B,RT-N06,False,INS-04,Fri,2026-07-21,2026-07-21T13:00,manual_scale,1111.7,782.8,True,1,0.2959
LOT-01568,SUP-B,B,RT-N08,False,INS-07,Mon,2026-05-29,,broker_memory,,,True,1,
LOT-01569,SUP-B,B,RT-N09,False,INS-01,Mon,2026-07-31,2026-07-31T06:00,manual_scale,939.8,683.0,True,1,0.2732
LOT-01570,SUP-B,B,RT-N02,False,INS-07,Tue,2026-06-24,2026-06-24T08:00,manual_scale,1021.0,807.7,False,0,0.2089
LOT-01571,SUP-B,B,RT-N07,False,INS-06,Fri,2026-06-11,,broker_memory,,,False,0,
LOT-01572,SUP-B,B,RT-N02,False,INS-06,Fri,2026-05-16,,broker_memory,,,False,0,
LOT-01573,SUP-B,B,RT-N05,False,INS-00,Thu,2026-06-01,2026-06-01T08:00,manual_scale,856.3,620.3,True,1,0.2756
LOT-01574,SUP-B,B,RT-N02,False,INS-00,Mon,2026-07-22,,broker_memory,,,True,1,
LOT-01575,SUP-B,B,RT-N05,False,INS-03,Wed,2026-06-25,2026-06-25T07:00,manual_scale,929.3,532.3,False,0,0.4272
LOT-01576,SUP-B,B,RT-N04,False,INS-01,Sat,2026-06-22,2026-06-22T10:00,manual_scale,954.8,692.8,True,1,0.2744
LOT-01577,SUP-B,B,RT-N02,False,INS-07,Tue,2026-07-16,2026-07-16T07:00,manual_scale,898.2,616.3,False,0,0.3138
LOT-01578,SUP-B,B,RT-N07,False,INS-02,Thu,2026-07-18,2026-07-18T07:00,manual_scale,827.6,535.2,True,1,0.3533
LOT-01579,SUP-B,B,RT-C04,True,INS-03,Mon,2026-07-11,2026-07-11T15:00,scanner,929.1,569.6,True,1,0.3869
LOT-01580,SUP-B,B,RT-N00,False,INS-01,Mon,2026-05-02,,broker_memory,,,True,1,
LOT-01581,SUP-B,B,RT-N05,False,INS-00,Mon,2026-07-04,2026-07-04T18:00,manual_scale,961.1,667.0,False,0,0.306
LOT-01582,SUP-B,B,RT-N04,False,INS-02,Tue,2026-06-21,2026-06-21T11:00,manual_scale,714.3,516.5,True,1,0.2769
LOT-01583,SUP-B,B,RT-N06,False,INS-02,Mon,2026-06-19,2026-06-19T09:00,manual_scale,975.9,694.3,False,0,0.2886
LOT-01584,SUP-B,B,RT-N08,False,INS-02,Mon,2026-05-17,,broker_memory,,,True,1,
LOT-01585,SUP-B,B,RT-N03,False,INS-07,Fri,2026-05-03,,broker_memory,,,False,0,
LOT-01586,SUP-B,B,RT-C02,True,INS-07,Thu,2026-08-07,2026-08-07T19:00,scanner,933.2,584.8,True,1,0.3733
LOT-01587,SUP-B,B,RT-C03,True,INS-05,Tue,2026-05-31,2026-05-31T15:00,scanner,1037.4,702.5,True,1,0.3228
LOT-01588,SUP-B,B,RT-N08,False,INS-04,Fri,2026-06-05,,broker_memory,,,False,0,
LOT-01589,SUP-B,B,RT-C02,True,INS-07,Thu,2026-08-08,2026-08-08T13:00,scanner,973.2,646.6,True,1,0.3356
LOT-01590,SUP-B,B,RT-N05,False,INS-07,Sat,2026-06-05,,broker_memory,,,False,0,
LOT-01591,SUP-B,B,RT-N08,False,INS-04,Sat,2026-05-31,,broker_memory,,,False,0,
LOT-01592,SUP-B,B,RT-N09,False,INS-02,Wed,2026-08-04,2026-08-04T11:00,manual_scale,1130.2,732.4,True,1,0.352
LOT-01593,SUP-B,B,RT-N09,False,INS-06,Thu,2026-07-30,2026-07-30T07:00,manual_scale,949.9,744.4,True,1,0.2163
LOT-01594,SUP-B,B,RT-N00,False,INS-00,Mon,2026-05-18,,broker_memory,,,True,1,
LOT-01595,SUP-B,B,RT-C00,True,INS-06,Sat,2026-05-15,2026-05-15T08:00,scanner,930.4,685.0,True,1,0.2638
LOT-01596,SUP-B,B,RT-N08,False,INS-05,Sat,2026-06-24,2026-06-24T18:00,manual_scale,922.5,704.6,True,1,0.2362
LOT-01597,SUP-B,B,RT-C09,True,INS-05,Mon,2026-07-20,2026-07-20T07:00,scanner,946.1,673.3,True,1,0.2883
LOT-01598,SUP-B,B,RT-N09,False,INS-06,Tue,2026-06-11,,broker_memory,,,True,1,
LOT-01599,SUP-B,B,RT-N08,False,INS-07,Tue,2026-06-08,,broker_memory,,,True,1,
LOT-01600,SUP-B,B,RT-N04,False,INS-00,Fri,2026-05-22,,broker_memory,,,True,1,
LOT-01601,SUP-B,B,RT-N07,False,INS-03,Wed,2026-06-01,2026-06-01T12:00,manual_scale,1188.3,903.7,False,0,0.2395
LOT-01602,SUP-B,B,RT-N07,False,INS-02,Mon,2026-08-05,,broker_memory,,,True,1,
LOT-01603,SUP-B,B,RT-N05,False,INS-03,Sat,2026-06-23,2026-06-23T06:00,manual_scale,1087.4,698.4,True,1,0.3577
LOT-01604,SUP-B,B,RT-N00,False,INS-05,Thu,2026-07-10,,broker_memory,,,True,1,
LOT-01605,SUP-B,B,RT-N00,False,INS-02,Wed,2026-05-23,,broker_memory,,,True,1,
LOT-01606,SUP-B,B,RT-N07,False,INS-01,Wed,2026-07-06,,broker_memory,,,True,1,
LOT-01607,SUP-B,B,RT-N03,False,INS-02,Fri,2026-06-21,,broker_memory,,,True,1,
LOT-01608,SUP-B,B,RT-N00,False,INS-01,Mon,2026-07-09,2026-07-09T15:00,manual_scale,1123.0,746.9,False,0,0.3349
LOT-01609,SUP-B,B,RT-N09,False,INS-07,Sat,2026-05-04,,broker_memory,,,True,1,
LOT-01610,SUP-B,B,RT-N00,False,INS-00,Wed,2026-07-05,,broker_memory,,,True,1,
LOT-01611,SUP-B,B,RT-C05,True,INS-07,Thu,2026-07-13,2026-07-13T11:00,scanner,952.0,673.6,True,1,0.2924
LOT-01612,SUP-B,B,RT-C04,True,INS-03,Thu,2026-05-08,2026-05-08T10:00,scanner,933.9,726.8,True,1,0.2218
LOT-01613,SUP-B,B,RT-N03,False,INS-06,Sat,2026-07-13,2026-07-13T16:00,manual_scale,840.3,579.7,True,1,0.3101
LOT-01614,SUP-B,B,RT-N09,False,INS-07,Thu,2026-07-17,2026-07-17T16:00,manual_scale,867.5,633.8,True,1,0.2694
LOT-01615,SUP-B,B,RT-N08,False,INS-01,Tue,2026-05-07,2026-05-07T11:00,manual_scale,1283.0,706.2,True,1,0.4496
LOT-01616,SUP-B,B,RT-N07,False,INS-01,Tue,2026-06-28,2026-06-28T09:00,manual_scale,987.3,806.3,True,1,0.1833
LOT-01617,SUP-B,B,RT-N03,False,INS-02,Mon,2026-05-29,2026-05-29T13:00,manual_scale,1044.8,812.0,True,1,0.2228
LOT-01618,SUP-B,B,RT-C01,True,INS-01,Sat,2026-08-03,2026-08-03T11:00,scanner,856.3,602.9,True,1,0.2959
LOT-01619,SUP-B,B,RT-N06,False,INS-06,Sat,2026-08-01,2026-08-01T14:00,manual_scale,1116.8,912.6,True,1,0.1828
LOT-01620,SUP-B,B,RT-N00,False,INS-04,Tue,2026-05-24,,broker_memory,,,False,0,
LOT-01621,SUP-B,B,RT-N01,False,INS-01,Sat,2026-06-17,2026-06-17T12:00,manual_scale,900.7,576.1,True,1,0.3604
LOT-01622,SUP-B,B,RT-C09,True,INS-00,Thu,2026-05-15,2026-05-15T15:00,scanner,801.9,494.2,True,1,0.3837
LOT-01623,SUP-B,B,RT-N00,False,INS-03,Tue,2026-06-20,2026-06-20T08:00,manual_scale,978.2,623.2,True,1,0.3629
LOT-01624,SUP-B,B,RT-N05,False,INS-07,Tue,2026-08-03,,broker_memory,,,True,1,
LOT-01625,SUP-B,B,RT-N01,False,INS-00,Wed,2026-07-25,,broker_memory,,,True,1,
LOT-01626,SUP-B,B,RT-N02,False,INS-02,Wed,2026-06-20,2026-06-20T09:00,manual_scale,1064.6,733.0,True,1,0.3115
LOT-01627,SUP-B,B,RT-N01,False,INS-04,Thu,2026-06-07,,broker_memory,,,True,1,
LOT-01628,SUP-B,B,RT-C01,True,INS-06,Wed,2026-05-27,,broker_memory,,,True,1,
LOT-01629,SUP-B,B,RT-N06,False,INS-05,Tue,2026-07-04,,broker_memory,,,False,0,
LOT-01630,SUP-B,B,RT-C08,True,INS-07,Sat,2026-06-18,2026-06-18T19:00,scanner,1011.1,742.0,True,1,0.2661
LOT-01631,SUP-B,B,RT-N06,False,INS-06,Thu,2026-07-30,2026-07-30T13:00,manual_scale,1122.7,862.3,True,1,0.2319
LOT-01632,SUP-B,B,RT-N08,False,INS-01,Wed,2026-06-19,,broker_memory,,,False,0,
LOT-01633,SUP-B,B,RT-N00,False,INS-01,Sat,2026-07-18,2026-07-18T19:00,manual_scale,1100.7,855.1,False,0,0.2231
LOT-01634,SUP-B,B,RT-N08,False,INS-05,Thu,2026-05-14,,broker_memory,,,False,0,
LOT-01635,SUP-B,B,RT-N03,False,INS-06,Thu,2026-07-09,2026-07-09T08:00,manual_scale,967.5,644.3,True,1,0.3341
LOT-01636,SUP-B,B,RT-N09,False,INS-00,Fri,2026-05-09,2026-05-09T08:00,manual_scale,952.1,656.3,True,1,0.3107
LOT-01637,SUP-B,B,RT-N08,False,INS-00,Fri,2026-06-21,,broker_memory,,,True,1,
LOT-01638,SUP-B,B,RT-N04,False,INS-01,Wed,2026-05-08,2026-05-08T11:00,manual_scale,1137.3,738.7,True,1,0.3505
LOT-01639,SUP-B,B,RT-N08,False,INS-04,Thu,2026-07-26,,broker_memory,,,True,1,
LOT-01640,SUP-B,B,RT-N01,False,INS-05,Fri,2026-07-27,2026-07-27T14:00,manual_scale,881.4,656.2,True,1,0.2555
LOT-01641,SUP-B,B,RT-N04,False,INS-01,Wed,2026-07-06,2026-07-06T18:00,manual_scale,849.0,564.5,True,1,0.3351
LOT-01642,SUP-B,B,RT-N07,False,INS-07,Sat,2026-07-14,2026-07-14T14:00,manual_scale,987.0,611.4,True,1,0.3805
LOT-01643,SUP-B,B,RT-N00,False,INS-07,Wed,2026-06-16,,broker_memory,,,True,1,
LOT-01644,SUP-B,B,RT-N06,False,INS-03,Thu,2026-06-03,,broker_memory,,,True,1,
LOT-01645,SUP-B,B,RT-N05,False,INS-05,Wed,2026-05-23,,broker_memory,,,True,1,
LOT-01646,SUP-B,B,RT-C06,True,INS-06,Mon,2026-07-29,2026-07-29T17:00,scanner,902.1,580.8,False,0,0.3562
LOT-01647,SUP-B,B,RT-N01,False,INS-04,Fri,2026-05-16,2026-05-16T19:00,manual_scale,1115.0,731.8,True,1,0.3437
LOT-01648,SUP-B,B,RT-N08,False,INS-05,Sat,2026-05-17,2026-05-17T18:00,manual_scale,833.3,560.5,False,0,0.3274
LOT-01649,SUP-B,B,RT-N03,False,INS-02,Wed,2026-05-29,2026-05-29T09:00,manual_scale,793.9,556.6,True,1,0.2989
LOT-01650,SUP-B,B,RT-N06,False,INS-07,Tue,2026-07-10,,broker_memory,,,True,1,
LOT-01651,SUP-B,B,RT-C08,True,INS-06,Tue,2026-06-19,2026-06-19T07:00,scanner,807.0,566.4,True,1,0.2981
LOT-01652,SUP-B,B,RT-N09,False,INS-06,Sat,2026-05-05,2026-05-05T18:00,manual_scale,960.3,706.4,True,1,0.2644
LOT-01653,SUP-B,B,RT-N01,False,INS-02,Fri,2026-05-02,2026-05-02T08:00,manual_scale,1008.8,738.2,False,0,0.2682
LOT-01654,SUP-B,B,RT-N01,False,INS-06,Wed,2026-08-01,2026-08-01T10:00,manual_scale,874.5,576.9,True,1,0.3403
LOT-01655,SUP-B,B,RT-N04,False,INS-07,Tue,2026-08-08,2026-08-08T08:00,manual_scale,898.3,738.2,False,0,0.1782
LOT-01656,SUP-B,B,RT-N05,False,INS-01,Mon,2026-05-31,2026-05-31T09:00,manual_scale,964.3,725.7,False,0,0.2474
LOT-01657,SUP-B,B,RT-N01,False,INS-05,Mon,2026-05-12,2026-05-12T12:00,manual_scale,1079.0,701.8,True,1,0.3496
LOT-01658,SUP-B,B,RT-N08,False,INS-02,Fri,2026-06-06,2026-06-06T09:00,manual_scale,1118.0,680.5,True,1,0.3913
LOT-01659,SUP-B,B,RT-N06,False,INS-02,Tue,2026-07-06,2026-07-06T12:00,manual_scale,1150.6,808.0,True,1,0.2978
LOT-01660,SUP-B,B,RT-N08,False,INS-04,Mon,2026-06-19,,broker_memory,,,True,1,
LOT-01661,SUP-B,B,RT-N08,False,INS-04,Thu,2026-07-14,,broker_memory,,,True,1,
LOT-01662,SUP-B,B,RT-N03,False,INS-01,Mon,2026-05-13,2026-05-13T10:00,manual_scale,960.5,625.2,True,1,0.3491
LOT-01663,SUP-B,B,RT-N05,False,INS-06,Tue,2026-05-18,2026-05-18T15:00,manual_scale,936.5,592.6,True,1,0.3672
LOT-01664,SUP-B,B,RT-N05,False,INS-03,Thu,2026-07-13,,broker_memory,,,False,0,
LOT-01665,SUP-B,B,RT-N00,False,INS-01,Thu,2026-08-08,2026-08-08T18:00,manual_scale,1112.3,793.1,True,1,0.287
LOT-01666,SUP-B,B,RT-N06,False,INS-03,Fri,2026-06-01,2026-06-01T09:00,manual_scale,908.4,660.9,False,0,0.2725
LOT-01667,SUP-B,B,RT-N05,False,INS-03,Thu,2026-05-06,2026-05-06T14:00,manual_scale,1125.9,798.6,True,1,0.2907
LOT-01668,SUP-B,B,RT-N05,False,INS-06,Sat,2026-07-25,2026-07-25T14:00,manual_scale,1021.7,706.7,True,1,0.3083
LOT-01669,SUP-B,B,RT-N01,False,INS-04,Thu,2026-05-17,2026-05-17T06:00,manual_scale,915.5,491.9,True,1,0.4627
LOT-01670,SUP-B,B,RT-N07,False,INS-04,Wed,2026-08-06,2026-08-06T07:00,manual_scale,755.0,560.3,True,1,0.2579
LOT-01671,SUP-B,B,RT-N07,False,INS-07,Wed,2026-06-24,2026-06-24T12:00,manual_scale,853.0,596.2,True,1,0.3011
LOT-01672,SUP-B,B,RT-N01,False,INS-02,Thu,2026-05-21,2026-05-21T12:00,manual_scale,785.7,475.2,True,1,0.3952
LOT-01673,SUP-B,B,RT-C07,True,INS-06,Mon,2026-08-08,2026-08-08T15:00,scanner,953.2,799.0,True,1,0.1618
LOT-01674,SUP-B,B,RT-N03,False,INS-06,Tue,2026-05-07,2026-05-07T19:00,manual_scale,826.8,535.7,True,1,0.3521
LOT-01675,SUP-B,B,RT-N03,False,INS-01,Wed,2026-05-01,2026-05-01T19:00,manual_scale,896.8,697.5,False,0,0.2222
LOT-01676,SUP-B,B,RT-N03,False,INS-06,Thu,2026-05-30,,broker_memory,,,True,1,
LOT-01677,SUP-B,B,RT-N09,False,INS-05,Wed,2026-07-13,2026-07-13T15:00,manual_scale,1110.1,697.0,True,1,0.3721
LOT-01678,SUP-B,B,RT-N05,False,INS-06,Thu,2026-07-09,,broker_memory,,,False,0,
LOT-01679,SUP-B,B,RT-N03,False,INS-01,Wed,2026-07-18,2026-07-18T12:00,manual_scale,830.8,615.8,True,1,0.2588
LOT-01680,SUP-B,B,RT-N00,False,INS-03,Thu,2026-06-04,2026-06-04T16:00,manual_scale,950.6,681.5,False,0,0.2831
LOT-01681,SUP-B,B,RT-N03,False,INS-01,Thu,2026-05-07,2026-05-07T17:00,manual_scale,1042.2,723.3,False,0,0.306
LOT-01682,SUP-B,B,RT-N08,False,INS-05,Fri,2026-05-24,,broker_memory,,,True,1,
LOT-01683,SUP-B,B,RT-N03,False,INS-03,Wed,2026-05-02,2026-05-02T17:00,manual_scale,1072.3,677.6,True,1,0.3681
LOT-01684,SUP-B,B,RT-N09,False,INS-01,Tue,2026-07-20,,broker_memory,,,True,1,
LOT-01685,SUP-B,B,RT-N07,False,INS-00,Tue,2026-07-30,2026-07-30T07:00,manual_scale,935.8,650.5,True,1,0.3049
LOT-01686,SUP-B,B,RT-N09,False,INS-03,Sat,2026-07-05,2026-07-05T18:00,manual_scale,1178.8,817.8,True,1,0.3062
LOT-01687,SUP-B,B,RT-N03,False,INS-01,Mon,2026-05-31,2026-05-31T14:00,manual_scale,892.8,582.6,True,1,0.3474
LOT-01688,SUP-B,B,RT-C05,True,INS-05,Fri,2026-05-13,2026-05-13T10:00,scanner,831.1,596.3,True,1,0.2825
LOT-01689,SUP-B,B,RT-N01,False,INS-07,Sat,2026-08-05,,broker_memory,,,True,1,
LOT-01690,SUP-B,B,RT-N07,False,INS-06,Sat,2026-05-07,,broker_memory,,,False,0,
LOT-01691,SUP-B,B,RT-N08,False,INS-03,Thu,2026-05-11,,broker_memory,,,True,1,
LOT-01692,SUP-B,B,RT-N04,False,INS-00,Mon,2026-08-05,2026-08-05T12:00,manual_scale,1041.2,657.2,True,1,0.3688
LOT-01693,SUP-B,B,RT-N09,False,INS-01,Thu,2026-07-13,2026-07-13T12:00,manual_scale,1247.9,897.2,True,1,0.281
LOT-01694,SUP-B,B,RT-N04,False,INS-05,Wed,2026-08-06,,broker_memory,,,False,0,
LOT-01695,SUP-B,B,RT-N06,False,INS-02,Thu,2026-08-01,,broker_memory,,,True,1,
LOT-01696,SUP-B,B,RT-N01,False,INS-04,Fri,2026-06-21,2026-06-21T12:00,manual_scale,861.7,561.8,False,0,0.348
LOT-01697,SUP-B,B,RT-N00,False,INS-07,Fri,2026-07-02,2026-07-02T07:00,manual_scale,1043.6,750.9,True,1,0.2805
LOT-01698,SUP-B,B,RT-N05,False,INS-03,Thu,2026-05-07,2026-05-07T19:00,manual_scale,880.1,667.0,True,1,0.2421
LOT-01699,SUP-B,B,RT-N08,False,INS-06,Tue,2026-07-20,2026-07-20T14:00,manual_scale,1093.7,755.0,False,0,0.3097
LOT-01700,SUP-B,B,RT-N02,False,INS-06,Tue,2026-06-28,,broker_memory,,,True,1,
LOT-01701,SUP-B,B,RT-N04,False,INS-00,Sat,2026-07-27,2026-07-27T15:00,manual_scale,1156.1,756.9,True,1,0.3453
LOT-01702,SUP-B,B,RT-N01,False,INS-00,Wed,2026-08-03,2026-08-03T06:00,manual_scale,979.8,658.0,True,1,0.3284
LOT-01703,SUP-B,B,RT-N04,False,INS-06,Tue,2026-07-31,2026-07-31T11:00,manual_scale,834.7,682.4,True,1,0.1825
LOT-01704,SUP-B,B,RT-N07,False,INS-00,Thu,2026-06-23,,broker_memory,,,True,1,
LOT-01705,SUP-B,B,RT-N09,False,INS-02,Mon,2026-08-06,2026-08-06T13:00,manual_scale,871.4,608.4,True,1,0.3018
LOT-01706,SUP-B,B,RT-N03,False,INS-02,Wed,2026-07-25,,broker_memory,,,False,0,
LOT-01707,SUP-B,B,RT-N00,False,INS-04,Sat,2026-07-01,2026-07-01T08:00,manual_scale,1290.6,770.8,False,0,0.4028
LOT-01708,SUP-B,B,RT-N07,False,INS-00,Fri,2026-07-09,,broker_memory,,,True,1,
LOT-01709,SUP-B,B,RT-N03,False,INS-03,Fri,2026-08-01,,broker_memory,,,True,1,
LOT-01710,SUP-B,B,RT-N06,False,INS-06,Tue,2026-05-29,2026-05-29T16:00,manual_scale,1062.6,728.4,True,1,0.3145
LOT-01711,SUP-B,B,RT-N03,False,INS-03,Sat,2026-07-03,2026-07-03T12:00,manual_scale,1099.5,629.0,True,1,0.4279
LOT-01712,SUP-B,B,RT-N03,False,INS-00,Thu,2026-07-26,2026-07-26T18:00,manual_scale,916.3,623.8,True,1,0.3192
LOT-01713,SUP-B,B,RT-N07,False,INS-07,Thu,2026-05-03,2026-05-03T10:00,manual_scale,765.9,538.5,True,1,0.2969
LOT-01714,SUP-B,B,RT-N06,False,INS-07,Mon,2026-06-02,2026-06-02T13:00,manual_scale,803.3,570.1,True,1,0.2903
LOT-01715,SUP-B,B,RT-N02,False,INS-05,Thu,2026-05-05,2026-05-05T08:00,manual_scale,998.5,689.3,True,1,0.3097
LOT-01716,SUP-B,B,RT-N04,False,INS-04,Tue,2026-05-02,2026-05-02T06:00,manual_scale,1025.6,802.1,False,0,0.2179
LOT-01717,SUP-B,B,RT-N00,False,INS-07,Thu,2026-06-23,2026-06-23T13:00,manual_scale,909.9,655.1,True,1,0.28
LOT-01718,SUP-B,B,RT-N03,False,INS-02,Wed,2026-07-11,,broker_memory,,,True,1,
LOT-01719,SUP-B,B,RT-N08,False,INS-07,Sat,2026-05-27,2026-05-27T15:00,manual_scale,1123.2,695.2,True,1,0.3811
LOT-01720,SUP-B,B,RT-C07,True,INS-04,Wed,2026-05-22,2026-05-22T09:00,scanner,1096.3,774.2,True,1,0.2938
LOT-01721,SUP-B,B,RT-N07,False,INS-02,Wed,2026-06-30,2026-06-30T07:00,manual_scale,742.4,517.3,False,0,0.3032
LOT-01722,SUP-B,B,RT-N04,False,INS-04,Fri,2026-08-06,2026-08-06T07:00,manual_scale,1119.8,692.3,True,1,0.3818
LOT-01723,SUP-B,B,RT-N01,False,INS-01,Wed,2026-07-17,2026-07-17T09:00,manual_scale,923.2,614.6,True,1,0.3343
LOT-01724,SUP-B,B,RT-N00,False,INS-00,Wed,2026-05-04,,broker_memory,,,True,1,
LOT-01725,SUP-B,B,RT-N06,False,INS-01,Wed,2026-07-31,,broker_memory,,,True,1,
LOT-01726,SUP-B,B,RT-N09,False,INS-00,Fri,2026-06-15,2026-06-15T13:00,manual_scale,1137.0,717.9,True,1,0.3686
LOT-01727,SUP-B,B,RT-N00,False,INS-02,Fri,2026-05-27,2026-05-27T12:00,manual_scale,850.5,486.1,True,1,0.4285
LOT-01728,SUP-B,B,RT-N01,False,INS-07,Sat,2026-05-01,,broker_memory,,,True,1,
LOT-01729,SUP-B,B,RT-N02,False,INS-04,Fri,2026-06-28,2026-06-28T18:00,manual_scale,975.9,706.9,True,1,0.2756
LOT-01730,SUP-B,B,RT-N01,False,INS-00,Wed,2026-05-31,,broker_memory,,,False,0,
LOT-01731,SUP-B,B,RT-N02,False,INS-02,Tue,2026-07-24,2026-07-24T12:00,manual_scale,1070.5,731.7,True,1,0.3165
LOT-01732,SUP-B,B,RT-N09,False,INS-05,Wed,2026-07-28,2026-07-28T14:00,manual_scale,665.8,447.9,False,0,0.3273
LOT-01733,SUP-B,B,RT-N09,False,INS-00,Fri,2026-06-15,,broker_memory,,,True,1,
LOT-01734,SUP-B,B,RT-N00,False,INS-01,Wed,2026-06-14,,broker_memory,,,False,0,
LOT-01735,SUP-B,B,RT-N02,False,INS-06,Wed,2026-06-11,,broker_memory,,,True,1,
LOT-01736,SUP-B,B,RT-N02,False,INS-05,Fri,2026-05-03,2026-05-03T17:00,manual_scale,1045.4,718.7,True,1,0.3125
LOT-01737,SUP-B,B,RT-N04,False,INS-02,Tue,2026-08-08,2026-08-08T09:00,manual_scale,755.6,504.2,True,1,0.3327
LOT-01738,SUP-B,B,RT-N00,False,INS-06,Fri,2026-05-16,,broker_memory,,,True,1,
LOT-01739,SUP-B,B,RT-N00,False,INS-00,Thu,2026-06-19,,broker_memory,,,True,1,
LOT-01740,SUP-B,B,RT-N04,False,INS-03,Sat,2026-05-06,,broker_memory,,,False,0,
LOT-01741,SUP-B,B,RT-N02,False,INS-04,Wed,2026-06-02,,broker_memory,,,True,1,
LOT-01742,SUP-B,B,RT-N01,False,INS-04,Thu,2026-08-02,2026-08-02T09:00,manual_scale,1290.1,889.2,True,1,0.3108
LOT-01743,SUP-B,B,RT-N09,False,INS-05,Wed,2026-08-06,2026-08-06T14:00,manual_scale,1178.3,815.7,True,1,0.3077
LOT-01744,SUP-B,B,RT-N06,False,INS-07,Fri,2026-06-18,2026-06-18T16:00,manual_scale,884.1,499.5,True,1,0.435
LOT-01745,SUP-B,B,RT-N03,False,INS-01,Tue,2026-05-31,2026-05-31T06:00,manual_scale,1172.7,847.3,True,1,0.2775
LOT-01746,SUP-B,B,RT-N05,False,INS-05,Wed,2026-05-10,2026-05-10T16:00,manual_scale,846.1,675.9,True,1,0.2012
LOT-01747,SUP-B,B,RT-N07,False,INS-00,Tue,2026-08-07,,broker_memory,,,True,1,
LOT-01748,SUP-B,B,RT-N06,False,INS-04,Wed,2026-07-05,2026-07-05T08:00,manual_scale,838.9,524.2,False,0,0.3751
LOT-01749,SUP-B,B,RT-C04,True,INS-07,Sat,2026-08-01,2026-08-01T08:00,scanner,1047.7,712.9,True,1,0.3196
LOT-01750,SUP-B,B,RT-C06,True,INS-01,Wed,2026-07-27,2026-07-27T15:00,scanner,958.9,644.2,True,1,0.3282
LOT-01751,SUP-B,B,RT-C05,True,INS-01,Mon,2026-05-25,2026-05-25T15:00,scanner,1071.4,832.9,True,1,0.2226
LOT-01752,SUP-B,B,RT-N04,False,INS-02,Thu,2026-05-04,2026-05-04T09:00,manual_scale,972.1,672.6,False,0,0.3081
LOT-01753,SUP-B,B,RT-N01,False,INS-02,Mon,2026-05-14,,broker_memory,,,True,1,
LOT-01754,SUP-B,B,RT-N08,False,INS-05,Thu,2026-06-18,,broker_memory,,,True,1,
LOT-01755,SUP-B,B,RT-N07,False,INS-01,Tue,2026-07-14,,broker_memory,,,True,1,
LOT-01756,SUP-B,B,RT-N06,False,INS-00,Mon,2026-06-19,,broker_memory,,,True,1,
LOT-01757,SUP-B,B,RT-N03,False,INS-00,Sat,2026-05-18,2026-05-18T10:00,manual_scale,795.9,438.7,True,1,0.4488
LOT-01758,SUP-B,B,RT-N00,False,INS-00,Mon,2026-07-11,2026-07-11T09:00,manual_scale,1033.9,727.1,True,1,0.2967
LOT-01759,SUP-B,B,RT-N02,False,INS-01,Tue,2026-06-13,2026-06-13T16:00,manual_scale,1070.6,637.7,True,1,0.4044
LOT-01760,SUP-B,B,RT-N05,False,INS-04,Fri,2026-05-04,2026-05-04T17:00,manual_scale,897.9,609.3,True,1,0.3214
LOT-01761,SUP-B,B,RT-N00,False,INS-01,Fri,2026-06-09,2026-06-09T12:00,manual_scale,1000.4,737.9,True,1,0.2624
LOT-01762,SUP-B,B,RT-N04,False,INS-01,Mon,2026-06-03,2026-06-03T16:00,manual_scale,999.4,691.1,False,0,0.3085
LOT-01763,SUP-B,B,RT-N01,False,INS-01,Wed,2026-07-20,2026-07-20T07:00,manual_scale,725.2,560.5,True,1,0.2271
LOT-01764,SUP-B,B,RT-N02,False,INS-02,Fri,2026-07-05,2026-07-05T18:00,manual_scale,1006.7,702.6,False,0,0.3021
LOT-01765,SUP-B,B,RT-N08,False,INS-03,Thu,2026-07-25,,broker_memory,,,True,1,
LOT-01766,SUP-B,B,RT-N09,False,INS-02,Fri,2026-05-11,2026-05-11T06:00,manual_scale,844.8,563.6,True,1,0.3329
LOT-01767,SUP-B,B,RT-N09,False,INS-03,Wed,2026-06-08,2026-06-08T12:00,manual_scale,1122.2,713.9,True,1,0.3638
LOT-01768,SUP-B,B,RT-N05,False,INS-07,Thu,2026-07-25,,broker_memory,,,True,1,
LOT-01769,SUP-B,B,RT-N09,False,INS-01,Mon,2026-05-12,2026-05-12T17:00,manual_scale,852.5,640.3,True,1,0.2489
LOT-01770,SUP-B,B,RT-N02,False,INS-04,Thu,2026-05-31,,broker_memory,,,True,1,
LOT-01771,SUP-B,B,RT-N01,False,INS-07,Wed,2026-06-26,2026-06-26T16:00,manual_scale,972.0,651.3,False,0,0.3299
LOT-01772,SUP-B,B,RT-N00,False,INS-00,Tue,2026-06-10,2026-06-10T15:00,manual_scale,1035.8,685.4,True,1,0.3383
LOT-01773,SUP-B,B,RT-N08,False,INS-07,Fri,2026-08-05,,broker_memory,,,True,1,
LOT-01774,SUP-B,B,RT-N08,False,INS-01,Wed,2026-06-06,2026-06-06T11:00,manual_scale,962.0,576.9,True,1,0.4003
LOT-01775,SUP-B,B,RT-N06,False,INS-04,Sat,2026-05-11,,broker_memory,,,True,1,
LOT-01776,SUP-B,B,RT-N07,False,INS-06,Sat,2026-07-19,2026-07-19T15:00,manual_scale,1014.1,757.3,True,1,0.2532
LOT-01777,SUP-B,B,RT-C01,True,INS-05,Mon,2026-07-11,2026-07-11T08:00,scanner,1034.9,818.1,True,1,0.2095
LOT-01778,SUP-B,B,RT-N09,False,INS-03,Wed,2026-05-30,2026-05-30T15:00,manual_scale,1066.3,677.8,True,1,0.3643
LOT-01779,SUP-B,B,RT-N06,False,INS-02,Tue,2026-08-08,2026-08-08T07:00,manual_scale,913.2,558.2,True,1,0.3887
LOT-01780,SUP-B,B,RT-N08,False,INS-04,Fri,2026-05-31,,broker_memory,,,True,1,
LOT-01781,SUP-B,B,RT-N05,False,INS-05,Tue,2026-05-05,2026-05-05T12:00,manual_scale,944.6,551.1,True,1,0.4166
LOT-01782,SUP-B,B,RT-N06,False,INS-07,Thu,2026-06-20,2026-06-20T12:00,manual_scale,810.1,550.3,True,1,0.3207
LOT-01783,SUP-B,B,RT-N05,False,INS-04,Tue,2026-07-03,2026-07-03T09:00,manual_scale,873.7,694.7,True,1,0.2049
LOT-01784,SUP-B,B,RT-N08,False,INS-03,Sat,2026-06-09,,broker_memory,,,True,1,
LOT-01785,SUP-B,B,RT-N00,False,INS-01,Wed,2026-06-20,2026-06-20T14:00,manual_scale,713.4,561.9,True,1,0.2124
LOT-01786,SUP-B,B,RT-N06,False,INS-05,Mon,2026-08-04,,broker_memory,,,True,1,
LOT-01787,SUP-B,B,RT-N00,False,INS-06,Mon,2026-08-04,,broker_memory,,,True,1,
LOT-01788,SUP-B,B,RT-N09,False,INS-07,Wed,2026-07-10,,broker_memory,,,True,1,
LOT-01789,SUP-B,B,RT-N03,False,INS-04,Fri,2026-08-04,,broker_memory,,,True,1,
LOT-01790,SUP-B,B,RT-N06,False,INS-06,Sat,2026-06-14,2026-06-14T10:00,manual_scale,750.8,583.0,True,1,0.2235
LOT-01791,SUP-B,B,RT-N02,False,INS-04,Wed,2026-05-06,,broker_memory,,,False,0,
LOT-01792,SUP-B,B,RT-N01,False,INS-05,Wed,2026-07-31,2026-07-31T18:00,manual_scale,975.7,624.8,True,1,0.3596
LOT-01793,SUP-B,B,RT-N01,False,INS-00,Wed,2026-07-22,,broker_memory,,,True,1,
LOT-01794,SUP-B,B,RT-N03,False,INS-06,Sat,2026-06-15,,broker_memory,,,True,1,
LOT-01795,SUP-B,B,RT-N05,False,INS-01,Thu,2026-07-16,,broker_memory,,,False,0,
LOT-01796,SUP-B,B,RT-N01,False,INS-06,Tue,2026-07-18,2026-07-18T16:00,manual_scale,1052.8,701.7,False,0,0.3335
LOT-01797,SUP-B,B,RT-N06,False,INS-04,Sat,2026-05-11,,broker_memory,,,True,1,
LOT-01798,SUP-B,B,RT-N07,False,INS-06,Thu,2026-05-05,2026-05-05T07:00,manual_scale,737.7,516.6,True,1,0.2997
LOT-01799,SUP-B,B,RT-N01,False,INS-02,Tue,2026-06-30,,broker_memory,,,True,1,
LOT-01800,SUP-B,B,RT-N03,False,INS-02,Mon,2026-07-10,2026-07-10T14:00,manual_scale,755.5,653.4,True,1,0.1351
LOT-01801,SUP-B,B,RT-N06,False,INS-00,Tue,2026-06-20,2026-06-20T15:00,manual_scale,842.5,751.2,False,0,0.1084
LOT-01802,SUP-B,B,RT-N06,False,INS-02,Thu,2026-05-07,,broker_memory,,,True,1,
LOT-01803,SUP-B,B,RT-N03,False,INS-04,Sat,2026-05-12,2026-05-12T14:00,manual_scale,887.3,626.2,False,0,0.2943
LOT-01804,SUP-B,B,RT-N04,False,INS-06,Sat,2026-06-05,2026-06-05T08:00,manual_scale,920.7,718.7,False,0,0.2194
LOT-01805,SUP-B,B,RT-N00,False,INS-05,Tue,2026-06-08,2026-06-08T18:00,manual_scale,900.1,696.0,True,1,0.2268
LOT-01806,SUP-B,B,RT-N00,False,INS-06,Thu,2026-07-09,2026-07-09T12:00,manual_scale,1041.2,753.5,True,1,0.2763
LOT-01807,SUP-B,B,RT-N06,False,INS-00,Mon,2026-06-19,,broker_memory,,,True,1,
LOT-01808,SUP-B,B,RT-N03,False,INS-05,Wed,2026-05-20,2026-05-20T15:00,manual_scale,1091.2,699.8,True,1,0.3587
LOT-01809,SUP-B,B,RT-N05,False,INS-03,Thu,2026-07-31,2026-07-31T19:00,manual_scale,1094.6,705.0,True,1,0.3559
LOT-01810,SUP-B,B,RT-N03,False,INS-01,Wed,2026-06-26,,broker_memory,,,True,1,
LOT-01811,SUP-B,B,RT-N07,False,INS-07,Mon,2026-05-09,,broker_memory,,,True,1,
LOT-01812,SUP-B,B,RT-N06,False,INS-02,Sat,2026-06-17,2026-06-17T07:00,manual_scale,961.7,579.5,True,1,0.3974
LOT-01813,SUP-B,B,RT-N08,False,INS-00,Sat,2026-07-01,,broker_memory,,,True,1,
LOT-01814,SUP-B,B,RT-N07,False,INS-07,Sat,2026-06-19,2026-06-19T14:00,manual_scale,1092.0,672.8,True,1,0.3839
LOT-01815,SUP-B,B,RT-N00,False,INS-06,Wed,2026-06-29,2026-06-29T09:00,manual_scale,1051.2,686.3,False,0,0.3471
LOT-01816,SUP-B,B,RT-N07,False,INS-06,Thu,2026-05-06,2026-05-06T06:00,manual_scale,794.5,567.8,False,0,0.2853
LOT-01817,SUP-B,B,RT-N07,False,INS-03,Mon,2026-07-10,2026-07-10T06:00,manual_scale,817.9,588.4,True,1,0.2806
LOT-01818,SUP-B,B,RT-N02,False,INS-06,Wed,2026-05-07,,broker_memory,,,False,0,
LOT-01819,SUP-B,B,RT-N09,False,INS-07,Fri,2026-06-25,,broker_memory,,,True,1,
LOT-01820,SUP-B,B,RT-N07,False,INS-01,Wed,2026-06-21,,broker_memory,,,True,1,
LOT-01821,SUP-B,B,RT-C04,True,INS-07,Fri,2026-08-01,2026-08-01T18:00,scanner,915.5,693.1,True,1,0.2429
LOT-01822,SUP-B,B,RT-N02,False,INS-00,Wed,2026-07-25,2026-07-25T06:00,manual_scale,973.0,685.1,True,1,0.2959
LOT-01823,SUP-B,B,RT-N03,False,INS-00,Sat,2026-06-27,,broker_memory,,,True,1,
LOT-01824,SUP-B,B,RT-N03,False,INS-03,Tue,2026-07-02,,broker_memory,,,False,0,
LOT-01825,SUP-B,B,RT-N02,False,INS-05,Mon,2026-07-21,,broker_memory,,,False,0,
LOT-01826,SUP-B,B,RT-N09,False,INS-06,Thu,2026-05-31,2026-05-31T07:00,manual_scale,746.7,483.2,True,1,0.3529
LOT-01827,SUP-B,B,RT-N02,False,INS-01,Mon,2026-06-07,,broker_memory,,,True,1,
LOT-01828,SUP-B,B,RT-N08,False,INS-00,Wed,2026-06-05,,broker_memory,,,False,0,
LOT-01829,SUP-B,B,RT-N06,False,INS-05,Mon,2026-05-24,,broker_memory,,,False,0,
LOT-01830,SUP-B,B,RT-N09,False,INS-03,Fri,2026-06-22,2026-06-22T13:00,manual_scale,949.3,708.9,False,0,0.2532
LOT-01831,SUP-B,B,RT-N06,False,INS-03,Sat,2026-07-06,2026-07-06T13:00,manual_scale,872.9,594.6,True,1,0.3188
LOT-01832,SUP-B,B,RT-N04,False,INS-04,Thu,2026-06-07,2026-06-07T15:00,manual_scale,892.9,525.4,False,0,0.4116
LOT-01833,SUP-B,B,RT-N00,False,INS-04,Tue,2026-06-05,,broker_memory,,,True,1,
LOT-01834,SUP-B,B,RT-N02,False,INS-06,Wed,2026-07-27,,broker_memory,,,True,1,
LOT-01835,SUP-B,B,RT-N00,False,INS-07,Thu,2026-07-28,2026-07-28T12:00,manual_scale,1074.9,766.0,True,1,0.2874
LOT-01836,SUP-B,B,RT-N01,False,INS-06,Thu,2026-07-10,2026-07-10T12:00,manual_scale,1079.8,715.1,False,0,0.3377
LOT-01837,SUP-B,B,RT-N06,False,INS-03,Mon,2026-06-25,2026-06-25T08:00,manual_scale,803.6,636.3,True,1,0.2082
LOT-01838,SUP-B,B,RT-N00,False,INS-07,Thu,2026-06-20,2026-06-20T15:00,manual_scale,1020.3,722.2,False,0,0.2922
LOT-01839,SUP-B,B,RT-N05,False,INS-07,Mon,2026-08-07,,broker_memory,,,True,1,
LOT-01840,SUP-B,B,RT-N05,False,INS-00,Mon,2026-06-06,,broker_memory,,,True,1,
LOT-01841,SUP-B,B,RT-N08,False,INS-05,Tue,2026-08-08,2026-08-08T10:00,manual_scale,771.9,587.7,False,0,0.2386
LOT-01842,SUP-B,B,RT-N06,False,INS-05,Thu,2026-05-30,2026-05-30T15:00,manual_scale,1017.9,777.3,False,0,0.2364
LOT-01843,SUP-B,B,RT-C08,True,INS-01,Fri,2026-05-16,2026-05-16T17:00,scanner,956.8,515.3,True,1,0.4614
LOT-01844,SUP-B,B,RT-N00,False,INS-00,Wed,2026-06-18,,broker_memory,,,True,1,
LOT-01845,SUP-B,B,RT-N01,False,INS-03,Thu,2026-05-02,,broker_memory,,,False,0,
LOT-01846,SUP-B,B,RT-N03,False,INS-04,Tue,2026-05-10,2026-05-10T10:00,manual_scale,867.2,581.2,True,1,0.3298
LOT-01847,SUP-B,B,RT-N02,False,INS-06,Mon,2026-07-02,,broker_memory,,,True,1,
LOT-01848,SUP-B,B,RT-N09,False,INS-03,Fri,2026-07-29,,broker_memory,,,True,1,
LOT-01849,SUP-B,B,RT-N09,False,INS-07,Mon,2026-05-25,,broker_memory,,,True,1,
LOT-01850,SUP-B,B,RT-N06,False,INS-05,Thu,2026-05-04,2026-05-04T14:00,manual_scale,856.8,562.5,True,1,0.3435
LOT-01851,SUP-B,B,RT-N08,False,INS-04,Fri,2026-05-17,,broker_memory,,,True,1,
LOT-01852,SUP-B,B,RT-N05,False,INS-04,Mon,2026-05-12,2026-05-12T12:00,manual_scale,719.9,607.3,True,1,0.1564
LOT-01853,SUP-B,B,RT-N05,False,INS-03,Fri,2026-06-23,2026-06-23T07:00,manual_scale,1073.7,772.8,True,1,0.2802
LOT-01854,SUP-B,B,RT-N08,False,INS-05,Sat,2026-06-09,2026-06-09T19:00,manual_scale,1064.8,712.7,False,0,0.3307
LOT-01855,SUP-B,B,RT-N07,False,INS-03,Sat,2026-05-27,,broker_memory,,,True,1,
LOT-01856,SUP-B,B,RT-N03,False,INS-06,Sat,2026-07-11,,broker_memory,,,True,1,
LOT-01857,SUP-B,B,RT-N06,False,INS-02,Thu,2026-07-26,2026-07-26T14:00,manual_scale,1165.5,895.7,True,1,0.2315
LOT-01858,SUP-B,B,RT-N07,False,INS-02,Wed,2026-05-29,,broker_memory,,,False,0,
LOT-01859,SUP-B,B,RT-C06,True,INS-05,Mon,2026-08-02,2026-08-02T10:00,scanner,1016.6,776.7,False,0,0.236
LOT-01860,SUP-B,B,RT-N02,False,INS-00,Mon,2026-05-04,2026-05-04T14:00,manual_scale,952.7,718.6,False,0,0.2457
LOT-01861,SUP-B,B,RT-N00,False,INS-03,Tue,2026-06-10,2026-06-10T18:00,manual_scale,963.8,699.6,True,1,0.2741
LOT-01862,SUP-B,B,RT-N01,False,INS-03,Sat,2026-06-19,2026-06-19T17:00,manual_scale,769.9,497.1,True,1,0.3543
LOT-01863,SUP-B,B,RT-N01,False,INS-00,Fri,2026-06-26,,broker_memory,,,True,1,
LOT-01864,SUP-B,B,RT-N02,False,INS-04,Tue,2026-05-17,2026-05-17T07:00,manual_scale,989.6,678.2,True,1,0.3147
LOT-01865,SUP-B,B,RT-N05,False,INS-05,Tue,2026-05-19,,broker_memory,,,True,1,
LOT-01866,SUP-B,B,RT-N02,False,INS-06,Mon,2026-06-25,,broker_memory,,,False,0,
LOT-01867,SUP-B,B,RT-N06,False,INS-02,Fri,2026-05-07,,broker_memory,,,False,0,
LOT-01868,SUP-B,B,RT-N09,False,INS-01,Fri,2026-05-20,,broker_memory,,,False,0,
LOT-01869,SUP-B,B,RT-N04,False,INS-05,Wed,2026-05-09,,broker_memory,,,False,0,
LOT-01870,SUP-B,B,RT-N08,False,INS-05,Mon,2026-05-14,2026-05-14T09:00,manual_scale,936.7,661.1,False,0,0.2942
LOT-01871,SUP-B,B,RT-N06,False,INS-02,Wed,2026-06-02,,broker_memory,,,True,1,
LOT-01872,SUP-B,B,RT-N03,False,INS-05,Tue,2026-07-25,,broker_memory,,,True,1,
LOT-01873,SUP-B,B,RT-N08,False,INS-01,Fri,2026-06-15,2026-06-15T10:00,manual_scale,888.0,611.6,False,0,0.3113
LOT-01874,SUP-B,B,RT-N06,False,INS-05,Tue,2026-05-23,,broker_memory,,,True,1,
LOT-01875,SUP-B,B,RT-N05,False,INS-06,Tue,2026-07-30,2026-07-30T08:00,manual_scale,1059.1,741.6,True,1,0.2998
LOT-01876,SUP-B,B,RT-C00,True,INS-06,Fri,2026-06-20,2026-06-20T10:00,scanner,957.9,607.7,True,1,0.3656
LOT-01877,SUP-B,B,RT-N04,False,INS-02,Fri,2026-07-06,,broker_memory,,,True,1,
LOT-01878,SUP-B,B,RT-N04,False,INS-03,Sat,2026-06-25,,broker_memory,,,True,1,
LOT-01879,SUP-B,B,RT-N04,False,INS-01,Thu,2026-05-15,2026-05-15T07:00,manual_scale,882.9,523.4,True,1,0.4072
LOT-01880,SUP-B,B,RT-N09,False,INS-07,Fri,2026-05-20,2026-05-20T17:00,manual_scale,1003.3,629.7,True,1,0.3724
LOT-01881,SUP-B,B,RT-N02,False,INS-04,Mon,2026-07-13,2026-07-13T14:00,manual_scale,982.7,669.0,True,1,0.3192
LOT-01882,SUP-B,B,RT-N06,False,INS-06,Tue,2026-08-02,2026-08-02T18:00,manual_scale,915.0,735.1,True,1,0.1966
LOT-01883,SUP-B,B,RT-N06,False,INS-02,Tue,2026-05-09,,broker_memory,,,False,0,
LOT-01884,SUP-B,B,RT-N02,False,INS-02,Sat,2026-06-28,2026-06-28T12:00,manual_scale,944.4,604.1,True,1,0.3603
LOT-01885,SUP-B,B,RT-N03,False,INS-01,Wed,2026-07-18,,broker_memory,,,False,0,
LOT-01886,SUP-B,B,RT-N04,False,INS-03,Mon,2026-05-02,2026-05-02T06:00,manual_scale,866.5,561.6,True,1,0.3519
LOT-01887,SUP-B,B,RT-N05,False,INS-02,Sat,2026-05-27,,broker_memory,,,False,0,
LOT-01888,SUP-B,B,RT-C01,True,INS-04,Tue,2026-07-05,2026-07-05T14:00,scanner,970.5,722.2,True,1,0.2558
LOT-01889,SUP-B,B,RT-N09,False,INS-04,Wed,2026-07-18,,broker_memory,,,False,0,
LOT-01890,SUP-B,B,RT-N06,False,INS-05,Tue,2026-07-31,2026-07-31T09:00,manual_scale,1135.3,729.3,True,1,0.3576
LOT-01891,SUP-B,B,RT-N06,False,INS-07,Tue,2026-06-15,2026-06-15T08:00,manual_scale,1041.9,690.3,False,0,0.3375
LOT-01892,SUP-B,B,RT-N06,False,INS-00,Fri,2026-05-03,,broker_memory,,,True,1,
LOT-01893,SUP-B,B,RT-N00,False,INS-07,Mon,2026-05-02,2026-05-02T13:00,manual_scale,983.5,581.6,True,1,0.4086
LOT-01894,SUP-B,B,RT-N04,False,INS-05,Fri,2026-06-24,2026-06-24T07:00,manual_scale,952.8,653.4,False,0,0.3142
LOT-01895,SUP-B,B,RT-N09,False,INS-04,Sat,2026-05-08,,broker_memory,,,True,1,
LOT-01896,SUP-B,B,RT-C07,True,INS-00,Sat,2026-06-05,2026-06-05T06:00,scanner,918.8,688.2,True,1,0.251
LOT-01897,SUP-B,B,RT-C03,True,INS-02,Wed,2026-07-08,2026-07-08T15:00,scanner,883.2,641.7,True,1,0.2734
LOT-01898,SUP-B,B,RT-N01,False,INS-02,Fri,2026-05-08,2026-05-08T11:00,manual_scale,975.4,774.3,True,1,0.2062
LOT-01899,SUP-B,B,RT-N03,False,INS-01,Fri,2026-05-13,,broker_memory,,,True,1,
LOT-01900,SUP-B,B,RT-N03,False,INS-02,Wed,2026-06-10,,broker_memory,,,True,1,
LOT-01901,SUP-B,B,RT-N08,False,INS-01,Fri,2026-05-19,2026-05-19T10:00,manual_scale,1074.5,674.6,False,0,0.3722
LOT-01902,SUP-B,B,RT-N08,False,INS-02,Wed,2026-05-29,,broker_memory,,,True,1,
LOT-01903,SUP-B,B,RT-N05,False,INS-01,Fri,2026-07-21,,broker_memory,,,True,1,
LOT-01904,SUP-B,B,RT-N01,False,INS-02,Tue,2026-07-04,,broker_memory,,,True,1,
LOT-01905,SUP-B,B,RT-N06,False,INS-01,Wed,2026-05-01,2026-05-01T08:00,manual_scale,965.9,698.6,True,1,0.2767
LOT-01906,SUP-B,B,RT-N01,False,INS-03,Fri,2026-05-08,,broker_memory,,,False,0,
LOT-01907,SUP-B,B,RT-N00,False,INS-06,Fri,2026-05-23,2026-05-23T09:00,manual_scale,848.0,564.7,False,0,0.3341
LOT-01908,SUP-B,B,RT-N09,False,INS-05,Thu,2026-07-22,,broker_memory,,,True,1,
LOT-01909,SUP-B,B,RT-N04,False,INS-00,Thu,2026-06-27,2026-06-27T19:00,manual_scale,1129.2,689.3,False,0,0.3896
LOT-01910,SUP-B,B,RT-N09,False,INS-02,Sat,2026-07-08,2026-07-08T13:00,manual_scale,1087.8,757.6,False,0,0.3035
LOT-01911,SUP-B,B,RT-N07,False,INS-05,Mon,2026-06-16,,broker_memory,,,True,1,
LOT-01912,SUP-B,B,RT-C06,True,INS-06,Thu,2026-06-01,2026-06-01T09:00,scanner,999.5,628.9,True,1,0.3708
LOT-01913,SUP-B,B,RT-N09,False,INS-01,Tue,2026-05-09,,broker_memory,,,False,0,
LOT-01914,SUP-B,B,RT-N08,False,INS-03,Sat,2026-06-20,,broker_memory,,,True,1,
LOT-01915,SUP-B,B,RT-N05,False,INS-04,Fri,2026-05-16,,broker_memory,,,True,1,
LOT-01916,SUP-B,B,RT-N07,False,INS-00,Thu,2026-05-30,2026-05-30T13:00,manual_scale,989.1,678.6,True,1,0.3139
LOT-01917,SUP-B,B,RT-N03,False,INS-07,Thu,2026-07-19,2026-07-19T08:00,manual_scale,974.7,629.1,False,0,0.3546
LOT-01918,SUP-B,B,RT-N01,False,INS-01,Sat,2026-05-05,2026-05-05T08:00,manual_scale,1075.6,726.7,True,1,0.3244
LOT-01919,SUP-B,B,RT-N02,False,INS-03,Sat,2026-05-22,2026-05-22T17:00,manual_scale,937.8,686.2,True,1,0.2683
LOT-01920,SUP-B,B,RT-N01,False,INS-02,Wed,2026-06-08,2026-06-08T07:00,manual_scale,984.3,728.8,False,0,0.2596
LOT-01921,SUP-B,B,RT-N05,False,INS-06,Tue,2026-07-01,,broker_memory,,,False,0,
LOT-01922,SUP-B,B,RT-N03,False,INS-06,Thu,2026-05-04,2026-05-04T14:00,manual_scale,828.9,432.0,False,0,0.4788
LOT-01923,SUP-B,B,RT-N00,False,INS-01,Fri,2026-05-23,,broker_memory,,,True,1,
LOT-01924,SUP-B,B,RT-N06,False,INS-00,Tue,2026-06-03,2026-06-03T13:00,manual_scale,943.8,614.0,True,1,0.3494
LOT-01925,SUP-B,B,RT-N02,False,INS-02,Tue,2026-07-22,2026-07-22T11:00,manual_scale,883.5,741.0,True,1,0.1613
LOT-01926,SUP-B,B,RT-N03,False,INS-02,Sat,2026-05-17,2026-05-17T06:00,manual_scale,788.0,584.5,True,1,0.2582
LOT-01927,SUP-B,B,RT-N05,False,INS-01,Mon,2026-07-06,2026-07-06T19:00,manual_scale,853.5,578.1,False,0,0.3227
LOT-01928,SUP-B,B,RT-C03,True,INS-00,Fri,2026-07-18,2026-07-18T08:00,scanner,1145.5,779.4,True,1,0.3196
LOT-01929,SUP-B,B,RT-C05,True,INS-03,Mon,2026-06-11,2026-06-11T15:00,scanner,955.1,666.1,True,1,0.3026
LOT-01930,SUP-B,B,RT-N00,False,INS-00,Fri,2026-07-08,2026-07-08T13:00,manual_scale,932.6,607.6,True,1,0.3485
LOT-01931,SUP-B,B,RT-N00,False,INS-03,Mon,2026-06-07,2026-06-07T10:00,manual_scale,911.2,686.6,False,0,0.2465
LOT-01932,SUP-B,B,RT-N01,False,INS-07,Wed,2026-05-16,2026-05-16T10:00,manual_scale,966.9,585.3,True,1,0.3947
LOT-01933,SUP-B,B,RT-N00,False,INS-05,Sat,2026-06-21,2026-06-21T18:00,manual_scale,792.9,585.1,True,1,0.2621
LOT-01934,SUP-B,B,RT-N03,False,INS-06,Fri,2026-05-11,,broker_memory,,,False,0,
LOT-01935,SUP-B,B,RT-C01,True,INS-02,Wed,2026-05-21,2026-05-21T14:00,scanner,892.2,570.1,True,1,0.361
LOT-01936,SUP-B,B,RT-N00,False,INS-06,Tue,2026-06-06,,broker_memory,,,True,1,
LOT-01937,SUP-B,B,RT-N03,False,INS-00,Wed,2026-05-30,,broker_memory,,,True,1,
LOT-01938,SUP-B,B,RT-N03,False,INS-06,Wed,2026-06-06,2026-06-06T10:00,manual_scale,981.2,636.0,True,1,0.3518
LOT-01939,SUP-B,B,RT-N03,False,INS-03,Sat,2026-07-08,2026-07-08T06:00,manual_scale,1010.9,686.9,True,1,0.3205
LOT-01940,SUP-B,B,RT-N02,False,INS-05,Wed,2026-05-29,,broker_memory,,,True,1,
LOT-01941,SUP-B,B,RT-N01,False,INS-03,Sat,2026-06-02,2026-06-02T18:00,manual_scale,1083.2,829.1,False,0,0.2346
LOT-01942,SUP-B,B,RT-N08,False,INS-03,Sat,2026-07-25,2026-07-25T12:00,manual_scale,946.8,579.2,False,0,0.3883
LOT-01943,SUP-B,B,RT-C06,True,INS-02,Tue,2026-08-08,2026-08-08T10:00,scanner,1048.1,683.3,True,1,0.3481
LOT-01944,SUP-B,B,RT-N06,False,INS-02,Thu,2026-08-06,2026-08-06T07:00,manual_scale,873.7,657.4,True,1,0.2476
LOT-01945,SUP-B,B,RT-N00,False,INS-04,Wed,2026-05-02,,broker_memory,,,True,1,
LOT-01946,SUP-B,B,RT-N07,False,INS-01,Fri,2026-08-03,,broker_memory,,,True,1,
LOT-01947,SUP-B,B,RT-N04,False,INS-07,Wed,2026-05-01,,broker_memory,,,True,1,
LOT-01948,SUP-B,B,RT-C09,True,INS-02,Fri,2026-06-24,2026-06-24T07:00,scanner,1035.7,706.2,True,1,0.3181
LOT-01949,SUP-B,B,RT-C01,True,INS-07,Mon,2026-05-21,2026-05-21T18:00,scanner,1119.1,795.2,True,1,0.2894
LOT-01950,SUP-B,B,RT-N03,False,INS-03,Thu,2026-06-07,,broker_memory,,,True,1,
LOT-01951,SUP-B,B,RT-C02,True,INS-07,Fri,2026-05-11,2026-05-11T13:00,scanner,936.5,592.9,True,1,0.3669
LOT-01952,SUP-B,B,RT-N05,False,INS-03,Thu,2026-05-30,2026-05-30T18:00,manual_scale,938.5,660.4,False,0,0.2963
LOT-01953,SUP-B,B,RT-C03,True,INS-04,Sat,2026-06-17,2026-06-17T18:00,scanner,809.5,533.0,True,1,0.3416
LOT-01954,SUP-B,B,RT-N02,False,INS-04,Sat,2026-06-02,2026-06-02T14:00,manual_scale,1242.0,1068.2,True,1,0.1399
LOT-01955,SUP-B,B,RT-N04,False,INS-02,Tue,2026-07-25,,broker_memory,,,True,1,
LOT-01956,SUP-B,B,RT-C03,True,INS-05,Thu,2026-07-06,2026-07-06T17:00,scanner,1005.4,641.3,True,1,0.3621
LOT-01957,SUP-B,B,RT-N04,False,INS-01,Wed,2026-07-22,2026-07-22T18:00,manual_scale,1128.7,663.6,True,1,0.4121
LOT-01958,SUP-B,B,RT-N04,False,INS-01,Tue,2026-05-23,2026-05-23T19:00,manual_scale,896.3,595.3,True,1,0.3358
LOT-01959,SUP-B,B,RT-N00,False,INS-02,Thu,2026-07-13,2026-07-13T10:00,manual_scale,871.1,567.5,False,0,0.3485
LOT-01960,SUP-B,B,RT-N08,False,INS-03,Sat,2026-08-01,2026-08-01T06:00,manual_scale,951.9,667.0,False,0,0.2993
LOT-01961,SUP-B,B,RT-N00,False,INS-02,Fri,2026-05-26,,broker_memory,,,True,1,
LOT-01962,SUP-B,B,RT-N01,False,INS-05,Thu,2026-07-31,,broker_memory,,,True,1,
LOT-01963,SUP-B,B,RT-N09,False,INS-01,Sat,2026-08-05,2026-08-05T10:00,manual_scale,1035.7,700.7,True,1,0.3235
LOT-01964,SUP-B,B,RT-N03,False,INS-02,Wed,2026-06-25,,broker_memory,,,True,1,
LOT-01965,SUP-B,B,RT-N00,False,INS-00,Wed,2026-05-16,,broker_memory,,,True,1,
LOT-01966,SUP-B,B,RT-N09,False,INS-05,Fri,2026-07-03,,broker_memory,,,True,1,
LOT-01967,SUP-B,B,RT-N07,False,INS-05,Fri,2026-07-13,,broker_memory,,,True,1,
LOT-01968,SUP-B,B,RT-N07,False,INS-07,Wed,2026-07-20,2026-07-20T18:00,manual_scale,1012.3,722.4,True,1,0.2864
LOT-01969,SUP-B,B,RT-N04,False,INS-05,Sat,2026-05-08,,broker_memory,,,True,1,
LOT-01970,SUP-B,B,RT-N02,False,INS-04,Thu,2026-07-28,,broker_memory,,,True,1,
LOT-01971,SUP-B,B,RT-N07,False,INS-06,Wed,2026-07-05,2026-07-05T06:00,manual_scale,854.2,593.9,True,1,0.3047
LOT-01972,SUP-B,B,RT-N05,False,INS-03,Mon,2026-08-07,,broker_memory,,,False,0,
LOT-01973,SUP-B,B,RT-N09,False,INS-06,Mon,2026-06-30,2026-06-30T07:00,manual_scale,811.1,625.8,True,1,0.2285
LOT-01974,SUP-B,B,RT-N03,False,INS-06,Tue,2026-05-02,,broker_memory,,,True,1,
LOT-01975,SUP-B,B,RT-N03,False,INS-05,Mon,2026-05-04,2026-05-04T08:00,manual_scale,866.7,561.6,True,1,0.352
LOT-01976,SUP-B,B,RT-N05,False,INS-02,Sat,2026-05-25,,broker_memory,,,True,1,
LOT-01977,SUP-B,B,RT-C09,True,INS-07,Tue,2026-07-07,2026-07-07T18:00,scanner,889.8,532.1,True,1,0.402
LOT-01978,SUP-B,B,RT-N02,False,INS-06,Sat,2026-07-25,2026-07-25T12:00,manual_scale,1028.1,734.9,False,0,0.2852
LOT-01979,SUP-B,B,RT-N04,False,INS-03,Fri,2026-05-27,2026-05-27T17:00,manual_scale,955.5,660.4,True,1,0.3088
LOT-01980,SUP-B,B,RT-N01,False,INS-01,Wed,2026-06-09,2026-06-09T07:00,manual_scale,933.8,666.2,False,0,0.2866
LOT-01981,SUP-B,B,RT-N03,False,INS-07,Thu,2026-07-13,2026-07-13T19:00,manual_scale,1125.3,774.3,True,1,0.3119
LOT-01982,SUP-B,B,RT-N09,False,INS-04,Fri,2026-05-01,2026-05-01T06:00,manual_scale,1039.3,743.4,True,1,0.2847
LOT-01983,SUP-B,B,RT-N09,False,INS-01,Mon,2026-06-23,2026-06-23T14:00,manual_scale,877.3,693.0,True,1,0.2101
LOT-01984,SUP-B,B,RT-N02,False,INS-05,Thu,2026-05-31,,broker_memory,,,True,1,
LOT-01985,SUP-B,B,RT-N07,False,INS-01,Mon,2026-07-30,,broker_memory,,,True,1,
LOT-01986,SUP-B,B,RT-N09,False,INS-04,Wed,2026-06-20,2026-06-20T10:00,manual_scale,1100.6,667.1,False,0,0.3939
LOT-01987,SUP-B,B,RT-C01,True,INS-06,Mon,2026-07-23,2026-07-23T13:00,scanner,933.0,765.1,True,1,0.18
LOT-01988,SUP-B,B,RT-N05,False,INS-00,Thu,2026-05-04,,broker_memory,,,True,1,
LOT-01989,SUP-B,B,RT-N00,False,INS-06,Fri,2026-05-25,,broker_memory,,,True,1,
LOT-01990,SUP-B,B,RT-N03,False,INS-05,Mon,2026-06-13,,broker_memory,,,False,0,
LOT-01991,SUP-B,B,RT-N04,False,INS-05,Thu,2026-07-02,2026-07-02T11:00,manual_scale,794.1,545.6,True,1,0.3129
LOT-01992,SUP-B,B,RT-N05,False,INS-07,Mon,2026-07-08,2026-07-08T12:00,manual_scale,1113.4,775.1,True,1,0.3038
LOT-01993,SUP-B,B,RT-C06,True,INS-07,Mon,2026-06-05,2026-06-05T13:00,scanner,1048.8,706.9,True,1,0.326
LOT-01994,SUP-B,B,RT-N07,False,INS-01,Tue,2026-08-01,2026-08-01T14:00,manual_scale,843.9,636.3,True,1,0.246
LOT-01995,SUP-B,B,RT-N05,False,INS-05,Sat,2026-05-12,2026-05-12T19:00,manual_scale,954.7,653.9,True,1,0.3151
LOT-01996,SUP-B,B,RT-C07,True,INS-02,Tue,2026-06-23,2026-06-23T15:00,scanner,984.1,675.2,True,1,0.3139
LOT-01997,SUP-B,B,RT-C02,True,INS-07,Sat,2026-07-02,2026-07-02T13:00,scanner,1069.5,764.6,True,1,0.2851
LOT-01998,SUP-B,B,RT-N04,False,INS-00,Mon,2026-05-01,,broker_memory,,,False,0,
LOT-01999,SUP-B,B,RT-N04,False,INS-04,Thu,2026-06-17,,broker_memory,,,True,1,
LOT-02000,SUP-B,B,RT-N00,False,INS-05,Tue,2026-07-05,,broker_memory,,,True,1,
